feature,label,boundary
./dataset/Breakfast/features_average/P16_cam01_P16_cereals.npy,./dataset/Breakfast/gt_arr/P16_cam01_P16_cereals.npy,./dataset/Breakfast/gt_boundary_arr/P16_cam01_P16_cereals.npy
./dataset/Breakfast/features_average/P16_cam01_P16_friedegg.npy,./dataset/Breakfast/gt_arr/P16_cam01_P16_friedegg.npy,./dataset/Breakfast/gt_boundary_arr/P16_cam01_P16_friedegg.npy
./dataset/Breakfast/features_average/P16_cam01_P16_juice.npy,./dataset/Breakfast/gt_arr/P16_cam01_P16_juice.npy,./dataset/Breakfast/gt_boundary_arr/P16_cam01_P16_juice.npy
./dataset/Breakfast/features_average/P16_cam01_P16_milk.npy,./dataset/Breakfast/gt_arr/P16_cam01_P16_milk.npy,./dataset/Breakfast/gt_boundary_arr/P16_cam01_P16_milk.npy
./dataset/Breakfast/features_average/P16_cam01_P16_pancake.npy,./dataset/Breakfast/gt_arr/P16_cam01_P16_pancake.npy,./dataset/Breakfast/gt_boundary_arr/P16_cam01_P16_pancake.npy
./dataset/Breakfast/features_average/P16_cam01_P16_salat.npy,./dataset/Breakfast/gt_arr/P16_cam01_P16_salat.npy,./dataset/Breakfast/gt_boundary_arr/P16_cam01_P16_salat.npy
./dataset/Breakfast/features_average/P16_cam01_P16_sandwich.npy,./dataset/Breakfast/gt_arr/P16_cam01_P16_sandwich.npy,./dataset/Breakfast/gt_boundary_arr/P16_cam01_P16_sandwich.npy
./dataset/Breakfast/features_average/P16_cam01_P16_tea.npy,./dataset/Breakfast/gt_arr/P16_cam01_P16_tea.npy,./dataset/Breakfast/gt_boundary_arr/P16_cam01_P16_tea.npy
./dataset/Breakfast/features_average/P16_stereo01_P16_cereals.npy,./dataset/Breakfast/gt_arr/P16_stereo01_P16_cereals.npy,./dataset/Breakfast/gt_boundary_arr/P16_stereo01_P16_cereals.npy
./dataset/Breakfast/features_average/P16_stereo01_P16_friedegg.npy,./dataset/Breakfast/gt_arr/P16_stereo01_P16_friedegg.npy,./dataset/Breakfast/gt_boundary_arr/P16_stereo01_P16_friedegg.npy
./dataset/Breakfast/features_average/P16_stereo01_P16_juice.npy,./dataset/Breakfast/gt_arr/P16_stereo01_P16_juice.npy,./dataset/Breakfast/gt_boundary_arr/P16_stereo01_P16_juice.npy
./dataset/Breakfast/features_average/P16_stereo01_P16_milk.npy,./dataset/Breakfast/gt_arr/P16_stereo01_P16_milk.npy,./dataset/Breakfast/gt_boundary_arr/P16_stereo01_P16_milk.npy
./dataset/Breakfast/features_average/P16_stereo01_P16_pancake.npy,./dataset/Breakfast/gt_arr/P16_stereo01_P16_pancake.npy,./dataset/Breakfast/gt_boundary_arr/P16_stereo01_P16_pancake.npy
./dataset/Breakfast/features_average/P16_stereo01_P16_salat.npy,./dataset/Breakfast/gt_arr/P16_stereo01_P16_salat.npy,./dataset/Breakfast/gt_boundary_arr/P16_stereo01_P16_salat.npy
./dataset/Breakfast/features_average/P16_stereo01_P16_sandwich.npy,./dataset/Breakfast/gt_arr/P16_stereo01_P16_sandwich.npy,./dataset/Breakfast/gt_boundary_arr/P16_stereo01_P16_sandwich.npy
./dataset/Breakfast/features_average/P16_stereo01_P16_scrambledegg.npy,./dataset/Breakfast/gt_arr/P16_stereo01_P16_scrambledegg.npy,./dataset/Breakfast/gt_boundary_arr/P16_stereo01_P16_scrambledegg.npy
./dataset/Breakfast/features_average/P16_stereo01_P16_tea.npy,./dataset/Breakfast/gt_arr/P16_stereo01_P16_tea.npy,./dataset/Breakfast/gt_boundary_arr/P16_stereo01_P16_tea.npy
./dataset/Breakfast/features_average/P16_webcam01_P16_cereals.npy,./dataset/Breakfast/gt_arr/P16_webcam01_P16_cereals.npy,./dataset/Breakfast/gt_boundary_arr/P16_webcam01_P16_cereals.npy
./dataset/Breakfast/features_average/P16_webcam01_P16_juice.npy,./dataset/Breakfast/gt_arr/P16_webcam01_P16_juice.npy,./dataset/Breakfast/gt_boundary_arr/P16_webcam01_P16_juice.npy
./dataset/Breakfast/features_average/P16_webcam01_P16_milk.npy,./dataset/Breakfast/gt_arr/P16_webcam01_P16_milk.npy,./dataset/Breakfast/gt_boundary_arr/P16_webcam01_P16_milk.npy
./dataset/Breakfast/features_average/P16_webcam01_P16_pancake.npy,./dataset/Breakfast/gt_arr/P16_webcam01_P16_pancake.npy,./dataset/Breakfast/gt_boundary_arr/P16_webcam01_P16_pancake.npy
./dataset/Breakfast/features_average/P16_webcam01_P16_salat.npy,./dataset/Breakfast/gt_arr/P16_webcam01_P16_salat.npy,./dataset/Breakfast/gt_boundary_arr/P16_webcam01_P16_salat.npy
./dataset/Breakfast/features_average/P16_webcam01_P16_sandwich.npy,./dataset/Breakfast/gt_arr/P16_webcam01_P16_sandwich.npy,./dataset/Breakfast/gt_boundary_arr/P16_webcam01_P16_sandwich.npy
./dataset/Breakfast/features_average/P16_webcam01_P16_scrambledegg.npy,./dataset/Breakfast/gt_arr/P16_webcam01_P16_scrambledegg.npy,./dataset/Breakfast/gt_boundary_arr/P16_webcam01_P16_scrambledegg.npy
./dataset/Breakfast/features_average/P16_webcam01_P16_tea.npy,./dataset/Breakfast/gt_arr/P16_webcam01_P16_tea.npy,./dataset/Breakfast/gt_boundary_arr/P16_webcam01_P16_tea.npy
./dataset/Breakfast/features_average/P16_webcam02_P16_cereals.npy,./dataset/Breakfast/gt_arr/P16_webcam02_P16_cereals.npy,./dataset/Breakfast/gt_boundary_arr/P16_webcam02_P16_cereals.npy
./dataset/Breakfast/features_average/P16_webcam02_P16_coffee.npy,./dataset/Breakfast/gt_arr/P16_webcam02_P16_coffee.npy,./dataset/Breakfast/gt_boundary_arr/P16_webcam02_P16_coffee.npy
./dataset/Breakfast/features_average/P16_webcam02_P16_juice.npy,./dataset/Breakfast/gt_arr/P16_webcam02_P16_juice.npy,./dataset/Breakfast/gt_boundary_arr/P16_webcam02_P16_juice.npy
./dataset/Breakfast/features_average/P16_webcam02_P16_milk.npy,./dataset/Breakfast/gt_arr/P16_webcam02_P16_milk.npy,./dataset/Breakfast/gt_boundary_arr/P16_webcam02_P16_milk.npy
./dataset/Breakfast/features_average/P16_webcam02_P16_pancake.npy,./dataset/Breakfast/gt_arr/P16_webcam02_P16_pancake.npy,./dataset/Breakfast/gt_boundary_arr/P16_webcam02_P16_pancake.npy
./dataset/Breakfast/features_average/P16_webcam02_P16_salat.npy,./dataset/Breakfast/gt_arr/P16_webcam02_P16_salat.npy,./dataset/Breakfast/gt_boundary_arr/P16_webcam02_P16_salat.npy
./dataset/Breakfast/features_average/P16_webcam02_P16_sandwich.npy,./dataset/Breakfast/gt_arr/P16_webcam02_P16_sandwich.npy,./dataset/Breakfast/gt_boundary_arr/P16_webcam02_P16_sandwich.npy
./dataset/Breakfast/features_average/P16_webcam02_P16_scrambledegg.npy,./dataset/Breakfast/gt_arr/P16_webcam02_P16_scrambledegg.npy,./dataset/Breakfast/gt_boundary_arr/P16_webcam02_P16_scrambledegg.npy
./dataset/Breakfast/features_average/P16_webcam02_P16_tea.npy,./dataset/Breakfast/gt_arr/P16_webcam02_P16_tea.npy,./dataset/Breakfast/gt_boundary_arr/P16_webcam02_P16_tea.npy
./dataset/Breakfast/features_average/P17_cam01_P17_cereals.npy,./dataset/Breakfast/gt_arr/P17_cam01_P17_cereals.npy,./dataset/Breakfast/gt_boundary_arr/P17_cam01_P17_cereals.npy
./dataset/Breakfast/features_average/P17_cam01_P17_coffee.npy,./dataset/Breakfast/gt_arr/P17_cam01_P17_coffee.npy,./dataset/Breakfast/gt_boundary_arr/P17_cam01_P17_coffee.npy
./dataset/Breakfast/features_average/P17_cam01_P17_juice.npy,./dataset/Breakfast/gt_arr/P17_cam01_P17_juice.npy,./dataset/Breakfast/gt_boundary_arr/P17_cam01_P17_juice.npy
./dataset/Breakfast/features_average/P17_cam01_P17_milk.npy,./dataset/Breakfast/gt_arr/P17_cam01_P17_milk.npy,./dataset/Breakfast/gt_boundary_arr/P17_cam01_P17_milk.npy
./dataset/Breakfast/features_average/P17_cam01_P17_pancake.npy,./dataset/Breakfast/gt_arr/P17_cam01_P17_pancake.npy,./dataset/Breakfast/gt_boundary_arr/P17_cam01_P17_pancake.npy
./dataset/Breakfast/features_average/P17_cam01_P17_salat.npy,./dataset/Breakfast/gt_arr/P17_cam01_P17_salat.npy,./dataset/Breakfast/gt_boundary_arr/P17_cam01_P17_salat.npy
./dataset/Breakfast/features_average/P17_cam01_P17_sandwich.npy,./dataset/Breakfast/gt_arr/P17_cam01_P17_sandwich.npy,./dataset/Breakfast/gt_boundary_arr/P17_cam01_P17_sandwich.npy
./dataset/Breakfast/features_average/P17_cam01_P17_tea.npy,./dataset/Breakfast/gt_arr/P17_cam01_P17_tea.npy,./dataset/Breakfast/gt_boundary_arr/P17_cam01_P17_tea.npy
./dataset/Breakfast/features_average/P17_stereo01_P17_cereals.npy,./dataset/Breakfast/gt_arr/P17_stereo01_P17_cereals.npy,./dataset/Breakfast/gt_boundary_arr/P17_stereo01_P17_cereals.npy
./dataset/Breakfast/features_average/P17_stereo01_P17_coffee.npy,./dataset/Breakfast/gt_arr/P17_stereo01_P17_coffee.npy,./dataset/Breakfast/gt_boundary_arr/P17_stereo01_P17_coffee.npy
./dataset/Breakfast/features_average/P17_stereo01_P17_friedegg.npy,./dataset/Breakfast/gt_arr/P17_stereo01_P17_friedegg.npy,./dataset/Breakfast/gt_boundary_arr/P17_stereo01_P17_friedegg.npy
./dataset/Breakfast/features_average/P17_stereo01_P17_milk.npy,./dataset/Breakfast/gt_arr/P17_stereo01_P17_milk.npy,./dataset/Breakfast/gt_boundary_arr/P17_stereo01_P17_milk.npy
./dataset/Breakfast/features_average/P17_stereo01_P17_pancake.npy,./dataset/Breakfast/gt_arr/P17_stereo01_P17_pancake.npy,./dataset/Breakfast/gt_boundary_arr/P17_stereo01_P17_pancake.npy
./dataset/Breakfast/features_average/P17_stereo01_P17_salat.npy,./dataset/Breakfast/gt_arr/P17_stereo01_P17_salat.npy,./dataset/Breakfast/gt_boundary_arr/P17_stereo01_P17_salat.npy
./dataset/Breakfast/features_average/P17_stereo01_P17_tea.npy,./dataset/Breakfast/gt_arr/P17_stereo01_P17_tea.npy,./dataset/Breakfast/gt_boundary_arr/P17_stereo01_P17_tea.npy
./dataset/Breakfast/features_average/P17_webcam01_P17_cereals.npy,./dataset/Breakfast/gt_arr/P17_webcam01_P17_cereals.npy,./dataset/Breakfast/gt_boundary_arr/P17_webcam01_P17_cereals.npy
./dataset/Breakfast/features_average/P17_webcam01_P17_coffee.npy,./dataset/Breakfast/gt_arr/P17_webcam01_P17_coffee.npy,./dataset/Breakfast/gt_boundary_arr/P17_webcam01_P17_coffee.npy
./dataset/Breakfast/features_average/P17_webcam01_P17_friedegg.npy,./dataset/Breakfast/gt_arr/P17_webcam01_P17_friedegg.npy,./dataset/Breakfast/gt_boundary_arr/P17_webcam01_P17_friedegg.npy
./dataset/Breakfast/features_average/P17_webcam01_P17_juice.npy,./dataset/Breakfast/gt_arr/P17_webcam01_P17_juice.npy,./dataset/Breakfast/gt_boundary_arr/P17_webcam01_P17_juice.npy
./dataset/Breakfast/features_average/P17_webcam01_P17_milk.npy,./dataset/Breakfast/gt_arr/P17_webcam01_P17_milk.npy,./dataset/Breakfast/gt_boundary_arr/P17_webcam01_P17_milk.npy
./dataset/Breakfast/features_average/P17_webcam01_P17_scrambledegg.npy,./dataset/Breakfast/gt_arr/P17_webcam01_P17_scrambledegg.npy,./dataset/Breakfast/gt_boundary_arr/P17_webcam01_P17_scrambledegg.npy
./dataset/Breakfast/features_average/P17_webcam01_P17_tea.npy,./dataset/Breakfast/gt_arr/P17_webcam01_P17_tea.npy,./dataset/Breakfast/gt_boundary_arr/P17_webcam01_P17_tea.npy
./dataset/Breakfast/features_average/P17_webcam02_P17_cereals.npy,./dataset/Breakfast/gt_arr/P17_webcam02_P17_cereals.npy,./dataset/Breakfast/gt_boundary_arr/P17_webcam02_P17_cereals.npy
./dataset/Breakfast/features_average/P17_webcam02_P17_coffee.npy,./dataset/Breakfast/gt_arr/P17_webcam02_P17_coffee.npy,./dataset/Breakfast/gt_boundary_arr/P17_webcam02_P17_coffee.npy
./dataset/Breakfast/features_average/P17_webcam02_P17_friedegg.npy,./dataset/Breakfast/gt_arr/P17_webcam02_P17_friedegg.npy,./dataset/Breakfast/gt_boundary_arr/P17_webcam02_P17_friedegg.npy
./dataset/Breakfast/features_average/P17_webcam02_P17_juice.npy,./dataset/Breakfast/gt_arr/P17_webcam02_P17_juice.npy,./dataset/Breakfast/gt_boundary_arr/P17_webcam02_P17_juice.npy
./dataset/Breakfast/features_average/P17_webcam02_P17_milk.npy,./dataset/Breakfast/gt_arr/P17_webcam02_P17_milk.npy,./dataset/Breakfast/gt_boundary_arr/P17_webcam02_P17_milk.npy
./dataset/Breakfast/features_average/P17_webcam02_P17_pancake.npy,./dataset/Breakfast/gt_arr/P17_webcam02_P17_pancake.npy,./dataset/Breakfast/gt_boundary_arr/P17_webcam02_P17_pancake.npy
./dataset/Breakfast/features_average/P17_webcam02_P17_salat.npy,./dataset/Breakfast/gt_arr/P17_webcam02_P17_salat.npy,./dataset/Breakfast/gt_boundary_arr/P17_webcam02_P17_salat.npy
./dataset/Breakfast/features_average/P17_webcam02_P17_tea.npy,./dataset/Breakfast/gt_arr/P17_webcam02_P17_tea.npy,./dataset/Breakfast/gt_boundary_arr/P17_webcam02_P17_tea.npy
./dataset/Breakfast/features_average/P18_cam01_P18_cereals.npy,./dataset/Breakfast/gt_arr/P18_cam01_P18_cereals.npy,./dataset/Breakfast/gt_boundary_arr/P18_cam01_P18_cereals.npy
./dataset/Breakfast/features_average/P18_cam01_P18_coffee.npy,./dataset/Breakfast/gt_arr/P18_cam01_P18_coffee.npy,./dataset/Breakfast/gt_boundary_arr/P18_cam01_P18_coffee.npy
./dataset/Breakfast/features_average/P18_cam01_P18_friedegg.npy,./dataset/Breakfast/gt_arr/P18_cam01_P18_friedegg.npy,./dataset/Breakfast/gt_boundary_arr/P18_cam01_P18_friedegg.npy
./dataset/Breakfast/features_average/P18_cam01_P18_juice.npy,./dataset/Breakfast/gt_arr/P18_cam01_P18_juice.npy,./dataset/Breakfast/gt_boundary_arr/P18_cam01_P18_juice.npy
./dataset/Breakfast/features_average/P18_cam01_P18_milk.npy,./dataset/Breakfast/gt_arr/P18_cam01_P18_milk.npy,./dataset/Breakfast/gt_boundary_arr/P18_cam01_P18_milk.npy
./dataset/Breakfast/features_average/P18_cam01_P18_pancake.npy,./dataset/Breakfast/gt_arr/P18_cam01_P18_pancake.npy,./dataset/Breakfast/gt_boundary_arr/P18_cam01_P18_pancake.npy
./dataset/Breakfast/features_average/P18_cam01_P18_sandwich.npy,./dataset/Breakfast/gt_arr/P18_cam01_P18_sandwich.npy,./dataset/Breakfast/gt_boundary_arr/P18_cam01_P18_sandwich.npy
./dataset/Breakfast/features_average/P18_cam01_P18_scrambledegg.npy,./dataset/Breakfast/gt_arr/P18_cam01_P18_scrambledegg.npy,./dataset/Breakfast/gt_boundary_arr/P18_cam01_P18_scrambledegg.npy
./dataset/Breakfast/features_average/P18_stereo01_P18_cereals.npy,./dataset/Breakfast/gt_arr/P18_stereo01_P18_cereals.npy,./dataset/Breakfast/gt_boundary_arr/P18_stereo01_P18_cereals.npy
./dataset/Breakfast/features_average/P18_stereo01_P18_coffee.npy,./dataset/Breakfast/gt_arr/P18_stereo01_P18_coffee.npy,./dataset/Breakfast/gt_boundary_arr/P18_stereo01_P18_coffee.npy
./dataset/Breakfast/features_average/P18_stereo01_P18_milk.npy,./dataset/Breakfast/gt_arr/P18_stereo01_P18_milk.npy,./dataset/Breakfast/gt_boundary_arr/P18_stereo01_P18_milk.npy
./dataset/Breakfast/features_average/P18_stereo01_P18_tea.npy,./dataset/Breakfast/gt_arr/P18_stereo01_P18_tea.npy,./dataset/Breakfast/gt_boundary_arr/P18_stereo01_P18_tea.npy
./dataset/Breakfast/features_average/P18_webcam01_P18_cereals.npy,./dataset/Breakfast/gt_arr/P18_webcam01_P18_cereals.npy,./dataset/Breakfast/gt_boundary_arr/P18_webcam01_P18_cereals.npy
./dataset/Breakfast/features_average/P18_webcam01_P18_coffee.npy,./dataset/Breakfast/gt_arr/P18_webcam01_P18_coffee.npy,./dataset/Breakfast/gt_boundary_arr/P18_webcam01_P18_coffee.npy
./dataset/Breakfast/features_average/P18_webcam01_P18_friedegg.npy,./dataset/Breakfast/gt_arr/P18_webcam01_P18_friedegg.npy,./dataset/Breakfast/gt_boundary_arr/P18_webcam01_P18_friedegg.npy
./dataset/Breakfast/features_average/P18_webcam01_P18_juice.npy,./dataset/Breakfast/gt_arr/P18_webcam01_P18_juice.npy,./dataset/Breakfast/gt_boundary_arr/P18_webcam01_P18_juice.npy
./dataset/Breakfast/features_average/P18_webcam01_P18_milk.npy,./dataset/Breakfast/gt_arr/P18_webcam01_P18_milk.npy,./dataset/Breakfast/gt_boundary_arr/P18_webcam01_P18_milk.npy
./dataset/Breakfast/features_average/P18_webcam01_P18_salat.npy,./dataset/Breakfast/gt_arr/P18_webcam01_P18_salat.npy,./dataset/Breakfast/gt_boundary_arr/P18_webcam01_P18_salat.npy
./dataset/Breakfast/features_average/P18_webcam01_P18_sandwich.npy,./dataset/Breakfast/gt_arr/P18_webcam01_P18_sandwich.npy,./dataset/Breakfast/gt_boundary_arr/P18_webcam01_P18_sandwich.npy
./dataset/Breakfast/features_average/P18_webcam01_P18_scrambledegg.npy,./dataset/Breakfast/gt_arr/P18_webcam01_P18_scrambledegg.npy,./dataset/Breakfast/gt_boundary_arr/P18_webcam01_P18_scrambledegg.npy
./dataset/Breakfast/features_average/P18_webcam01_P18_tea.npy,./dataset/Breakfast/gt_arr/P18_webcam01_P18_tea.npy,./dataset/Breakfast/gt_boundary_arr/P18_webcam01_P18_tea.npy
./dataset/Breakfast/features_average/P18_webcam02_P18_cereals.npy,./dataset/Breakfast/gt_arr/P18_webcam02_P18_cereals.npy,./dataset/Breakfast/gt_boundary_arr/P18_webcam02_P18_cereals.npy
./dataset/Breakfast/features_average/P18_webcam02_P18_coffee.npy,./dataset/Breakfast/gt_arr/P18_webcam02_P18_coffee.npy,./dataset/Breakfast/gt_boundary_arr/P18_webcam02_P18_coffee.npy
./dataset/Breakfast/features_average/P18_webcam02_P18_friedegg.npy,./dataset/Breakfast/gt_arr/P18_webcam02_P18_friedegg.npy,./dataset/Breakfast/gt_boundary_arr/P18_webcam02_P18_friedegg.npy
./dataset/Breakfast/features_average/P18_webcam02_P18_juice.npy,./dataset/Breakfast/gt_arr/P18_webcam02_P18_juice.npy,./dataset/Breakfast/gt_boundary_arr/P18_webcam02_P18_juice.npy
./dataset/Breakfast/features_average/P18_webcam02_P18_milk.npy,./dataset/Breakfast/gt_arr/P18_webcam02_P18_milk.npy,./dataset/Breakfast/gt_boundary_arr/P18_webcam02_P18_milk.npy
./dataset/Breakfast/features_average/P18_webcam02_P18_salat.npy,./dataset/Breakfast/gt_arr/P18_webcam02_P18_salat.npy,./dataset/Breakfast/gt_boundary_arr/P18_webcam02_P18_salat.npy
./dataset/Breakfast/features_average/P18_webcam02_P18_sandwich.npy,./dataset/Breakfast/gt_arr/P18_webcam02_P18_sandwich.npy,./dataset/Breakfast/gt_boundary_arr/P18_webcam02_P18_sandwich.npy
./dataset/Breakfast/features_average/P18_webcam02_P18_scrambledegg.npy,./dataset/Breakfast/gt_arr/P18_webcam02_P18_scrambledegg.npy,./dataset/Breakfast/gt_boundary_arr/P18_webcam02_P18_scrambledegg.npy
./dataset/Breakfast/features_average/P18_webcam02_P18_tea.npy,./dataset/Breakfast/gt_arr/P18_webcam02_P18_tea.npy,./dataset/Breakfast/gt_boundary_arr/P18_webcam02_P18_tea.npy
./dataset/Breakfast/features_average/P19_cam01_P19_cereals.npy,./dataset/Breakfast/gt_arr/P19_cam01_P19_cereals.npy,./dataset/Breakfast/gt_boundary_arr/P19_cam01_P19_cereals.npy
./dataset/Breakfast/features_average/P19_cam01_P19_coffee.npy,./dataset/Breakfast/gt_arr/P19_cam01_P19_coffee.npy,./dataset/Breakfast/gt_boundary_arr/P19_cam01_P19_coffee.npy
./dataset/Breakfast/features_average/P19_cam01_P19_friedegg.npy,./dataset/Breakfast/gt_arr/P19_cam01_P19_friedegg.npy,./dataset/Breakfast/gt_boundary_arr/P19_cam01_P19_friedegg.npy
./dataset/Breakfast/features_average/P19_cam01_P19_juice.npy,./dataset/Breakfast/gt_arr/P19_cam01_P19_juice.npy,./dataset/Breakfast/gt_boundary_arr/P19_cam01_P19_juice.npy
./dataset/Breakfast/features_average/P19_cam01_P19_milk.npy,./dataset/Breakfast/gt_arr/P19_cam01_P19_milk.npy,./dataset/Breakfast/gt_boundary_arr/P19_cam01_P19_milk.npy
./dataset/Breakfast/features_average/P19_cam01_P19_salat.npy,./dataset/Breakfast/gt_arr/P19_cam01_P19_salat.npy,./dataset/Breakfast/gt_boundary_arr/P19_cam01_P19_salat.npy
./dataset/Breakfast/features_average/P19_cam01_P19_sandwich.npy,./dataset/Breakfast/gt_arr/P19_cam01_P19_sandwich.npy,./dataset/Breakfast/gt_boundary_arr/P19_cam01_P19_sandwich.npy
./dataset/Breakfast/features_average/P19_cam01_P19_tea.npy,./dataset/Breakfast/gt_arr/P19_cam01_P19_tea.npy,./dataset/Breakfast/gt_boundary_arr/P19_cam01_P19_tea.npy
./dataset/Breakfast/features_average/P19_stereo01_P19_cereals.npy,./dataset/Breakfast/gt_arr/P19_stereo01_P19_cereals.npy,./dataset/Breakfast/gt_boundary_arr/P19_stereo01_P19_cereals.npy
./dataset/Breakfast/features_average/P19_stereo01_P19_milk.npy,./dataset/Breakfast/gt_arr/P19_stereo01_P19_milk.npy,./dataset/Breakfast/gt_boundary_arr/P19_stereo01_P19_milk.npy
./dataset/Breakfast/features_average/P19_stereo01_P19_sandwich.npy,./dataset/Breakfast/gt_arr/P19_stereo01_P19_sandwich.npy,./dataset/Breakfast/gt_boundary_arr/P19_stereo01_P19_sandwich.npy
./dataset/Breakfast/features_average/P19_stereo01_P19_tea.npy,./dataset/Breakfast/gt_arr/P19_stereo01_P19_tea.npy,./dataset/Breakfast/gt_boundary_arr/P19_stereo01_P19_tea.npy
./dataset/Breakfast/features_average/P19_webcam01_P19_cereals.npy,./dataset/Breakfast/gt_arr/P19_webcam01_P19_cereals.npy,./dataset/Breakfast/gt_boundary_arr/P19_webcam01_P19_cereals.npy
./dataset/Breakfast/features_average/P19_webcam01_P19_coffee.npy,./dataset/Breakfast/gt_arr/P19_webcam01_P19_coffee.npy,./dataset/Breakfast/gt_boundary_arr/P19_webcam01_P19_coffee.npy
./dataset/Breakfast/features_average/P19_webcam01_P19_juice.npy,./dataset/Breakfast/gt_arr/P19_webcam01_P19_juice.npy,./dataset/Breakfast/gt_boundary_arr/P19_webcam01_P19_juice.npy
./dataset/Breakfast/features_average/P19_webcam01_P19_milk.npy,./dataset/Breakfast/gt_arr/P19_webcam01_P19_milk.npy,./dataset/Breakfast/gt_boundary_arr/P19_webcam01_P19_milk.npy
./dataset/Breakfast/features_average/P19_webcam01_P19_pancake.npy,./dataset/Breakfast/gt_arr/P19_webcam01_P19_pancake.npy,./dataset/Breakfast/gt_boundary_arr/P19_webcam01_P19_pancake.npy
./dataset/Breakfast/features_average/P19_webcam01_P19_salat.npy,./dataset/Breakfast/gt_arr/P19_webcam01_P19_salat.npy,./dataset/Breakfast/gt_boundary_arr/P19_webcam01_P19_salat.npy
./dataset/Breakfast/features_average/P19_webcam01_P19_sandwich.npy,./dataset/Breakfast/gt_arr/P19_webcam01_P19_sandwich.npy,./dataset/Breakfast/gt_boundary_arr/P19_webcam01_P19_sandwich.npy
./dataset/Breakfast/features_average/P19_webcam01_P19_scrambledegg.npy,./dataset/Breakfast/gt_arr/P19_webcam01_P19_scrambledegg.npy,./dataset/Breakfast/gt_boundary_arr/P19_webcam01_P19_scrambledegg.npy
./dataset/Breakfast/features_average/P19_webcam01_P19_tea.npy,./dataset/Breakfast/gt_arr/P19_webcam01_P19_tea.npy,./dataset/Breakfast/gt_boundary_arr/P19_webcam01_P19_tea.npy
./dataset/Breakfast/features_average/P19_webcam02_P19_cereals.npy,./dataset/Breakfast/gt_arr/P19_webcam02_P19_cereals.npy,./dataset/Breakfast/gt_boundary_arr/P19_webcam02_P19_cereals.npy
./dataset/Breakfast/features_average/P19_webcam02_P19_friedegg.npy,./dataset/Breakfast/gt_arr/P19_webcam02_P19_friedegg.npy,./dataset/Breakfast/gt_boundary_arr/P19_webcam02_P19_friedegg.npy
./dataset/Breakfast/features_average/P19_webcam02_P19_milk.npy,./dataset/Breakfast/gt_arr/P19_webcam02_P19_milk.npy,./dataset/Breakfast/gt_boundary_arr/P19_webcam02_P19_milk.npy
./dataset/Breakfast/features_average/P19_webcam02_P19_pancake.npy,./dataset/Breakfast/gt_arr/P19_webcam02_P19_pancake.npy,./dataset/Breakfast/gt_boundary_arr/P19_webcam02_P19_pancake.npy
./dataset/Breakfast/features_average/P19_webcam02_P19_salat.npy,./dataset/Breakfast/gt_arr/P19_webcam02_P19_salat.npy,./dataset/Breakfast/gt_boundary_arr/P19_webcam02_P19_salat.npy
./dataset/Breakfast/features_average/P19_webcam02_P19_sandwich.npy,./dataset/Breakfast/gt_arr/P19_webcam02_P19_sandwich.npy,./dataset/Breakfast/gt_boundary_arr/P19_webcam02_P19_sandwich.npy
./dataset/Breakfast/features_average/P19_webcam02_P19_scrambledegg.npy,./dataset/Breakfast/gt_arr/P19_webcam02_P19_scrambledegg.npy,./dataset/Breakfast/gt_boundary_arr/P19_webcam02_P19_scrambledegg.npy
./dataset/Breakfast/features_average/P19_webcam02_P19_tea.npy,./dataset/Breakfast/gt_arr/P19_webcam02_P19_tea.npy,./dataset/Breakfast/gt_boundary_arr/P19_webcam02_P19_tea.npy
./dataset/Breakfast/features_average/P20_cam01_P20_cereals.npy,./dataset/Breakfast/gt_arr/P20_cam01_P20_cereals.npy,./dataset/Breakfast/gt_boundary_arr/P20_cam01_P20_cereals.npy
./dataset/Breakfast/features_average/P20_cam01_P20_coffee.npy,./dataset/Breakfast/gt_arr/P20_cam01_P20_coffee.npy,./dataset/Breakfast/gt_boundary_arr/P20_cam01_P20_coffee.npy
./dataset/Breakfast/features_average/P20_cam01_P20_friedegg.npy,./dataset/Breakfast/gt_arr/P20_cam01_P20_friedegg.npy,./dataset/Breakfast/gt_boundary_arr/P20_cam01_P20_friedegg.npy
./dataset/Breakfast/features_average/P20_cam01_P20_milk.npy,./dataset/Breakfast/gt_arr/P20_cam01_P20_milk.npy,./dataset/Breakfast/gt_boundary_arr/P20_cam01_P20_milk.npy
./dataset/Breakfast/features_average/P20_cam01_P20_salat.npy,./dataset/Breakfast/gt_arr/P20_cam01_P20_salat.npy,./dataset/Breakfast/gt_boundary_arr/P20_cam01_P20_salat.npy
./dataset/Breakfast/features_average/P20_cam01_P20_sandwich.npy,./dataset/Breakfast/gt_arr/P20_cam01_P20_sandwich.npy,./dataset/Breakfast/gt_boundary_arr/P20_cam01_P20_sandwich.npy
./dataset/Breakfast/features_average/P20_cam01_P20_scrambledegg.npy,./dataset/Breakfast/gt_arr/P20_cam01_P20_scrambledegg.npy,./dataset/Breakfast/gt_boundary_arr/P20_cam01_P20_scrambledegg.npy
./dataset/Breakfast/features_average/P20_cam01_P20_tea.npy,./dataset/Breakfast/gt_arr/P20_cam01_P20_tea.npy,./dataset/Breakfast/gt_boundary_arr/P20_cam01_P20_tea.npy
./dataset/Breakfast/features_average/P20_cam02_P20_cereals.npy,./dataset/Breakfast/gt_arr/P20_cam02_P20_cereals.npy,./dataset/Breakfast/gt_boundary_arr/P20_cam02_P20_cereals.npy
./dataset/Breakfast/features_average/P20_cam02_P20_coffee.npy,./dataset/Breakfast/gt_arr/P20_cam02_P20_coffee.npy,./dataset/Breakfast/gt_boundary_arr/P20_cam02_P20_coffee.npy
./dataset/Breakfast/features_average/P20_cam02_P20_milk.npy,./dataset/Breakfast/gt_arr/P20_cam02_P20_milk.npy,./dataset/Breakfast/gt_boundary_arr/P20_cam02_P20_milk.npy
./dataset/Breakfast/features_average/P20_cam02_P20_tea.npy,./dataset/Breakfast/gt_arr/P20_cam02_P20_tea.npy,./dataset/Breakfast/gt_boundary_arr/P20_cam02_P20_tea.npy
./dataset/Breakfast/features_average/P20_stereo01_P20_coffee.npy,./dataset/Breakfast/gt_arr/P20_stereo01_P20_coffee.npy,./dataset/Breakfast/gt_boundary_arr/P20_stereo01_P20_coffee.npy
./dataset/Breakfast/features_average/P20_stereo01_P20_juice.npy,./dataset/Breakfast/gt_arr/P20_stereo01_P20_juice.npy,./dataset/Breakfast/gt_boundary_arr/P20_stereo01_P20_juice.npy
./dataset/Breakfast/features_average/P20_stereo01_P20_milk.npy,./dataset/Breakfast/gt_arr/P20_stereo01_P20_milk.npy,./dataset/Breakfast/gt_boundary_arr/P20_stereo01_P20_milk.npy
./dataset/Breakfast/features_average/P20_stereo01_P20_pancake.npy,./dataset/Breakfast/gt_arr/P20_stereo01_P20_pancake.npy,./dataset/Breakfast/gt_boundary_arr/P20_stereo01_P20_pancake.npy
./dataset/Breakfast/features_average/P20_stereo01_P20_scrambledegg.npy,./dataset/Breakfast/gt_arr/P20_stereo01_P20_scrambledegg.npy,./dataset/Breakfast/gt_boundary_arr/P20_stereo01_P20_scrambledegg.npy
./dataset/Breakfast/features_average/P20_stereo01_P20_tea.npy,./dataset/Breakfast/gt_arr/P20_stereo01_P20_tea.npy,./dataset/Breakfast/gt_boundary_arr/P20_stereo01_P20_tea.npy
./dataset/Breakfast/features_average/P20_webcam01_P20_cereals.npy,./dataset/Breakfast/gt_arr/P20_webcam01_P20_cereals.npy,./dataset/Breakfast/gt_boundary_arr/P20_webcam01_P20_cereals.npy
./dataset/Breakfast/features_average/P20_webcam01_P20_coffee.npy,./dataset/Breakfast/gt_arr/P20_webcam01_P20_coffee.npy,./dataset/Breakfast/gt_boundary_arr/P20_webcam01_P20_coffee.npy
./dataset/Breakfast/features_average/P20_webcam01_P20_friedegg.npy,./dataset/Breakfast/gt_arr/P20_webcam01_P20_friedegg.npy,./dataset/Breakfast/gt_boundary_arr/P20_webcam01_P20_friedegg.npy
./dataset/Breakfast/features_average/P20_webcam01_P20_milk.npy,./dataset/Breakfast/gt_arr/P20_webcam01_P20_milk.npy,./dataset/Breakfast/gt_boundary_arr/P20_webcam01_P20_milk.npy
./dataset/Breakfast/features_average/P20_webcam01_P20_pancake.npy,./dataset/Breakfast/gt_arr/P20_webcam01_P20_pancake.npy,./dataset/Breakfast/gt_boundary_arr/P20_webcam01_P20_pancake.npy
./dataset/Breakfast/features_average/P20_webcam01_P20_salat.npy,./dataset/Breakfast/gt_arr/P20_webcam01_P20_salat.npy,./dataset/Breakfast/gt_boundary_arr/P20_webcam01_P20_salat.npy
./dataset/Breakfast/features_average/P20_webcam01_P20_sandwich.npy,./dataset/Breakfast/gt_arr/P20_webcam01_P20_sandwich.npy,./dataset/Breakfast/gt_boundary_arr/P20_webcam01_P20_sandwich.npy
./dataset/Breakfast/features_average/P20_webcam01_P20_scrambledegg.npy,./dataset/Breakfast/gt_arr/P20_webcam01_P20_scrambledegg.npy,./dataset/Breakfast/gt_boundary_arr/P20_webcam01_P20_scrambledegg.npy
./dataset/Breakfast/features_average/P20_webcam01_P20_tea.npy,./dataset/Breakfast/gt_arr/P20_webcam01_P20_tea.npy,./dataset/Breakfast/gt_boundary_arr/P20_webcam01_P20_tea.npy
./dataset/Breakfast/features_average/P20_webcam02_P20_coffee.npy,./dataset/Breakfast/gt_arr/P20_webcam02_P20_coffee.npy,./dataset/Breakfast/gt_boundary_arr/P20_webcam02_P20_coffee.npy
./dataset/Breakfast/features_average/P20_webcam02_P20_friedegg.npy,./dataset/Breakfast/gt_arr/P20_webcam02_P20_friedegg.npy,./dataset/Breakfast/gt_boundary_arr/P20_webcam02_P20_friedegg.npy
./dataset/Breakfast/features_average/P20_webcam02_P20_juice.npy,./dataset/Breakfast/gt_arr/P20_webcam02_P20_juice.npy,./dataset/Breakfast/gt_boundary_arr/P20_webcam02_P20_juice.npy
./dataset/Breakfast/features_average/P20_webcam02_P20_pancake.npy,./dataset/Breakfast/gt_arr/P20_webcam02_P20_pancake.npy,./dataset/Breakfast/gt_boundary_arr/P20_webcam02_P20_pancake.npy
./dataset/Breakfast/features_average/P20_webcam02_P20_salat.npy,./dataset/Breakfast/gt_arr/P20_webcam02_P20_salat.npy,./dataset/Breakfast/gt_boundary_arr/P20_webcam02_P20_salat.npy
./dataset/Breakfast/features_average/P20_webcam02_P20_sandwich.npy,./dataset/Breakfast/gt_arr/P20_webcam02_P20_sandwich.npy,./dataset/Breakfast/gt_boundary_arr/P20_webcam02_P20_sandwich.npy
./dataset/Breakfast/features_average/P20_webcam02_P20_scrambledegg.npy,./dataset/Breakfast/gt_arr/P20_webcam02_P20_scrambledegg.npy,./dataset/Breakfast/gt_boundary_arr/P20_webcam02_P20_scrambledegg.npy
./dataset/Breakfast/features_average/P20_webcam02_P20_tea.npy,./dataset/Breakfast/gt_arr/P20_webcam02_P20_tea.npy,./dataset/Breakfast/gt_boundary_arr/P20_webcam02_P20_tea.npy
./dataset/Breakfast/features_average/P21_cam01_P21_cereals.npy,./dataset/Breakfast/gt_arr/P21_cam01_P21_cereals.npy,./dataset/Breakfast/gt_boundary_arr/P21_cam01_P21_cereals.npy
./dataset/Breakfast/features_average/P21_cam01_P21_coffee.npy,./dataset/Breakfast/gt_arr/P21_cam01_P21_coffee.npy,./dataset/Breakfast/gt_boundary_arr/P21_cam01_P21_coffee.npy
./dataset/Breakfast/features_average/P21_cam01_P21_friedegg.npy,./dataset/Breakfast/gt_arr/P21_cam01_P21_friedegg.npy,./dataset/Breakfast/gt_boundary_arr/P21_cam01_P21_friedegg.npy
./dataset/Breakfast/features_average/P21_cam01_P21_juice.npy,./dataset/Breakfast/gt_arr/P21_cam01_P21_juice.npy,./dataset/Breakfast/gt_boundary_arr/P21_cam01_P21_juice.npy
./dataset/Breakfast/features_average/P21_cam01_P21_pancake.npy,./dataset/Breakfast/gt_arr/P21_cam01_P21_pancake.npy,./dataset/Breakfast/gt_boundary_arr/P21_cam01_P21_pancake.npy
./dataset/Breakfast/features_average/P21_cam01_P21_salat.npy,./dataset/Breakfast/gt_arr/P21_cam01_P21_salat.npy,./dataset/Breakfast/gt_boundary_arr/P21_cam01_P21_salat.npy
./dataset/Breakfast/features_average/P21_cam01_P21_sandwich.npy,./dataset/Breakfast/gt_arr/P21_cam01_P21_sandwich.npy,./dataset/Breakfast/gt_boundary_arr/P21_cam01_P21_sandwich.npy
./dataset/Breakfast/features_average/P21_cam01_P21_scrambledegg.npy,./dataset/Breakfast/gt_arr/P21_cam01_P21_scrambledegg.npy,./dataset/Breakfast/gt_boundary_arr/P21_cam01_P21_scrambledegg.npy
./dataset/Breakfast/features_average/P21_cam01_P21_tea.npy,./dataset/Breakfast/gt_arr/P21_cam01_P21_tea.npy,./dataset/Breakfast/gt_boundary_arr/P21_cam01_P21_tea.npy
./dataset/Breakfast/features_average/P21_cam02_P21_cereals.npy,./dataset/Breakfast/gt_arr/P21_cam02_P21_cereals.npy,./dataset/Breakfast/gt_boundary_arr/P21_cam02_P21_cereals.npy
./dataset/Breakfast/features_average/P21_cam02_P21_coffee.npy,./dataset/Breakfast/gt_arr/P21_cam02_P21_coffee.npy,./dataset/Breakfast/gt_boundary_arr/P21_cam02_P21_coffee.npy
./dataset/Breakfast/features_average/P21_cam02_P21_friedegg.npy,./dataset/Breakfast/gt_arr/P21_cam02_P21_friedegg.npy,./dataset/Breakfast/gt_boundary_arr/P21_cam02_P21_friedegg.npy
./dataset/Breakfast/features_average/P21_cam02_P21_milk.npy,./dataset/Breakfast/gt_arr/P21_cam02_P21_milk.npy,./dataset/Breakfast/gt_boundary_arr/P21_cam02_P21_milk.npy
./dataset/Breakfast/features_average/P21_stereo01_P21_coffee.npy,./dataset/Breakfast/gt_arr/P21_stereo01_P21_coffee.npy,./dataset/Breakfast/gt_boundary_arr/P21_stereo01_P21_coffee.npy
./dataset/Breakfast/features_average/P21_stereo01_P21_friedegg.npy,./dataset/Breakfast/gt_arr/P21_stereo01_P21_friedegg.npy,./dataset/Breakfast/gt_boundary_arr/P21_stereo01_P21_friedegg.npy
./dataset/Breakfast/features_average/P21_stereo01_P21_milk.npy,./dataset/Breakfast/gt_arr/P21_stereo01_P21_milk.npy,./dataset/Breakfast/gt_boundary_arr/P21_stereo01_P21_milk.npy
./dataset/Breakfast/features_average/P21_stereo01_P21_sandwich.npy,./dataset/Breakfast/gt_arr/P21_stereo01_P21_sandwich.npy,./dataset/Breakfast/gt_boundary_arr/P21_stereo01_P21_sandwich.npy
./dataset/Breakfast/features_average/P21_stereo01_P21_tea.npy,./dataset/Breakfast/gt_arr/P21_stereo01_P21_tea.npy,./dataset/Breakfast/gt_boundary_arr/P21_stereo01_P21_tea.npy
./dataset/Breakfast/features_average/P21_webcam01_P21_cereals.npy,./dataset/Breakfast/gt_arr/P21_webcam01_P21_cereals.npy,./dataset/Breakfast/gt_boundary_arr/P21_webcam01_P21_cereals.npy
./dataset/Breakfast/features_average/P21_webcam01_P21_coffee.npy,./dataset/Breakfast/gt_arr/P21_webcam01_P21_coffee.npy,./dataset/Breakfast/gt_boundary_arr/P21_webcam01_P21_coffee.npy
./dataset/Breakfast/features_average/P21_webcam01_P21_friedegg.npy,./dataset/Breakfast/gt_arr/P21_webcam01_P21_friedegg.npy,./dataset/Breakfast/gt_boundary_arr/P21_webcam01_P21_friedegg.npy
./dataset/Breakfast/features_average/P21_webcam01_P21_juice.npy,./dataset/Breakfast/gt_arr/P21_webcam01_P21_juice.npy,./dataset/Breakfast/gt_boundary_arr/P21_webcam01_P21_juice.npy
./dataset/Breakfast/features_average/P21_webcam01_P21_pancake.npy,./dataset/Breakfast/gt_arr/P21_webcam01_P21_pancake.npy,./dataset/Breakfast/gt_boundary_arr/P21_webcam01_P21_pancake.npy
./dataset/Breakfast/features_average/P21_webcam01_P21_salat.npy,./dataset/Breakfast/gt_arr/P21_webcam01_P21_salat.npy,./dataset/Breakfast/gt_boundary_arr/P21_webcam01_P21_salat.npy
./dataset/Breakfast/features_average/P21_webcam01_P21_sandwich.npy,./dataset/Breakfast/gt_arr/P21_webcam01_P21_sandwich.npy,./dataset/Breakfast/gt_boundary_arr/P21_webcam01_P21_sandwich.npy
./dataset/Breakfast/features_average/P21_webcam01_P21_scrambledegg.npy,./dataset/Breakfast/gt_arr/P21_webcam01_P21_scrambledegg.npy,./dataset/Breakfast/gt_boundary_arr/P21_webcam01_P21_scrambledegg.npy
./dataset/Breakfast/features_average/P21_webcam01_P21_tea.npy,./dataset/Breakfast/gt_arr/P21_webcam01_P21_tea.npy,./dataset/Breakfast/gt_boundary_arr/P21_webcam01_P21_tea.npy
./dataset/Breakfast/features_average/P21_webcam02_P21_cereals.npy,./dataset/Breakfast/gt_arr/P21_webcam02_P21_cereals.npy,./dataset/Breakfast/gt_boundary_arr/P21_webcam02_P21_cereals.npy
./dataset/Breakfast/features_average/P21_webcam02_P21_coffee.npy,./dataset/Breakfast/gt_arr/P21_webcam02_P21_coffee.npy,./dataset/Breakfast/gt_boundary_arr/P21_webcam02_P21_coffee.npy
./dataset/Breakfast/features_average/P21_webcam02_P21_friedegg.npy,./dataset/Breakfast/gt_arr/P21_webcam02_P21_friedegg.npy,./dataset/Breakfast/gt_boundary_arr/P21_webcam02_P21_friedegg.npy
./dataset/Breakfast/features_average/P21_webcam02_P21_juice.npy,./dataset/Breakfast/gt_arr/P21_webcam02_P21_juice.npy,./dataset/Breakfast/gt_boundary_arr/P21_webcam02_P21_juice.npy
./dataset/Breakfast/features_average/P21_webcam02_P21_pancake.npy,./dataset/Breakfast/gt_arr/P21_webcam02_P21_pancake.npy,./dataset/Breakfast/gt_boundary_arr/P21_webcam02_P21_pancake.npy
./dataset/Breakfast/features_average/P21_webcam02_P21_salat.npy,./dataset/Breakfast/gt_arr/P21_webcam02_P21_salat.npy,./dataset/Breakfast/gt_boundary_arr/P21_webcam02_P21_salat.npy
./dataset/Breakfast/features_average/P21_webcam02_P21_sandwich.npy,./dataset/Breakfast/gt_arr/P21_webcam02_P21_sandwich.npy,./dataset/Breakfast/gt_boundary_arr/P21_webcam02_P21_sandwich.npy
./dataset/Breakfast/features_average/P21_webcam02_P21_scrambledegg.npy,./dataset/Breakfast/gt_arr/P21_webcam02_P21_scrambledegg.npy,./dataset/Breakfast/gt_boundary_arr/P21_webcam02_P21_scrambledegg.npy
./dataset/Breakfast/features_average/P21_webcam02_P21_tea.npy,./dataset/Breakfast/gt_arr/P21_webcam02_P21_tea.npy,./dataset/Breakfast/gt_boundary_arr/P21_webcam02_P21_tea.npy
./dataset/Breakfast/features_average/P22_cam01_P22_cereals.npy,./dataset/Breakfast/gt_arr/P22_cam01_P22_cereals.npy,./dataset/Breakfast/gt_boundary_arr/P22_cam01_P22_cereals.npy
./dataset/Breakfast/features_average/P22_cam01_P22_coffee.npy,./dataset/Breakfast/gt_arr/P22_cam01_P22_coffee.npy,./dataset/Breakfast/gt_boundary_arr/P22_cam01_P22_coffee.npy
./dataset/Breakfast/features_average/P22_cam01_P22_friedegg.npy,./dataset/Breakfast/gt_arr/P22_cam01_P22_friedegg.npy,./dataset/Breakfast/gt_boundary_arr/P22_cam01_P22_friedegg.npy
./dataset/Breakfast/features_average/P22_cam01_P22_juice.npy,./dataset/Breakfast/gt_arr/P22_cam01_P22_juice.npy,./dataset/Breakfast/gt_boundary_arr/P22_cam01_P22_juice.npy
./dataset/Breakfast/features_average/P22_cam01_P22_pancake.npy,./dataset/Breakfast/gt_arr/P22_cam01_P22_pancake.npy,./dataset/Breakfast/gt_boundary_arr/P22_cam01_P22_pancake.npy
./dataset/Breakfast/features_average/P22_cam01_P22_salat.npy,./dataset/Breakfast/gt_arr/P22_cam01_P22_salat.npy,./dataset/Breakfast/gt_boundary_arr/P22_cam01_P22_salat.npy
./dataset/Breakfast/features_average/P22_cam01_P22_sandwich.npy,./dataset/Breakfast/gt_arr/P22_cam01_P22_sandwich.npy,./dataset/Breakfast/gt_boundary_arr/P22_cam01_P22_sandwich.npy
./dataset/Breakfast/features_average/P22_cam01_P22_scrambledegg.npy,./dataset/Breakfast/gt_arr/P22_cam01_P22_scrambledegg.npy,./dataset/Breakfast/gt_boundary_arr/P22_cam01_P22_scrambledegg.npy
./dataset/Breakfast/features_average/P22_cam01_P22_tea.npy,./dataset/Breakfast/gt_arr/P22_cam01_P22_tea.npy,./dataset/Breakfast/gt_boundary_arr/P22_cam01_P22_tea.npy
./dataset/Breakfast/features_average/P22_cam02_P22_cereals.npy,./dataset/Breakfast/gt_arr/P22_cam02_P22_cereals.npy,./dataset/Breakfast/gt_boundary_arr/P22_cam02_P22_cereals.npy
./dataset/Breakfast/features_average/P22_cam02_P22_coffee.npy,./dataset/Breakfast/gt_arr/P22_cam02_P22_coffee.npy,./dataset/Breakfast/gt_boundary_arr/P22_cam02_P22_coffee.npy
./dataset/Breakfast/features_average/P22_cam02_P22_friedegg.npy,./dataset/Breakfast/gt_arr/P22_cam02_P22_friedegg.npy,./dataset/Breakfast/gt_boundary_arr/P22_cam02_P22_friedegg.npy
./dataset/Breakfast/features_average/P22_cam02_P22_juice.npy,./dataset/Breakfast/gt_arr/P22_cam02_P22_juice.npy,./dataset/Breakfast/gt_boundary_arr/P22_cam02_P22_juice.npy
./dataset/Breakfast/features_average/P22_cam02_P22_scrambledegg.npy,./dataset/Breakfast/gt_arr/P22_cam02_P22_scrambledegg.npy,./dataset/Breakfast/gt_boundary_arr/P22_cam02_P22_scrambledegg.npy
./dataset/Breakfast/features_average/P22_cam02_P22_tea.npy,./dataset/Breakfast/gt_arr/P22_cam02_P22_tea.npy,./dataset/Breakfast/gt_boundary_arr/P22_cam02_P22_tea.npy
./dataset/Breakfast/features_average/P22_stereo01_P22_cereals.npy,./dataset/Breakfast/gt_arr/P22_stereo01_P22_cereals.npy,./dataset/Breakfast/gt_boundary_arr/P22_stereo01_P22_cereals.npy
./dataset/Breakfast/features_average/P22_stereo01_P22_coffee.npy,./dataset/Breakfast/gt_arr/P22_stereo01_P22_coffee.npy,./dataset/Breakfast/gt_boundary_arr/P22_stereo01_P22_coffee.npy
./dataset/Breakfast/features_average/P22_stereo01_P22_friedegg.npy,./dataset/Breakfast/gt_arr/P22_stereo01_P22_friedegg.npy,./dataset/Breakfast/gt_boundary_arr/P22_stereo01_P22_friedegg.npy
./dataset/Breakfast/features_average/P22_stereo01_P22_milk.npy,./dataset/Breakfast/gt_arr/P22_stereo01_P22_milk.npy,./dataset/Breakfast/gt_boundary_arr/P22_stereo01_P22_milk.npy
./dataset/Breakfast/features_average/P22_stereo01_P22_tea.npy,./dataset/Breakfast/gt_arr/P22_stereo01_P22_tea.npy,./dataset/Breakfast/gt_boundary_arr/P22_stereo01_P22_tea.npy
./dataset/Breakfast/features_average/P22_webcam01_P22_cereals.npy,./dataset/Breakfast/gt_arr/P22_webcam01_P22_cereals.npy,./dataset/Breakfast/gt_boundary_arr/P22_webcam01_P22_cereals.npy
./dataset/Breakfast/features_average/P22_webcam01_P22_coffee.npy,./dataset/Breakfast/gt_arr/P22_webcam01_P22_coffee.npy,./dataset/Breakfast/gt_boundary_arr/P22_webcam01_P22_coffee.npy
./dataset/Breakfast/features_average/P22_webcam01_P22_milk.npy,./dataset/Breakfast/gt_arr/P22_webcam01_P22_milk.npy,./dataset/Breakfast/gt_boundary_arr/P22_webcam01_P22_milk.npy
./dataset/Breakfast/features_average/P22_webcam01_P22_pancake.npy,./dataset/Breakfast/gt_arr/P22_webcam01_P22_pancake.npy,./dataset/Breakfast/gt_boundary_arr/P22_webcam01_P22_pancake.npy
./dataset/Breakfast/features_average/P22_webcam01_P22_salat.npy,./dataset/Breakfast/gt_arr/P22_webcam01_P22_salat.npy,./dataset/Breakfast/gt_boundary_arr/P22_webcam01_P22_salat.npy
./dataset/Breakfast/features_average/P22_webcam01_P22_sandwich.npy,./dataset/Breakfast/gt_arr/P22_webcam01_P22_sandwich.npy,./dataset/Breakfast/gt_boundary_arr/P22_webcam01_P22_sandwich.npy
./dataset/Breakfast/features_average/P22_webcam01_P22_scrambledegg.npy,./dataset/Breakfast/gt_arr/P22_webcam01_P22_scrambledegg.npy,./dataset/Breakfast/gt_boundary_arr/P22_webcam01_P22_scrambledegg.npy
./dataset/Breakfast/features_average/P22_webcam01_P22_tea.npy,./dataset/Breakfast/gt_arr/P22_webcam01_P22_tea.npy,./dataset/Breakfast/gt_boundary_arr/P22_webcam01_P22_tea.npy
./dataset/Breakfast/features_average/P22_webcam02_P22_cereals.npy,./dataset/Breakfast/gt_arr/P22_webcam02_P22_cereals.npy,./dataset/Breakfast/gt_boundary_arr/P22_webcam02_P22_cereals.npy
./dataset/Breakfast/features_average/P22_webcam02_P22_coffee.npy,./dataset/Breakfast/gt_arr/P22_webcam02_P22_coffee.npy,./dataset/Breakfast/gt_boundary_arr/P22_webcam02_P22_coffee.npy
./dataset/Breakfast/features_average/P22_webcam02_P22_friedegg.npy,./dataset/Breakfast/gt_arr/P22_webcam02_P22_friedegg.npy,./dataset/Breakfast/gt_boundary_arr/P22_webcam02_P22_friedegg.npy
./dataset/Breakfast/features_average/P22_webcam02_P22_milk.npy,./dataset/Breakfast/gt_arr/P22_webcam02_P22_milk.npy,./dataset/Breakfast/gt_boundary_arr/P22_webcam02_P22_milk.npy
./dataset/Breakfast/features_average/P22_webcam02_P22_pancake.npy,./dataset/Breakfast/gt_arr/P22_webcam02_P22_pancake.npy,./dataset/Breakfast/gt_boundary_arr/P22_webcam02_P22_pancake.npy
./dataset/Breakfast/features_average/P22_webcam02_P22_salat.npy,./dataset/Breakfast/gt_arr/P22_webcam02_P22_salat.npy,./dataset/Breakfast/gt_boundary_arr/P22_webcam02_P22_salat.npy
./dataset/Breakfast/features_average/P22_webcam02_P22_sandwich.npy,./dataset/Breakfast/gt_arr/P22_webcam02_P22_sandwich.npy,./dataset/Breakfast/gt_boundary_arr/P22_webcam02_P22_sandwich.npy
./dataset/Breakfast/features_average/P22_webcam02_P22_scrambledegg.npy,./dataset/Breakfast/gt_arr/P22_webcam02_P22_scrambledegg.npy,./dataset/Breakfast/gt_boundary_arr/P22_webcam02_P22_scrambledegg.npy
./dataset/Breakfast/features_average/P22_webcam02_P22_tea.npy,./dataset/Breakfast/gt_arr/P22_webcam02_P22_tea.npy,./dataset/Breakfast/gt_boundary_arr/P22_webcam02_P22_tea.npy
./dataset/Breakfast/features_average/P23_cam01_P23_cereals.npy,./dataset/Breakfast/gt_arr/P23_cam01_P23_cereals.npy,./dataset/Breakfast/gt_boundary_arr/P23_cam01_P23_cereals.npy
./dataset/Breakfast/features_average/P23_cam01_P23_coffee.npy,./dataset/Breakfast/gt_arr/P23_cam01_P23_coffee.npy,./dataset/Breakfast/gt_boundary_arr/P23_cam01_P23_coffee.npy
./dataset/Breakfast/features_average/P23_cam01_P23_juice.npy,./dataset/Breakfast/gt_arr/P23_cam01_P23_juice.npy,./dataset/Breakfast/gt_boundary_arr/P23_cam01_P23_juice.npy
./dataset/Breakfast/features_average/P23_cam01_P23_pancake.npy,./dataset/Breakfast/gt_arr/P23_cam01_P23_pancake.npy,./dataset/Breakfast/gt_boundary_arr/P23_cam01_P23_pancake.npy
./dataset/Breakfast/features_average/P23_cam01_P23_salat.npy,./dataset/Breakfast/gt_arr/P23_cam01_P23_salat.npy,./dataset/Breakfast/gt_boundary_arr/P23_cam01_P23_salat.npy
./dataset/Breakfast/features_average/P23_cam01_P23_sandwich.npy,./dataset/Breakfast/gt_arr/P23_cam01_P23_sandwich.npy,./dataset/Breakfast/gt_boundary_arr/P23_cam01_P23_sandwich.npy
./dataset/Breakfast/features_average/P23_cam01_P23_tea.npy,./dataset/Breakfast/gt_arr/P23_cam01_P23_tea.npy,./dataset/Breakfast/gt_boundary_arr/P23_cam01_P23_tea.npy
./dataset/Breakfast/features_average/P23_cam02_P23_cereals.npy,./dataset/Breakfast/gt_arr/P23_cam02_P23_cereals.npy,./dataset/Breakfast/gt_boundary_arr/P23_cam02_P23_cereals.npy
./dataset/Breakfast/features_average/P23_cam02_P23_coffee.npy,./dataset/Breakfast/gt_arr/P23_cam02_P23_coffee.npy,./dataset/Breakfast/gt_boundary_arr/P23_cam02_P23_coffee.npy
./dataset/Breakfast/features_average/P23_cam02_P23_friedegg.npy,./dataset/Breakfast/gt_arr/P23_cam02_P23_friedegg.npy,./dataset/Breakfast/gt_boundary_arr/P23_cam02_P23_friedegg.npy
./dataset/Breakfast/features_average/P23_cam02_P23_juice.npy,./dataset/Breakfast/gt_arr/P23_cam02_P23_juice.npy,./dataset/Breakfast/gt_boundary_arr/P23_cam02_P23_juice.npy
./dataset/Breakfast/features_average/P23_cam02_P23_milk.npy,./dataset/Breakfast/gt_arr/P23_cam02_P23_milk.npy,./dataset/Breakfast/gt_boundary_arr/P23_cam02_P23_milk.npy
./dataset/Breakfast/features_average/P23_cam02_P23_sandwich.npy,./dataset/Breakfast/gt_arr/P23_cam02_P23_sandwich.npy,./dataset/Breakfast/gt_boundary_arr/P23_cam02_P23_sandwich.npy
./dataset/Breakfast/features_average/P23_cam02_P23_scrambledegg.npy,./dataset/Breakfast/gt_arr/P23_cam02_P23_scrambledegg.npy,./dataset/Breakfast/gt_boundary_arr/P23_cam02_P23_scrambledegg.npy
./dataset/Breakfast/features_average/P23_cam02_P23_tea.npy,./dataset/Breakfast/gt_arr/P23_cam02_P23_tea.npy,./dataset/Breakfast/gt_boundary_arr/P23_cam02_P23_tea.npy
./dataset/Breakfast/features_average/P23_stereo01_P23_cereals.npy,./dataset/Breakfast/gt_arr/P23_stereo01_P23_cereals.npy,./dataset/Breakfast/gt_boundary_arr/P23_stereo01_P23_cereals.npy
./dataset/Breakfast/features_average/P23_stereo01_P23_coffee.npy,./dataset/Breakfast/gt_arr/P23_stereo01_P23_coffee.npy,./dataset/Breakfast/gt_boundary_arr/P23_stereo01_P23_coffee.npy
./dataset/Breakfast/features_average/P23_stereo01_P23_friedegg.npy,./dataset/Breakfast/gt_arr/P23_stereo01_P23_friedegg.npy,./dataset/Breakfast/gt_boundary_arr/P23_stereo01_P23_friedegg.npy
./dataset/Breakfast/features_average/P23_stereo01_P23_juice.npy,./dataset/Breakfast/gt_arr/P23_stereo01_P23_juice.npy,./dataset/Breakfast/gt_boundary_arr/P23_stereo01_P23_juice.npy
./dataset/Breakfast/features_average/P23_stereo01_P23_milk.npy,./dataset/Breakfast/gt_arr/P23_stereo01_P23_milk.npy,./dataset/Breakfast/gt_boundary_arr/P23_stereo01_P23_milk.npy
./dataset/Breakfast/features_average/P23_stereo01_P23_sandwich.npy,./dataset/Breakfast/gt_arr/P23_stereo01_P23_sandwich.npy,./dataset/Breakfast/gt_boundary_arr/P23_stereo01_P23_sandwich.npy
./dataset/Breakfast/features_average/P23_webcam01_P23_cereals.npy,./dataset/Breakfast/gt_arr/P23_webcam01_P23_cereals.npy,./dataset/Breakfast/gt_boundary_arr/P23_webcam01_P23_cereals.npy
./dataset/Breakfast/features_average/P23_webcam01_P23_coffee.npy,./dataset/Breakfast/gt_arr/P23_webcam01_P23_coffee.npy,./dataset/Breakfast/gt_boundary_arr/P23_webcam01_P23_coffee.npy
./dataset/Breakfast/features_average/P23_webcam01_P23_friedegg.npy,./dataset/Breakfast/gt_arr/P23_webcam01_P23_friedegg.npy,./dataset/Breakfast/gt_boundary_arr/P23_webcam01_P23_friedegg.npy
./dataset/Breakfast/features_average/P23_webcam01_P23_juice.npy,./dataset/Breakfast/gt_arr/P23_webcam01_P23_juice.npy,./dataset/Breakfast/gt_boundary_arr/P23_webcam01_P23_juice.npy
./dataset/Breakfast/features_average/P23_webcam01_P23_milk.npy,./dataset/Breakfast/gt_arr/P23_webcam01_P23_milk.npy,./dataset/Breakfast/gt_boundary_arr/P23_webcam01_P23_milk.npy
./dataset/Breakfast/features_average/P23_webcam01_P23_pancake.npy,./dataset/Breakfast/gt_arr/P23_webcam01_P23_pancake.npy,./dataset/Breakfast/gt_boundary_arr/P23_webcam01_P23_pancake.npy
./dataset/Breakfast/features_average/P23_webcam01_P23_salat.npy,./dataset/Breakfast/gt_arr/P23_webcam01_P23_salat.npy,./dataset/Breakfast/gt_boundary_arr/P23_webcam01_P23_salat.npy
./dataset/Breakfast/features_average/P23_webcam01_P23_sandwich.npy,./dataset/Breakfast/gt_arr/P23_webcam01_P23_sandwich.npy,./dataset/Breakfast/gt_boundary_arr/P23_webcam01_P23_sandwich.npy
./dataset/Breakfast/features_average/P23_webcam01_P23_scrambledegg.npy,./dataset/Breakfast/gt_arr/P23_webcam01_P23_scrambledegg.npy,./dataset/Breakfast/gt_boundary_arr/P23_webcam01_P23_scrambledegg.npy
./dataset/Breakfast/features_average/P23_webcam02_P23_cereals.npy,./dataset/Breakfast/gt_arr/P23_webcam02_P23_cereals.npy,./dataset/Breakfast/gt_boundary_arr/P23_webcam02_P23_cereals.npy
./dataset/Breakfast/features_average/P23_webcam02_P23_coffee.npy,./dataset/Breakfast/gt_arr/P23_webcam02_P23_coffee.npy,./dataset/Breakfast/gt_boundary_arr/P23_webcam02_P23_coffee.npy
./dataset/Breakfast/features_average/P23_webcam02_P23_friedegg.npy,./dataset/Breakfast/gt_arr/P23_webcam02_P23_friedegg.npy,./dataset/Breakfast/gt_boundary_arr/P23_webcam02_P23_friedegg.npy
./dataset/Breakfast/features_average/P23_webcam02_P23_juice.npy,./dataset/Breakfast/gt_arr/P23_webcam02_P23_juice.npy,./dataset/Breakfast/gt_boundary_arr/P23_webcam02_P23_juice.npy
./dataset/Breakfast/features_average/P23_webcam02_P23_milk.npy,./dataset/Breakfast/gt_arr/P23_webcam02_P23_milk.npy,./dataset/Breakfast/gt_boundary_arr/P23_webcam02_P23_milk.npy
./dataset/Breakfast/features_average/P23_webcam02_P23_pancake.npy,./dataset/Breakfast/gt_arr/P23_webcam02_P23_pancake.npy,./dataset/Breakfast/gt_boundary_arr/P23_webcam02_P23_pancake.npy
./dataset/Breakfast/features_average/P23_webcam02_P23_salat.npy,./dataset/Breakfast/gt_arr/P23_webcam02_P23_salat.npy,./dataset/Breakfast/gt_boundary_arr/P23_webcam02_P23_salat.npy
./dataset/Breakfast/features_average/P23_webcam02_P23_sandwich.npy,./dataset/Breakfast/gt_arr/P23_webcam02_P23_sandwich.npy,./dataset/Breakfast/gt_boundary_arr/P23_webcam02_P23_sandwich.npy
./dataset/Breakfast/features_average/P23_webcam02_P23_scrambledegg.npy,./dataset/Breakfast/gt_arr/P23_webcam02_P23_scrambledegg.npy,./dataset/Breakfast/gt_boundary_arr/P23_webcam02_P23_scrambledegg.npy
./dataset/Breakfast/features_average/P24_cam01_P24_cereals.npy,./dataset/Breakfast/gt_arr/P24_cam01_P24_cereals.npy,./dataset/Breakfast/gt_boundary_arr/P24_cam01_P24_cereals.npy
./dataset/Breakfast/features_average/P24_cam01_P24_coffee.npy,./dataset/Breakfast/gt_arr/P24_cam01_P24_coffee.npy,./dataset/Breakfast/gt_boundary_arr/P24_cam01_P24_coffee.npy
./dataset/Breakfast/features_average/P24_cam01_P24_friedegg.npy,./dataset/Breakfast/gt_arr/P24_cam01_P24_friedegg.npy,./dataset/Breakfast/gt_boundary_arr/P24_cam01_P24_friedegg.npy
./dataset/Breakfast/features_average/P24_cam01_P24_juice.npy,./dataset/Breakfast/gt_arr/P24_cam01_P24_juice.npy,./dataset/Breakfast/gt_boundary_arr/P24_cam01_P24_juice.npy
./dataset/Breakfast/features_average/P24_cam01_P24_milk.npy,./dataset/Breakfast/gt_arr/P24_cam01_P24_milk.npy,./dataset/Breakfast/gt_boundary_arr/P24_cam01_P24_milk.npy
./dataset/Breakfast/features_average/P24_cam01_P24_pancake.npy,./dataset/Breakfast/gt_arr/P24_cam01_P24_pancake.npy,./dataset/Breakfast/gt_boundary_arr/P24_cam01_P24_pancake.npy
./dataset/Breakfast/features_average/P24_cam01_P24_salat.npy,./dataset/Breakfast/gt_arr/P24_cam01_P24_salat.npy,./dataset/Breakfast/gt_boundary_arr/P24_cam01_P24_salat.npy
./dataset/Breakfast/features_average/P24_cam01_P24_sandwich.npy,./dataset/Breakfast/gt_arr/P24_cam01_P24_sandwich.npy,./dataset/Breakfast/gt_boundary_arr/P24_cam01_P24_sandwich.npy
./dataset/Breakfast/features_average/P24_cam01_P24_scrambledegg.npy,./dataset/Breakfast/gt_arr/P24_cam01_P24_scrambledegg.npy,./dataset/Breakfast/gt_boundary_arr/P24_cam01_P24_scrambledegg.npy
./dataset/Breakfast/features_average/P24_cam02_P24_cereals.npy,./dataset/Breakfast/gt_arr/P24_cam02_P24_cereals.npy,./dataset/Breakfast/gt_boundary_arr/P24_cam02_P24_cereals.npy
./dataset/Breakfast/features_average/P24_cam02_P24_coffee.npy,./dataset/Breakfast/gt_arr/P24_cam02_P24_coffee.npy,./dataset/Breakfast/gt_boundary_arr/P24_cam02_P24_coffee.npy
./dataset/Breakfast/features_average/P24_cam02_P24_friedegg.npy,./dataset/Breakfast/gt_arr/P24_cam02_P24_friedegg.npy,./dataset/Breakfast/gt_boundary_arr/P24_cam02_P24_friedegg.npy
./dataset/Breakfast/features_average/P24_cam02_P24_juice.npy,./dataset/Breakfast/gt_arr/P24_cam02_P24_juice.npy,./dataset/Breakfast/gt_boundary_arr/P24_cam02_P24_juice.npy
./dataset/Breakfast/features_average/P24_cam02_P24_milk.npy,./dataset/Breakfast/gt_arr/P24_cam02_P24_milk.npy,./dataset/Breakfast/gt_boundary_arr/P24_cam02_P24_milk.npy
./dataset/Breakfast/features_average/P24_cam02_P24_pancake.npy,./dataset/Breakfast/gt_arr/P24_cam02_P24_pancake.npy,./dataset/Breakfast/gt_boundary_arr/P24_cam02_P24_pancake.npy
./dataset/Breakfast/features_average/P24_cam02_P24_salat.npy,./dataset/Breakfast/gt_arr/P24_cam02_P24_salat.npy,./dataset/Breakfast/gt_boundary_arr/P24_cam02_P24_salat.npy
./dataset/Breakfast/features_average/P24_cam02_P24_sandwich.npy,./dataset/Breakfast/gt_arr/P24_cam02_P24_sandwich.npy,./dataset/Breakfast/gt_boundary_arr/P24_cam02_P24_sandwich.npy
./dataset/Breakfast/features_average/P24_stereo01_P24_coffee.npy,./dataset/Breakfast/gt_arr/P24_stereo01_P24_coffee.npy,./dataset/Breakfast/gt_boundary_arr/P24_stereo01_P24_coffee.npy
./dataset/Breakfast/features_average/P24_stereo01_P24_salat.npy,./dataset/Breakfast/gt_arr/P24_stereo01_P24_salat.npy,./dataset/Breakfast/gt_boundary_arr/P24_stereo01_P24_salat.npy
./dataset/Breakfast/features_average/P24_stereo01_P24_sandwich.npy,./dataset/Breakfast/gt_arr/P24_stereo01_P24_sandwich.npy,./dataset/Breakfast/gt_boundary_arr/P24_stereo01_P24_sandwich.npy
./dataset/Breakfast/features_average/P24_webcam01_P24_cereals.npy,./dataset/Breakfast/gt_arr/P24_webcam01_P24_cereals.npy,./dataset/Breakfast/gt_boundary_arr/P24_webcam01_P24_cereals.npy
./dataset/Breakfast/features_average/P24_webcam01_P24_coffee.npy,./dataset/Breakfast/gt_arr/P24_webcam01_P24_coffee.npy,./dataset/Breakfast/gt_boundary_arr/P24_webcam01_P24_coffee.npy
./dataset/Breakfast/features_average/P24_webcam01_P24_friedegg.npy,./dataset/Breakfast/gt_arr/P24_webcam01_P24_friedegg.npy,./dataset/Breakfast/gt_boundary_arr/P24_webcam01_P24_friedegg.npy
./dataset/Breakfast/features_average/P24_webcam01_P24_juice.npy,./dataset/Breakfast/gt_arr/P24_webcam01_P24_juice.npy,./dataset/Breakfast/gt_boundary_arr/P24_webcam01_P24_juice.npy
./dataset/Breakfast/features_average/P24_webcam01_P24_milk.npy,./dataset/Breakfast/gt_arr/P24_webcam01_P24_milk.npy,./dataset/Breakfast/gt_boundary_arr/P24_webcam01_P24_milk.npy
./dataset/Breakfast/features_average/P24_webcam01_P24_pancake.npy,./dataset/Breakfast/gt_arr/P24_webcam01_P24_pancake.npy,./dataset/Breakfast/gt_boundary_arr/P24_webcam01_P24_pancake.npy
./dataset/Breakfast/features_average/P24_webcam01_P24_salat.npy,./dataset/Breakfast/gt_arr/P24_webcam01_P24_salat.npy,./dataset/Breakfast/gt_boundary_arr/P24_webcam01_P24_salat.npy
./dataset/Breakfast/features_average/P24_webcam01_P24_scrambledegg.npy,./dataset/Breakfast/gt_arr/P24_webcam01_P24_scrambledegg.npy,./dataset/Breakfast/gt_boundary_arr/P24_webcam01_P24_scrambledegg.npy
./dataset/Breakfast/features_average/P24_webcam01_P24_tea.npy,./dataset/Breakfast/gt_arr/P24_webcam01_P24_tea.npy,./dataset/Breakfast/gt_boundary_arr/P24_webcam01_P24_tea.npy
./dataset/Breakfast/features_average/P24_webcam02_P24_cereals.npy,./dataset/Breakfast/gt_arr/P24_webcam02_P24_cereals.npy,./dataset/Breakfast/gt_boundary_arr/P24_webcam02_P24_cereals.npy
./dataset/Breakfast/features_average/P24_webcam02_P24_coffee.npy,./dataset/Breakfast/gt_arr/P24_webcam02_P24_coffee.npy,./dataset/Breakfast/gt_boundary_arr/P24_webcam02_P24_coffee.npy
./dataset/Breakfast/features_average/P24_webcam02_P24_friedegg.npy,./dataset/Breakfast/gt_arr/P24_webcam02_P24_friedegg.npy,./dataset/Breakfast/gt_boundary_arr/P24_webcam02_P24_friedegg.npy
./dataset/Breakfast/features_average/P24_webcam02_P24_juice.npy,./dataset/Breakfast/gt_arr/P24_webcam02_P24_juice.npy,./dataset/Breakfast/gt_boundary_arr/P24_webcam02_P24_juice.npy
./dataset/Breakfast/features_average/P24_webcam02_P24_milk.npy,./dataset/Breakfast/gt_arr/P24_webcam02_P24_milk.npy,./dataset/Breakfast/gt_boundary_arr/P24_webcam02_P24_milk.npy
./dataset/Breakfast/features_average/P24_webcam02_P24_pancake.npy,./dataset/Breakfast/gt_arr/P24_webcam02_P24_pancake.npy,./dataset/Breakfast/gt_boundary_arr/P24_webcam02_P24_pancake.npy
./dataset/Breakfast/features_average/P24_webcam02_P24_salat.npy,./dataset/Breakfast/gt_arr/P24_webcam02_P24_salat.npy,./dataset/Breakfast/gt_boundary_arr/P24_webcam02_P24_salat.npy
./dataset/Breakfast/features_average/P24_webcam02_P24_scrambledegg.npy,./dataset/Breakfast/gt_arr/P24_webcam02_P24_scrambledegg.npy,./dataset/Breakfast/gt_boundary_arr/P24_webcam02_P24_scrambledegg.npy
./dataset/Breakfast/features_average/P24_webcam02_P24_tea.npy,./dataset/Breakfast/gt_arr/P24_webcam02_P24_tea.npy,./dataset/Breakfast/gt_boundary_arr/P24_webcam02_P24_tea.npy
./dataset/Breakfast/features_average/P25_cam01_P25_cereals.npy,./dataset/Breakfast/gt_arr/P25_cam01_P25_cereals.npy,./dataset/Breakfast/gt_boundary_arr/P25_cam01_P25_cereals.npy
./dataset/Breakfast/features_average/P25_cam01_P25_coffee.npy,./dataset/Breakfast/gt_arr/P25_cam01_P25_coffee.npy,./dataset/Breakfast/gt_boundary_arr/P25_cam01_P25_coffee.npy
./dataset/Breakfast/features_average/P25_cam01_P25_friedegg.npy,./dataset/Breakfast/gt_arr/P25_cam01_P25_friedegg.npy,./dataset/Breakfast/gt_boundary_arr/P25_cam01_P25_friedegg.npy
./dataset/Breakfast/features_average/P25_cam01_P25_juice.npy,./dataset/Breakfast/gt_arr/P25_cam01_P25_juice.npy,./dataset/Breakfast/gt_boundary_arr/P25_cam01_P25_juice.npy
./dataset/Breakfast/features_average/P25_cam01_P25_milk.npy,./dataset/Breakfast/gt_arr/P25_cam01_P25_milk.npy,./dataset/Breakfast/gt_boundary_arr/P25_cam01_P25_milk.npy
./dataset/Breakfast/features_average/P25_cam01_P25_salat.npy,./dataset/Breakfast/gt_arr/P25_cam01_P25_salat.npy,./dataset/Breakfast/gt_boundary_arr/P25_cam01_P25_salat.npy
./dataset/Breakfast/features_average/P25_cam01_P25_sandwich.npy,./dataset/Breakfast/gt_arr/P25_cam01_P25_sandwich.npy,./dataset/Breakfast/gt_boundary_arr/P25_cam01_P25_sandwich.npy
./dataset/Breakfast/features_average/P25_cam01_P25_tea.npy,./dataset/Breakfast/gt_arr/P25_cam01_P25_tea.npy,./dataset/Breakfast/gt_boundary_arr/P25_cam01_P25_tea.npy
./dataset/Breakfast/features_average/P25_cam02_P25_cereals.npy,./dataset/Breakfast/gt_arr/P25_cam02_P25_cereals.npy,./dataset/Breakfast/gt_boundary_arr/P25_cam02_P25_cereals.npy
./dataset/Breakfast/features_average/P25_cam02_P25_coffee.npy,./dataset/Breakfast/gt_arr/P25_cam02_P25_coffee.npy,./dataset/Breakfast/gt_boundary_arr/P25_cam02_P25_coffee.npy
./dataset/Breakfast/features_average/P25_cam02_P25_friedegg.npy,./dataset/Breakfast/gt_arr/P25_cam02_P25_friedegg.npy,./dataset/Breakfast/gt_boundary_arr/P25_cam02_P25_friedegg.npy
./dataset/Breakfast/features_average/P25_cam02_P25_juice.npy,./dataset/Breakfast/gt_arr/P25_cam02_P25_juice.npy,./dataset/Breakfast/gt_boundary_arr/P25_cam02_P25_juice.npy
./dataset/Breakfast/features_average/P25_cam02_P25_milk.npy,./dataset/Breakfast/gt_arr/P25_cam02_P25_milk.npy,./dataset/Breakfast/gt_boundary_arr/P25_cam02_P25_milk.npy
./dataset/Breakfast/features_average/P25_cam02_P25_pancake.npy,./dataset/Breakfast/gt_arr/P25_cam02_P25_pancake.npy,./dataset/Breakfast/gt_boundary_arr/P25_cam02_P25_pancake.npy
./dataset/Breakfast/features_average/P25_cam02_P25_salat.npy,./dataset/Breakfast/gt_arr/P25_cam02_P25_salat.npy,./dataset/Breakfast/gt_boundary_arr/P25_cam02_P25_salat.npy
./dataset/Breakfast/features_average/P25_cam02_P25_sandwich.npy,./dataset/Breakfast/gt_arr/P25_cam02_P25_sandwich.npy,./dataset/Breakfast/gt_boundary_arr/P25_cam02_P25_sandwich.npy
./dataset/Breakfast/features_average/P25_cam02_P25_tea.npy,./dataset/Breakfast/gt_arr/P25_cam02_P25_tea.npy,./dataset/Breakfast/gt_boundary_arr/P25_cam02_P25_tea.npy
./dataset/Breakfast/features_average/P25_stereo01_P25_juice.npy,./dataset/Breakfast/gt_arr/P25_stereo01_P25_juice.npy,./dataset/Breakfast/gt_boundary_arr/P25_stereo01_P25_juice.npy
./dataset/Breakfast/features_average/P25_stereo01_P25_salat.npy,./dataset/Breakfast/gt_arr/P25_stereo01_P25_salat.npy,./dataset/Breakfast/gt_boundary_arr/P25_stereo01_P25_salat.npy
./dataset/Breakfast/features_average/P25_stereo01_P25_sandwich.npy,./dataset/Breakfast/gt_arr/P25_stereo01_P25_sandwich.npy,./dataset/Breakfast/gt_boundary_arr/P25_stereo01_P25_sandwich.npy
./dataset/Breakfast/features_average/P25_stereo01_P25_tea.npy,./dataset/Breakfast/gt_arr/P25_stereo01_P25_tea.npy,./dataset/Breakfast/gt_boundary_arr/P25_stereo01_P25_tea.npy
./dataset/Breakfast/features_average/P25_webcam02_P25_cereals.npy,./dataset/Breakfast/gt_arr/P25_webcam02_P25_cereals.npy,./dataset/Breakfast/gt_boundary_arr/P25_webcam02_P25_cereals.npy
./dataset/Breakfast/features_average/P25_webcam02_P25_coffee.npy,./dataset/Breakfast/gt_arr/P25_webcam02_P25_coffee.npy,./dataset/Breakfast/gt_boundary_arr/P25_webcam02_P25_coffee.npy
./dataset/Breakfast/features_average/P25_webcam02_P25_friedegg.npy,./dataset/Breakfast/gt_arr/P25_webcam02_P25_friedegg.npy,./dataset/Breakfast/gt_boundary_arr/P25_webcam02_P25_friedegg.npy
./dataset/Breakfast/features_average/P25_webcam02_P25_juice.npy,./dataset/Breakfast/gt_arr/P25_webcam02_P25_juice.npy,./dataset/Breakfast/gt_boundary_arr/P25_webcam02_P25_juice.npy
./dataset/Breakfast/features_average/P25_webcam02_P25_pancake.npy,./dataset/Breakfast/gt_arr/P25_webcam02_P25_pancake.npy,./dataset/Breakfast/gt_boundary_arr/P25_webcam02_P25_pancake.npy
./dataset/Breakfast/features_average/P25_webcam02_P25_salat.npy,./dataset/Breakfast/gt_arr/P25_webcam02_P25_salat.npy,./dataset/Breakfast/gt_boundary_arr/P25_webcam02_P25_salat.npy
./dataset/Breakfast/features_average/P25_webcam02_P25_sandwich.npy,./dataset/Breakfast/gt_arr/P25_webcam02_P25_sandwich.npy,./dataset/Breakfast/gt_boundary_arr/P25_webcam02_P25_sandwich.npy
./dataset/Breakfast/features_average/P25_webcam02_P25_scrambledegg.npy,./dataset/Breakfast/gt_arr/P25_webcam02_P25_scrambledegg.npy,./dataset/Breakfast/gt_boundary_arr/P25_webcam02_P25_scrambledegg.npy
./dataset/Breakfast/features_average/P25_webcam02_P25_tea.npy,./dataset/Breakfast/gt_arr/P25_webcam02_P25_tea.npy,./dataset/Breakfast/gt_boundary_arr/P25_webcam02_P25_tea.npy
./dataset/Breakfast/features_average/P26_cam01_P26_cereals.npy,./dataset/Breakfast/gt_arr/P26_cam01_P26_cereals.npy,./dataset/Breakfast/gt_boundary_arr/P26_cam01_P26_cereals.npy
./dataset/Breakfast/features_average/P26_cam01_P26_coffee.npy,./dataset/Breakfast/gt_arr/P26_cam01_P26_coffee.npy,./dataset/Breakfast/gt_boundary_arr/P26_cam01_P26_coffee.npy
./dataset/Breakfast/features_average/P26_cam01_P26_juice.npy,./dataset/Breakfast/gt_arr/P26_cam01_P26_juice.npy,./dataset/Breakfast/gt_boundary_arr/P26_cam01_P26_juice.npy
./dataset/Breakfast/features_average/P26_cam01_P26_milk.npy,./dataset/Breakfast/gt_arr/P26_cam01_P26_milk.npy,./dataset/Breakfast/gt_boundary_arr/P26_cam01_P26_milk.npy
./dataset/Breakfast/features_average/P26_cam01_P26_salat.npy,./dataset/Breakfast/gt_arr/P26_cam01_P26_salat.npy,./dataset/Breakfast/gt_boundary_arr/P26_cam01_P26_salat.npy
./dataset/Breakfast/features_average/P26_cam01_P26_sandwich.npy,./dataset/Breakfast/gt_arr/P26_cam01_P26_sandwich.npy,./dataset/Breakfast/gt_boundary_arr/P26_cam01_P26_sandwich.npy
./dataset/Breakfast/features_average/P26_cam01_P26_scrambledegg.npy,./dataset/Breakfast/gt_arr/P26_cam01_P26_scrambledegg.npy,./dataset/Breakfast/gt_boundary_arr/P26_cam01_P26_scrambledegg.npy
./dataset/Breakfast/features_average/P26_cam02_P26_cereals.npy,./dataset/Breakfast/gt_arr/P26_cam02_P26_cereals.npy,./dataset/Breakfast/gt_boundary_arr/P26_cam02_P26_cereals.npy
./dataset/Breakfast/features_average/P26_cam02_P26_coffee.npy,./dataset/Breakfast/gt_arr/P26_cam02_P26_coffee.npy,./dataset/Breakfast/gt_boundary_arr/P26_cam02_P26_coffee.npy
./dataset/Breakfast/features_average/P26_cam02_P26_friedegg.npy,./dataset/Breakfast/gt_arr/P26_cam02_P26_friedegg.npy,./dataset/Breakfast/gt_boundary_arr/P26_cam02_P26_friedegg.npy
./dataset/Breakfast/features_average/P26_cam02_P26_juice.npy,./dataset/Breakfast/gt_arr/P26_cam02_P26_juice.npy,./dataset/Breakfast/gt_boundary_arr/P26_cam02_P26_juice.npy
./dataset/Breakfast/features_average/P26_cam02_P26_milk.npy,./dataset/Breakfast/gt_arr/P26_cam02_P26_milk.npy,./dataset/Breakfast/gt_boundary_arr/P26_cam02_P26_milk.npy
./dataset/Breakfast/features_average/P26_cam02_P26_pancake.npy,./dataset/Breakfast/gt_arr/P26_cam02_P26_pancake.npy,./dataset/Breakfast/gt_boundary_arr/P26_cam02_P26_pancake.npy
./dataset/Breakfast/features_average/P26_cam02_P26_sandwich.npy,./dataset/Breakfast/gt_arr/P26_cam02_P26_sandwich.npy,./dataset/Breakfast/gt_boundary_arr/P26_cam02_P26_sandwich.npy
./dataset/Breakfast/features_average/P26_cam02_P26_scrambledegg.npy,./dataset/Breakfast/gt_arr/P26_cam02_P26_scrambledegg.npy,./dataset/Breakfast/gt_boundary_arr/P26_cam02_P26_scrambledegg.npy
./dataset/Breakfast/features_average/P26_stereo01_P26_cereals.npy,./dataset/Breakfast/gt_arr/P26_stereo01_P26_cereals.npy,./dataset/Breakfast/gt_boundary_arr/P26_stereo01_P26_cereals.npy
./dataset/Breakfast/features_average/P26_stereo01_P26_coffee.npy,./dataset/Breakfast/gt_arr/P26_stereo01_P26_coffee.npy,./dataset/Breakfast/gt_boundary_arr/P26_stereo01_P26_coffee.npy
./dataset/Breakfast/features_average/P26_stereo01_P26_juice.npy,./dataset/Breakfast/gt_arr/P26_stereo01_P26_juice.npy,./dataset/Breakfast/gt_boundary_arr/P26_stereo01_P26_juice.npy
./dataset/Breakfast/features_average/P26_stereo01_P26_pancake.npy,./dataset/Breakfast/gt_arr/P26_stereo01_P26_pancake.npy,./dataset/Breakfast/gt_boundary_arr/P26_stereo01_P26_pancake.npy
./dataset/Breakfast/features_average/P26_webcam02_P26_cereals.npy,./dataset/Breakfast/gt_arr/P26_webcam02_P26_cereals.npy,./dataset/Breakfast/gt_boundary_arr/P26_webcam02_P26_cereals.npy
./dataset/Breakfast/features_average/P26_webcam02_P26_coffee.npy,./dataset/Breakfast/gt_arr/P26_webcam02_P26_coffee.npy,./dataset/Breakfast/gt_boundary_arr/P26_webcam02_P26_coffee.npy
./dataset/Breakfast/features_average/P26_webcam02_P26_friedegg.npy,./dataset/Breakfast/gt_arr/P26_webcam02_P26_friedegg.npy,./dataset/Breakfast/gt_boundary_arr/P26_webcam02_P26_friedegg.npy
./dataset/Breakfast/features_average/P26_webcam02_P26_milk.npy,./dataset/Breakfast/gt_arr/P26_webcam02_P26_milk.npy,./dataset/Breakfast/gt_boundary_arr/P26_webcam02_P26_milk.npy
./dataset/Breakfast/features_average/P26_webcam02_P26_pancake.npy,./dataset/Breakfast/gt_arr/P26_webcam02_P26_pancake.npy,./dataset/Breakfast/gt_boundary_arr/P26_webcam02_P26_pancake.npy
./dataset/Breakfast/features_average/P26_webcam02_P26_salat.npy,./dataset/Breakfast/gt_arr/P26_webcam02_P26_salat.npy,./dataset/Breakfast/gt_boundary_arr/P26_webcam02_P26_salat.npy
./dataset/Breakfast/features_average/P26_webcam02_P26_sandwich.npy,./dataset/Breakfast/gt_arr/P26_webcam02_P26_sandwich.npy,./dataset/Breakfast/gt_boundary_arr/P26_webcam02_P26_sandwich.npy
./dataset/Breakfast/features_average/P26_webcam02_P26_scrambledegg.npy,./dataset/Breakfast/gt_arr/P26_webcam02_P26_scrambledegg.npy,./dataset/Breakfast/gt_boundary_arr/P26_webcam02_P26_scrambledegg.npy
./dataset/Breakfast/features_average/P26_webcam02_P26_tea.npy,./dataset/Breakfast/gt_arr/P26_webcam02_P26_tea.npy,./dataset/Breakfast/gt_boundary_arr/P26_webcam02_P26_tea.npy
./dataset/Breakfast/features_average/P27_cam01_P27_cereals.npy,./dataset/Breakfast/gt_arr/P27_cam01_P27_cereals.npy,./dataset/Breakfast/gt_boundary_arr/P27_cam01_P27_cereals.npy
./dataset/Breakfast/features_average/P27_cam01_P27_coffee.npy,./dataset/Breakfast/gt_arr/P27_cam01_P27_coffee.npy,./dataset/Breakfast/gt_boundary_arr/P27_cam01_P27_coffee.npy
./dataset/Breakfast/features_average/P27_cam01_P27_friedegg.npy,./dataset/Breakfast/gt_arr/P27_cam01_P27_friedegg.npy,./dataset/Breakfast/gt_boundary_arr/P27_cam01_P27_friedegg.npy
./dataset/Breakfast/features_average/P27_cam01_P27_milk.npy,./dataset/Breakfast/gt_arr/P27_cam01_P27_milk.npy,./dataset/Breakfast/gt_boundary_arr/P27_cam01_P27_milk.npy
./dataset/Breakfast/features_average/P27_cam01_P27_pancake.npy,./dataset/Breakfast/gt_arr/P27_cam01_P27_pancake.npy,./dataset/Breakfast/gt_boundary_arr/P27_cam01_P27_pancake.npy
./dataset/Breakfast/features_average/P27_cam01_P27_salat.npy,./dataset/Breakfast/gt_arr/P27_cam01_P27_salat.npy,./dataset/Breakfast/gt_boundary_arr/P27_cam01_P27_salat.npy
./dataset/Breakfast/features_average/P27_cam01_P27_sandwich.npy,./dataset/Breakfast/gt_arr/P27_cam01_P27_sandwich.npy,./dataset/Breakfast/gt_boundary_arr/P27_cam01_P27_sandwich.npy
./dataset/Breakfast/features_average/P27_cam01_P27_scrambledegg.npy,./dataset/Breakfast/gt_arr/P27_cam01_P27_scrambledegg.npy,./dataset/Breakfast/gt_boundary_arr/P27_cam01_P27_scrambledegg.npy
./dataset/Breakfast/features_average/P27_cam01_P27_tea.npy,./dataset/Breakfast/gt_arr/P27_cam01_P27_tea.npy,./dataset/Breakfast/gt_boundary_arr/P27_cam01_P27_tea.npy
./dataset/Breakfast/features_average/P27_cam02_P27_cereals.npy,./dataset/Breakfast/gt_arr/P27_cam02_P27_cereals.npy,./dataset/Breakfast/gt_boundary_arr/P27_cam02_P27_cereals.npy
./dataset/Breakfast/features_average/P27_cam02_P27_coffee.npy,./dataset/Breakfast/gt_arr/P27_cam02_P27_coffee.npy,./dataset/Breakfast/gt_boundary_arr/P27_cam02_P27_coffee.npy
./dataset/Breakfast/features_average/P27_cam02_P27_friedegg.npy,./dataset/Breakfast/gt_arr/P27_cam02_P27_friedegg.npy,./dataset/Breakfast/gt_boundary_arr/P27_cam02_P27_friedegg.npy
./dataset/Breakfast/features_average/P27_cam02_P27_milk.npy,./dataset/Breakfast/gt_arr/P27_cam02_P27_milk.npy,./dataset/Breakfast/gt_boundary_arr/P27_cam02_P27_milk.npy
./dataset/Breakfast/features_average/P27_cam02_P27_pancake.npy,./dataset/Breakfast/gt_arr/P27_cam02_P27_pancake.npy,./dataset/Breakfast/gt_boundary_arr/P27_cam02_P27_pancake.npy
./dataset/Breakfast/features_average/P27_cam02_P27_salat.npy,./dataset/Breakfast/gt_arr/P27_cam02_P27_salat.npy,./dataset/Breakfast/gt_boundary_arr/P27_cam02_P27_salat.npy
./dataset/Breakfast/features_average/P27_cam02_P27_sandwich.npy,./dataset/Breakfast/gt_arr/P27_cam02_P27_sandwich.npy,./dataset/Breakfast/gt_boundary_arr/P27_cam02_P27_sandwich.npy
./dataset/Breakfast/features_average/P27_cam02_P27_scrambledegg.npy,./dataset/Breakfast/gt_arr/P27_cam02_P27_scrambledegg.npy,./dataset/Breakfast/gt_boundary_arr/P27_cam02_P27_scrambledegg.npy
./dataset/Breakfast/features_average/P27_cam02_P27_tea.npy,./dataset/Breakfast/gt_arr/P27_cam02_P27_tea.npy,./dataset/Breakfast/gt_boundary_arr/P27_cam02_P27_tea.npy
./dataset/Breakfast/features_average/P27_stereo01_P27_coffee.npy,./dataset/Breakfast/gt_arr/P27_stereo01_P27_coffee.npy,./dataset/Breakfast/gt_boundary_arr/P27_stereo01_P27_coffee.npy
./dataset/Breakfast/features_average/P27_stereo01_P27_friedegg.npy,./dataset/Breakfast/gt_arr/P27_stereo01_P27_friedegg.npy,./dataset/Breakfast/gt_boundary_arr/P27_stereo01_P27_friedegg.npy
./dataset/Breakfast/features_average/P27_stereo01_P27_milk.npy,./dataset/Breakfast/gt_arr/P27_stereo01_P27_milk.npy,./dataset/Breakfast/gt_boundary_arr/P27_stereo01_P27_milk.npy
./dataset/Breakfast/features_average/P27_stereo01_P27_scrambledegg.npy,./dataset/Breakfast/gt_arr/P27_stereo01_P27_scrambledegg.npy,./dataset/Breakfast/gt_boundary_arr/P27_stereo01_P27_scrambledegg.npy
./dataset/Breakfast/features_average/P27_webcam02_P27_cereals.npy,./dataset/Breakfast/gt_arr/P27_webcam02_P27_cereals.npy,./dataset/Breakfast/gt_boundary_arr/P27_webcam02_P27_cereals.npy
./dataset/Breakfast/features_average/P27_webcam02_P27_coffee.npy,./dataset/Breakfast/gt_arr/P27_webcam02_P27_coffee.npy,./dataset/Breakfast/gt_boundary_arr/P27_webcam02_P27_coffee.npy
./dataset/Breakfast/features_average/P27_webcam02_P27_friedegg.npy,./dataset/Breakfast/gt_arr/P27_webcam02_P27_friedegg.npy,./dataset/Breakfast/gt_boundary_arr/P27_webcam02_P27_friedegg.npy
./dataset/Breakfast/features_average/P27_webcam02_P27_juice.npy,./dataset/Breakfast/gt_arr/P27_webcam02_P27_juice.npy,./dataset/Breakfast/gt_boundary_arr/P27_webcam02_P27_juice.npy
./dataset/Breakfast/features_average/P27_webcam02_P27_milk.npy,./dataset/Breakfast/gt_arr/P27_webcam02_P27_milk.npy,./dataset/Breakfast/gt_boundary_arr/P27_webcam02_P27_milk.npy
./dataset/Breakfast/features_average/P27_webcam02_P27_pancake.npy,./dataset/Breakfast/gt_arr/P27_webcam02_P27_pancake.npy,./dataset/Breakfast/gt_boundary_arr/P27_webcam02_P27_pancake.npy
./dataset/Breakfast/features_average/P27_webcam02_P27_salat.npy,./dataset/Breakfast/gt_arr/P27_webcam02_P27_salat.npy,./dataset/Breakfast/gt_boundary_arr/P27_webcam02_P27_salat.npy
./dataset/Breakfast/features_average/P27_webcam02_P27_sandwich.npy,./dataset/Breakfast/gt_arr/P27_webcam02_P27_sandwich.npy,./dataset/Breakfast/gt_boundary_arr/P27_webcam02_P27_sandwich.npy
./dataset/Breakfast/features_average/P27_webcam02_P27_tea.npy,./dataset/Breakfast/gt_arr/P27_webcam02_P27_tea.npy,./dataset/Breakfast/gt_boundary_arr/P27_webcam02_P27_tea.npy
./dataset/Breakfast/features_average/P28_cam01_P28_cereals.npy,./dataset/Breakfast/gt_arr/P28_cam01_P28_cereals.npy,./dataset/Breakfast/gt_boundary_arr/P28_cam01_P28_cereals.npy
./dataset/Breakfast/features_average/P28_cam01_P28_juice.npy,./dataset/Breakfast/gt_arr/P28_cam01_P28_juice.npy,./dataset/Breakfast/gt_boundary_arr/P28_cam01_P28_juice.npy
./dataset/Breakfast/features_average/P28_cam01_P28_salat.npy,./dataset/Breakfast/gt_arr/P28_cam01_P28_salat.npy,./dataset/Breakfast/gt_boundary_arr/P28_cam01_P28_salat.npy
./dataset/Breakfast/features_average/P28_cam01_P28_sandwich.npy,./dataset/Breakfast/gt_arr/P28_cam01_P28_sandwich.npy,./dataset/Breakfast/gt_boundary_arr/P28_cam01_P28_sandwich.npy
./dataset/Breakfast/features_average/P28_cam02_P28_cereals.npy,./dataset/Breakfast/gt_arr/P28_cam02_P28_cereals.npy,./dataset/Breakfast/gt_boundary_arr/P28_cam02_P28_cereals.npy
./dataset/Breakfast/features_average/P28_cam02_P28_juice.npy,./dataset/Breakfast/gt_arr/P28_cam02_P28_juice.npy,./dataset/Breakfast/gt_boundary_arr/P28_cam02_P28_juice.npy
./dataset/Breakfast/features_average/P28_cam02_P28_salat.npy,./dataset/Breakfast/gt_arr/P28_cam02_P28_salat.npy,./dataset/Breakfast/gt_boundary_arr/P28_cam02_P28_salat.npy
./dataset/Breakfast/features_average/P28_cam02_P28_sandwich.npy,./dataset/Breakfast/gt_arr/P28_cam02_P28_sandwich.npy,./dataset/Breakfast/gt_boundary_arr/P28_cam02_P28_sandwich.npy
./dataset/Breakfast/features_average/P28_stereo01_P28_salat.npy,./dataset/Breakfast/gt_arr/P28_stereo01_P28_salat.npy,./dataset/Breakfast/gt_boundary_arr/P28_stereo01_P28_salat.npy
./dataset/Breakfast/features_average/P29_cam01_P29_cereals.npy,./dataset/Breakfast/gt_arr/P29_cam01_P29_cereals.npy,./dataset/Breakfast/gt_boundary_arr/P29_cam01_P29_cereals.npy
./dataset/Breakfast/features_average/P29_cam01_P29_coffee.npy,./dataset/Breakfast/gt_arr/P29_cam01_P29_coffee.npy,./dataset/Breakfast/gt_boundary_arr/P29_cam01_P29_coffee.npy
./dataset/Breakfast/features_average/P29_cam01_P29_friedegg.npy,./dataset/Breakfast/gt_arr/P29_cam01_P29_friedegg.npy,./dataset/Breakfast/gt_boundary_arr/P29_cam01_P29_friedegg.npy
./dataset/Breakfast/features_average/P29_cam01_P29_juice.npy,./dataset/Breakfast/gt_arr/P29_cam01_P29_juice.npy,./dataset/Breakfast/gt_boundary_arr/P29_cam01_P29_juice.npy
./dataset/Breakfast/features_average/P29_cam01_P29_milk.npy,./dataset/Breakfast/gt_arr/P29_cam01_P29_milk.npy,./dataset/Breakfast/gt_boundary_arr/P29_cam01_P29_milk.npy
./dataset/Breakfast/features_average/P29_cam01_P29_pancake.npy,./dataset/Breakfast/gt_arr/P29_cam01_P29_pancake.npy,./dataset/Breakfast/gt_boundary_arr/P29_cam01_P29_pancake.npy
./dataset/Breakfast/features_average/P29_cam01_P29_salat.npy,./dataset/Breakfast/gt_arr/P29_cam01_P29_salat.npy,./dataset/Breakfast/gt_boundary_arr/P29_cam01_P29_salat.npy
./dataset/Breakfast/features_average/P29_cam01_P29_sandwich.npy,./dataset/Breakfast/gt_arr/P29_cam01_P29_sandwich.npy,./dataset/Breakfast/gt_boundary_arr/P29_cam01_P29_sandwich.npy
./dataset/Breakfast/features_average/P29_cam01_P29_tea.npy,./dataset/Breakfast/gt_arr/P29_cam01_P29_tea.npy,./dataset/Breakfast/gt_boundary_arr/P29_cam01_P29_tea.npy
./dataset/Breakfast/features_average/P29_cam02_P29_cereals.npy,./dataset/Breakfast/gt_arr/P29_cam02_P29_cereals.npy,./dataset/Breakfast/gt_boundary_arr/P29_cam02_P29_cereals.npy
./dataset/Breakfast/features_average/P29_cam02_P29_coffee.npy,./dataset/Breakfast/gt_arr/P29_cam02_P29_coffee.npy,./dataset/Breakfast/gt_boundary_arr/P29_cam02_P29_coffee.npy
./dataset/Breakfast/features_average/P29_cam02_P29_friedegg.npy,./dataset/Breakfast/gt_arr/P29_cam02_P29_friedegg.npy,./dataset/Breakfast/gt_boundary_arr/P29_cam02_P29_friedegg.npy
./dataset/Breakfast/features_average/P29_cam02_P29_juice.npy,./dataset/Breakfast/gt_arr/P29_cam02_P29_juice.npy,./dataset/Breakfast/gt_boundary_arr/P29_cam02_P29_juice.npy
./dataset/Breakfast/features_average/P29_cam02_P29_milk.npy,./dataset/Breakfast/gt_arr/P29_cam02_P29_milk.npy,./dataset/Breakfast/gt_boundary_arr/P29_cam02_P29_milk.npy
./dataset/Breakfast/features_average/P29_cam02_P29_pancake.npy,./dataset/Breakfast/gt_arr/P29_cam02_P29_pancake.npy,./dataset/Breakfast/gt_boundary_arr/P29_cam02_P29_pancake.npy
./dataset/Breakfast/features_average/P29_cam02_P29_salat.npy,./dataset/Breakfast/gt_arr/P29_cam02_P29_salat.npy,./dataset/Breakfast/gt_boundary_arr/P29_cam02_P29_salat.npy
./dataset/Breakfast/features_average/P29_cam02_P29_sandwich.npy,./dataset/Breakfast/gt_arr/P29_cam02_P29_sandwich.npy,./dataset/Breakfast/gt_boundary_arr/P29_cam02_P29_sandwich.npy
./dataset/Breakfast/features_average/P29_cam02_P29_tea.npy,./dataset/Breakfast/gt_arr/P29_cam02_P29_tea.npy,./dataset/Breakfast/gt_boundary_arr/P29_cam02_P29_tea.npy
./dataset/Breakfast/features_average/P29_stereo01_P29_coffee.npy,./dataset/Breakfast/gt_arr/P29_stereo01_P29_coffee.npy,./dataset/Breakfast/gt_boundary_arr/P29_stereo01_P29_coffee.npy
./dataset/Breakfast/features_average/P29_stereo01_P29_pancake.npy,./dataset/Breakfast/gt_arr/P29_stereo01_P29_pancake.npy,./dataset/Breakfast/gt_boundary_arr/P29_stereo01_P29_pancake.npy
./dataset/Breakfast/features_average/P29_stereo01_P29_sandwich.npy,./dataset/Breakfast/gt_arr/P29_stereo01_P29_sandwich.npy,./dataset/Breakfast/gt_boundary_arr/P29_stereo01_P29_sandwich.npy
./dataset/Breakfast/features_average/P29_stereo01_P29_scrambledegg.npy,./dataset/Breakfast/gt_arr/P29_stereo01_P29_scrambledegg.npy,./dataset/Breakfast/gt_boundary_arr/P29_stereo01_P29_scrambledegg.npy
./dataset/Breakfast/features_average/P29_stereo01_P29_tea.npy,./dataset/Breakfast/gt_arr/P29_stereo01_P29_tea.npy,./dataset/Breakfast/gt_boundary_arr/P29_stereo01_P29_tea.npy
./dataset/Breakfast/features_average/P30_cam01_P30_coffee.npy,./dataset/Breakfast/gt_arr/P30_cam01_P30_coffee.npy,./dataset/Breakfast/gt_boundary_arr/P30_cam01_P30_coffee.npy
./dataset/Breakfast/features_average/P30_cam01_P30_juice.npy,./dataset/Breakfast/gt_arr/P30_cam01_P30_juice.npy,./dataset/Breakfast/gt_boundary_arr/P30_cam01_P30_juice.npy
./dataset/Breakfast/features_average/P30_cam01_P30_milk.npy,./dataset/Breakfast/gt_arr/P30_cam01_P30_milk.npy,./dataset/Breakfast/gt_boundary_arr/P30_cam01_P30_milk.npy
./dataset/Breakfast/features_average/P30_cam01_P30_salat.npy,./dataset/Breakfast/gt_arr/P30_cam01_P30_salat.npy,./dataset/Breakfast/gt_boundary_arr/P30_cam01_P30_salat.npy
./dataset/Breakfast/features_average/P30_cam01_P30_scrambledegg.npy,./dataset/Breakfast/gt_arr/P30_cam01_P30_scrambledegg.npy,./dataset/Breakfast/gt_boundary_arr/P30_cam01_P30_scrambledegg.npy
./dataset/Breakfast/features_average/P30_cam01_P30_tea.npy,./dataset/Breakfast/gt_arr/P30_cam01_P30_tea.npy,./dataset/Breakfast/gt_boundary_arr/P30_cam01_P30_tea.npy
./dataset/Breakfast/features_average/P30_cam02_P30_cereals.npy,./dataset/Breakfast/gt_arr/P30_cam02_P30_cereals.npy,./dataset/Breakfast/gt_boundary_arr/P30_cam02_P30_cereals.npy
./dataset/Breakfast/features_average/P30_cam02_P30_coffee.npy,./dataset/Breakfast/gt_arr/P30_cam02_P30_coffee.npy,./dataset/Breakfast/gt_boundary_arr/P30_cam02_P30_coffee.npy
./dataset/Breakfast/features_average/P30_cam02_P30_friedegg.npy,./dataset/Breakfast/gt_arr/P30_cam02_P30_friedegg.npy,./dataset/Breakfast/gt_boundary_arr/P30_cam02_P30_friedegg.npy
./dataset/Breakfast/features_average/P30_cam02_P30_juice.npy,./dataset/Breakfast/gt_arr/P30_cam02_P30_juice.npy,./dataset/Breakfast/gt_boundary_arr/P30_cam02_P30_juice.npy
./dataset/Breakfast/features_average/P30_cam02_P30_milk.npy,./dataset/Breakfast/gt_arr/P30_cam02_P30_milk.npy,./dataset/Breakfast/gt_boundary_arr/P30_cam02_P30_milk.npy
./dataset/Breakfast/features_average/P30_cam02_P30_pancake.npy,./dataset/Breakfast/gt_arr/P30_cam02_P30_pancake.npy,./dataset/Breakfast/gt_boundary_arr/P30_cam02_P30_pancake.npy
./dataset/Breakfast/features_average/P30_cam02_P30_sandwich.npy,./dataset/Breakfast/gt_arr/P30_cam02_P30_sandwich.npy,./dataset/Breakfast/gt_boundary_arr/P30_cam02_P30_sandwich.npy
./dataset/Breakfast/features_average/P30_cam02_P30_scrambledegg.npy,./dataset/Breakfast/gt_arr/P30_cam02_P30_scrambledegg.npy,./dataset/Breakfast/gt_boundary_arr/P30_cam02_P30_scrambledegg.npy
./dataset/Breakfast/features_average/P30_cam02_P30_tea.npy,./dataset/Breakfast/gt_arr/P30_cam02_P30_tea.npy,./dataset/Breakfast/gt_boundary_arr/P30_cam02_P30_tea.npy
./dataset/Breakfast/features_average/P30_stereo01_P30_coffee.npy,./dataset/Breakfast/gt_arr/P30_stereo01_P30_coffee.npy,./dataset/Breakfast/gt_boundary_arr/P30_stereo01_P30_coffee.npy
./dataset/Breakfast/features_average/P30_stereo01_P30_friedegg.npy,./dataset/Breakfast/gt_arr/P30_stereo01_P30_friedegg.npy,./dataset/Breakfast/gt_boundary_arr/P30_stereo01_P30_friedegg.npy
./dataset/Breakfast/features_average/P30_stereo01_P30_milk.npy,./dataset/Breakfast/gt_arr/P30_stereo01_P30_milk.npy,./dataset/Breakfast/gt_boundary_arr/P30_stereo01_P30_milk.npy
./dataset/Breakfast/features_average/P30_stereo01_P30_sandwich.npy,./dataset/Breakfast/gt_arr/P30_stereo01_P30_sandwich.npy,./dataset/Breakfast/gt_boundary_arr/P30_stereo01_P30_sandwich.npy
./dataset/Breakfast/features_average/P30_stereo01_P30_scrambledegg.npy,./dataset/Breakfast/gt_arr/P30_stereo01_P30_scrambledegg.npy,./dataset/Breakfast/gt_boundary_arr/P30_stereo01_P30_scrambledegg.npy
./dataset/Breakfast/features_average/P30_stereo01_P30_tea.npy,./dataset/Breakfast/gt_arr/P30_stereo01_P30_tea.npy,./dataset/Breakfast/gt_boundary_arr/P30_stereo01_P30_tea.npy
./dataset/Breakfast/features_average/P31_cam01_P31_coffee.npy,./dataset/Breakfast/gt_arr/P31_cam01_P31_coffee.npy,./dataset/Breakfast/gt_boundary_arr/P31_cam01_P31_coffee.npy
./dataset/Breakfast/features_average/P31_cam01_P31_friedegg.npy,./dataset/Breakfast/gt_arr/P31_cam01_P31_friedegg.npy,./dataset/Breakfast/gt_boundary_arr/P31_cam01_P31_friedegg.npy
./dataset/Breakfast/features_average/P31_cam01_P31_juice.npy,./dataset/Breakfast/gt_arr/P31_cam01_P31_juice.npy,./dataset/Breakfast/gt_boundary_arr/P31_cam01_P31_juice.npy
./dataset/Breakfast/features_average/P31_cam01_P31_milk.npy,./dataset/Breakfast/gt_arr/P31_cam01_P31_milk.npy,./dataset/Breakfast/gt_boundary_arr/P31_cam01_P31_milk.npy
./dataset/Breakfast/features_average/P31_cam01_P31_pancake.npy,./dataset/Breakfast/gt_arr/P31_cam01_P31_pancake.npy,./dataset/Breakfast/gt_boundary_arr/P31_cam01_P31_pancake.npy
./dataset/Breakfast/features_average/P31_cam01_P31_salat.npy,./dataset/Breakfast/gt_arr/P31_cam01_P31_salat.npy,./dataset/Breakfast/gt_boundary_arr/P31_cam01_P31_salat.npy
./dataset/Breakfast/features_average/P31_cam01_P31_sandwich.npy,./dataset/Breakfast/gt_arr/P31_cam01_P31_sandwich.npy,./dataset/Breakfast/gt_boundary_arr/P31_cam01_P31_sandwich.npy
./dataset/Breakfast/features_average/P31_cam01_P31_scrambledegg.npy,./dataset/Breakfast/gt_arr/P31_cam01_P31_scrambledegg.npy,./dataset/Breakfast/gt_boundary_arr/P31_cam01_P31_scrambledegg.npy
./dataset/Breakfast/features_average/P31_cam01_P31_tea.npy,./dataset/Breakfast/gt_arr/P31_cam01_P31_tea.npy,./dataset/Breakfast/gt_boundary_arr/P31_cam01_P31_tea.npy
./dataset/Breakfast/features_average/P31_cam02_P31_coffee.npy,./dataset/Breakfast/gt_arr/P31_cam02_P31_coffee.npy,./dataset/Breakfast/gt_boundary_arr/P31_cam02_P31_coffee.npy
./dataset/Breakfast/features_average/P31_cam02_P31_friedegg.npy,./dataset/Breakfast/gt_arr/P31_cam02_P31_friedegg.npy,./dataset/Breakfast/gt_boundary_arr/P31_cam02_P31_friedegg.npy
./dataset/Breakfast/features_average/P31_cam02_P31_juice.npy,./dataset/Breakfast/gt_arr/P31_cam02_P31_juice.npy,./dataset/Breakfast/gt_boundary_arr/P31_cam02_P31_juice.npy
./dataset/Breakfast/features_average/P31_cam02_P31_milk.npy,./dataset/Breakfast/gt_arr/P31_cam02_P31_milk.npy,./dataset/Breakfast/gt_boundary_arr/P31_cam02_P31_milk.npy
./dataset/Breakfast/features_average/P31_cam02_P31_pancake.npy,./dataset/Breakfast/gt_arr/P31_cam02_P31_pancake.npy,./dataset/Breakfast/gt_boundary_arr/P31_cam02_P31_pancake.npy
./dataset/Breakfast/features_average/P31_cam02_P31_salat.npy,./dataset/Breakfast/gt_arr/P31_cam02_P31_salat.npy,./dataset/Breakfast/gt_boundary_arr/P31_cam02_P31_salat.npy
./dataset/Breakfast/features_average/P31_cam02_P31_sandwich.npy,./dataset/Breakfast/gt_arr/P31_cam02_P31_sandwich.npy,./dataset/Breakfast/gt_boundary_arr/P31_cam02_P31_sandwich.npy
./dataset/Breakfast/features_average/P31_cam02_P31_scrambledegg.npy,./dataset/Breakfast/gt_arr/P31_cam02_P31_scrambledegg.npy,./dataset/Breakfast/gt_boundary_arr/P31_cam02_P31_scrambledegg.npy
./dataset/Breakfast/features_average/P31_cam02_P31_tea.npy,./dataset/Breakfast/gt_arr/P31_cam02_P31_tea.npy,./dataset/Breakfast/gt_boundary_arr/P31_cam02_P31_tea.npy
./dataset/Breakfast/features_average/P31_stereo01_P31_milk.npy,./dataset/Breakfast/gt_arr/P31_stereo01_P31_milk.npy,./dataset/Breakfast/gt_boundary_arr/P31_stereo01_P31_milk.npy
./dataset/Breakfast/features_average/P31_stereo01_P31_tea.npy,./dataset/Breakfast/gt_arr/P31_stereo01_P31_tea.npy,./dataset/Breakfast/gt_boundary_arr/P31_stereo01_P31_tea.npy
./dataset/Breakfast/features_average/P32_cam01_P32_cereals.npy,./dataset/Breakfast/gt_arr/P32_cam01_P32_cereals.npy,./dataset/Breakfast/gt_boundary_arr/P32_cam01_P32_cereals.npy
./dataset/Breakfast/features_average/P32_cam01_P32_coffee.npy,./dataset/Breakfast/gt_arr/P32_cam01_P32_coffee.npy,./dataset/Breakfast/gt_boundary_arr/P32_cam01_P32_coffee.npy
./dataset/Breakfast/features_average/P32_cam01_P32_friedegg.npy,./dataset/Breakfast/gt_arr/P32_cam01_P32_friedegg.npy,./dataset/Breakfast/gt_boundary_arr/P32_cam01_P32_friedegg.npy
./dataset/Breakfast/features_average/P32_cam01_P32_juice.npy,./dataset/Breakfast/gt_arr/P32_cam01_P32_juice.npy,./dataset/Breakfast/gt_boundary_arr/P32_cam01_P32_juice.npy
./dataset/Breakfast/features_average/P32_cam01_P32_milk.npy,./dataset/Breakfast/gt_arr/P32_cam01_P32_milk.npy,./dataset/Breakfast/gt_boundary_arr/P32_cam01_P32_milk.npy
./dataset/Breakfast/features_average/P32_cam01_P32_pancake.npy,./dataset/Breakfast/gt_arr/P32_cam01_P32_pancake.npy,./dataset/Breakfast/gt_boundary_arr/P32_cam01_P32_pancake.npy
./dataset/Breakfast/features_average/P32_cam01_P32_salat.npy,./dataset/Breakfast/gt_arr/P32_cam01_P32_salat.npy,./dataset/Breakfast/gt_boundary_arr/P32_cam01_P32_salat.npy
./dataset/Breakfast/features_average/P32_cam01_P32_scrambledegg.npy,./dataset/Breakfast/gt_arr/P32_cam01_P32_scrambledegg.npy,./dataset/Breakfast/gt_boundary_arr/P32_cam01_P32_scrambledegg.npy
./dataset/Breakfast/features_average/P32_cam01_P32_tea.npy,./dataset/Breakfast/gt_arr/P32_cam01_P32_tea.npy,./dataset/Breakfast/gt_boundary_arr/P32_cam01_P32_tea.npy
./dataset/Breakfast/features_average/P32_cam02_P32_cereals.npy,./dataset/Breakfast/gt_arr/P32_cam02_P32_cereals.npy,./dataset/Breakfast/gt_boundary_arr/P32_cam02_P32_cereals.npy
./dataset/Breakfast/features_average/P32_cam02_P32_coffee.npy,./dataset/Breakfast/gt_arr/P32_cam02_P32_coffee.npy,./dataset/Breakfast/gt_boundary_arr/P32_cam02_P32_coffee.npy
./dataset/Breakfast/features_average/P32_cam02_P32_friedegg.npy,./dataset/Breakfast/gt_arr/P32_cam02_P32_friedegg.npy,./dataset/Breakfast/gt_boundary_arr/P32_cam02_P32_friedegg.npy
./dataset/Breakfast/features_average/P32_cam02_P32_juice.npy,./dataset/Breakfast/gt_arr/P32_cam02_P32_juice.npy,./dataset/Breakfast/gt_boundary_arr/P32_cam02_P32_juice.npy
./dataset/Breakfast/features_average/P32_cam02_P32_milk.npy,./dataset/Breakfast/gt_arr/P32_cam02_P32_milk.npy,./dataset/Breakfast/gt_boundary_arr/P32_cam02_P32_milk.npy
./dataset/Breakfast/features_average/P32_cam02_P32_pancake.npy,./dataset/Breakfast/gt_arr/P32_cam02_P32_pancake.npy,./dataset/Breakfast/gt_boundary_arr/P32_cam02_P32_pancake.npy
./dataset/Breakfast/features_average/P32_cam02_P32_salat.npy,./dataset/Breakfast/gt_arr/P32_cam02_P32_salat.npy,./dataset/Breakfast/gt_boundary_arr/P32_cam02_P32_salat.npy
./dataset/Breakfast/features_average/P32_cam02_P32_scrambledegg.npy,./dataset/Breakfast/gt_arr/P32_cam02_P32_scrambledegg.npy,./dataset/Breakfast/gt_boundary_arr/P32_cam02_P32_scrambledegg.npy
./dataset/Breakfast/features_average/P32_cam02_P32_tea.npy,./dataset/Breakfast/gt_arr/P32_cam02_P32_tea.npy,./dataset/Breakfast/gt_boundary_arr/P32_cam02_P32_tea.npy
./dataset/Breakfast/features_average/P32_stereo01_P32_cereals.npy,./dataset/Breakfast/gt_arr/P32_stereo01_P32_cereals.npy,./dataset/Breakfast/gt_boundary_arr/P32_stereo01_P32_cereals.npy
./dataset/Breakfast/features_average/P32_stereo01_P32_coffee.npy,./dataset/Breakfast/gt_arr/P32_stereo01_P32_coffee.npy,./dataset/Breakfast/gt_boundary_arr/P32_stereo01_P32_coffee.npy
./dataset/Breakfast/features_average/P32_stereo01_P32_milk.npy,./dataset/Breakfast/gt_arr/P32_stereo01_P32_milk.npy,./dataset/Breakfast/gt_boundary_arr/P32_stereo01_P32_milk.npy
./dataset/Breakfast/features_average/P32_stereo01_P32_sandwich.npy,./dataset/Breakfast/gt_arr/P32_stereo01_P32_sandwich.npy,./dataset/Breakfast/gt_boundary_arr/P32_stereo01_P32_sandwich.npy
./dataset/Breakfast/features_average/P32_stereo01_P32_tea.npy,./dataset/Breakfast/gt_arr/P32_stereo01_P32_tea.npy,./dataset/Breakfast/gt_boundary_arr/P32_stereo01_P32_tea.npy
./dataset/Breakfast/features_average/P33_cam01_P33_cereals.npy,./dataset/Breakfast/gt_arr/P33_cam01_P33_cereals.npy,./dataset/Breakfast/gt_boundary_arr/P33_cam01_P33_cereals.npy
./dataset/Breakfast/features_average/P33_cam01_P33_coffee.npy,./dataset/Breakfast/gt_arr/P33_cam01_P33_coffee.npy,./dataset/Breakfast/gt_boundary_arr/P33_cam01_P33_coffee.npy
./dataset/Breakfast/features_average/P33_cam01_P33_juice.npy,./dataset/Breakfast/gt_arr/P33_cam01_P33_juice.npy,./dataset/Breakfast/gt_boundary_arr/P33_cam01_P33_juice.npy
./dataset/Breakfast/features_average/P33_cam01_P33_milk.npy,./dataset/Breakfast/gt_arr/P33_cam01_P33_milk.npy,./dataset/Breakfast/gt_boundary_arr/P33_cam01_P33_milk.npy
./dataset/Breakfast/features_average/P33_cam01_P33_pancake.npy,./dataset/Breakfast/gt_arr/P33_cam01_P33_pancake.npy,./dataset/Breakfast/gt_boundary_arr/P33_cam01_P33_pancake.npy
./dataset/Breakfast/features_average/P33_cam01_P33_salat.npy,./dataset/Breakfast/gt_arr/P33_cam01_P33_salat.npy,./dataset/Breakfast/gt_boundary_arr/P33_cam01_P33_salat.npy
./dataset/Breakfast/features_average/P33_cam01_P33_sandwich.npy,./dataset/Breakfast/gt_arr/P33_cam01_P33_sandwich.npy,./dataset/Breakfast/gt_boundary_arr/P33_cam01_P33_sandwich.npy
./dataset/Breakfast/features_average/P33_cam01_P33_scrambledegg.npy,./dataset/Breakfast/gt_arr/P33_cam01_P33_scrambledegg.npy,./dataset/Breakfast/gt_boundary_arr/P33_cam01_P33_scrambledegg.npy
./dataset/Breakfast/features_average/P33_cam01_P33_tea.npy,./dataset/Breakfast/gt_arr/P33_cam01_P33_tea.npy,./dataset/Breakfast/gt_boundary_arr/P33_cam01_P33_tea.npy
./dataset/Breakfast/features_average/P33_cam02_P33_cereals.npy,./dataset/Breakfast/gt_arr/P33_cam02_P33_cereals.npy,./dataset/Breakfast/gt_boundary_arr/P33_cam02_P33_cereals.npy
./dataset/Breakfast/features_average/P33_cam02_P33_coffee.npy,./dataset/Breakfast/gt_arr/P33_cam02_P33_coffee.npy,./dataset/Breakfast/gt_boundary_arr/P33_cam02_P33_coffee.npy
./dataset/Breakfast/features_average/P33_cam02_P33_juice.npy,./dataset/Breakfast/gt_arr/P33_cam02_P33_juice.npy,./dataset/Breakfast/gt_boundary_arr/P33_cam02_P33_juice.npy
./dataset/Breakfast/features_average/P33_cam02_P33_milk.npy,./dataset/Breakfast/gt_arr/P33_cam02_P33_milk.npy,./dataset/Breakfast/gt_boundary_arr/P33_cam02_P33_milk.npy
./dataset/Breakfast/features_average/P33_cam02_P33_pancake.npy,./dataset/Breakfast/gt_arr/P33_cam02_P33_pancake.npy,./dataset/Breakfast/gt_boundary_arr/P33_cam02_P33_pancake.npy
./dataset/Breakfast/features_average/P33_cam02_P33_salat.npy,./dataset/Breakfast/gt_arr/P33_cam02_P33_salat.npy,./dataset/Breakfast/gt_boundary_arr/P33_cam02_P33_salat.npy
./dataset/Breakfast/features_average/P33_cam02_P33_sandwich.npy,./dataset/Breakfast/gt_arr/P33_cam02_P33_sandwich.npy,./dataset/Breakfast/gt_boundary_arr/P33_cam02_P33_sandwich.npy
./dataset/Breakfast/features_average/P33_cam02_P33_scrambledegg.npy,./dataset/Breakfast/gt_arr/P33_cam02_P33_scrambledegg.npy,./dataset/Breakfast/gt_boundary_arr/P33_cam02_P33_scrambledegg.npy
./dataset/Breakfast/features_average/P33_cam02_P33_tea.npy,./dataset/Breakfast/gt_arr/P33_cam02_P33_tea.npy,./dataset/Breakfast/gt_boundary_arr/P33_cam02_P33_tea.npy
./dataset/Breakfast/features_average/P33_stereo01_P33_cereals.npy,./dataset/Breakfast/gt_arr/P33_stereo01_P33_cereals.npy,./dataset/Breakfast/gt_boundary_arr/P33_stereo01_P33_cereals.npy
./dataset/Breakfast/features_average/P33_stereo01_P33_milk.npy,./dataset/Breakfast/gt_arr/P33_stereo01_P33_milk.npy,./dataset/Breakfast/gt_boundary_arr/P33_stereo01_P33_milk.npy
./dataset/Breakfast/features_average/P33_stereo01_P33_tea.npy,./dataset/Breakfast/gt_arr/P33_stereo01_P33_tea.npy,./dataset/Breakfast/gt_boundary_arr/P33_stereo01_P33_tea.npy
./dataset/Breakfast/features_average/P34_cam01_P34_cereals.npy,./dataset/Breakfast/gt_arr/P34_cam01_P34_cereals.npy,./dataset/Breakfast/gt_boundary_arr/P34_cam01_P34_cereals.npy
./dataset/Breakfast/features_average/P34_cam01_P34_coffee.npy,./dataset/Breakfast/gt_arr/P34_cam01_P34_coffee.npy,./dataset/Breakfast/gt_boundary_arr/P34_cam01_P34_coffee.npy
./dataset/Breakfast/features_average/P34_cam01_P34_friedegg.npy,./dataset/Breakfast/gt_arr/P34_cam01_P34_friedegg.npy,./dataset/Breakfast/gt_boundary_arr/P34_cam01_P34_friedegg.npy
./dataset/Breakfast/features_average/P34_cam01_P34_juice.npy,./dataset/Breakfast/gt_arr/P34_cam01_P34_juice.npy,./dataset/Breakfast/gt_boundary_arr/P34_cam01_P34_juice.npy
./dataset/Breakfast/features_average/P34_cam01_P34_milk.npy,./dataset/Breakfast/gt_arr/P34_cam01_P34_milk.npy,./dataset/Breakfast/gt_boundary_arr/P34_cam01_P34_milk.npy
./dataset/Breakfast/features_average/P34_cam01_P34_sandwich.npy,./dataset/Breakfast/gt_arr/P34_cam01_P34_sandwich.npy,./dataset/Breakfast/gt_boundary_arr/P34_cam01_P34_sandwich.npy
./dataset/Breakfast/features_average/P34_cam01_P34_scrambledegg.npy,./dataset/Breakfast/gt_arr/P34_cam01_P34_scrambledegg.npy,./dataset/Breakfast/gt_boundary_arr/P34_cam01_P34_scrambledegg.npy
./dataset/Breakfast/features_average/P34_cam01_P34_tea.npy,./dataset/Breakfast/gt_arr/P34_cam01_P34_tea.npy,./dataset/Breakfast/gt_boundary_arr/P34_cam01_P34_tea.npy
./dataset/Breakfast/features_average/P34_stereo01_P34_cereals.npy,./dataset/Breakfast/gt_arr/P34_stereo01_P34_cereals.npy,./dataset/Breakfast/gt_boundary_arr/P34_stereo01_P34_cereals.npy
./dataset/Breakfast/features_average/P34_stereo01_P34_friedegg.npy,./dataset/Breakfast/gt_arr/P34_stereo01_P34_friedegg.npy,./dataset/Breakfast/gt_boundary_arr/P34_stereo01_P34_friedegg.npy
./dataset/Breakfast/features_average/P34_stereo01_P34_juice.npy,./dataset/Breakfast/gt_arr/P34_stereo01_P34_juice.npy,./dataset/Breakfast/gt_boundary_arr/P34_stereo01_P34_juice.npy
./dataset/Breakfast/features_average/P34_stereo01_P34_milk.npy,./dataset/Breakfast/gt_arr/P34_stereo01_P34_milk.npy,./dataset/Breakfast/gt_boundary_arr/P34_stereo01_P34_milk.npy
./dataset/Breakfast/features_average/P34_stereo01_P34_salat.npy,./dataset/Breakfast/gt_arr/P34_stereo01_P34_salat.npy,./dataset/Breakfast/gt_boundary_arr/P34_stereo01_P34_salat.npy
./dataset/Breakfast/features_average/P34_stereo01_P34_sandwich.npy,./dataset/Breakfast/gt_arr/P34_stereo01_P34_sandwich.npy,./dataset/Breakfast/gt_boundary_arr/P34_stereo01_P34_sandwich.npy
./dataset/Breakfast/features_average/P34_stereo01_P34_scrambledegg.npy,./dataset/Breakfast/gt_arr/P34_stereo01_P34_scrambledegg.npy,./dataset/Breakfast/gt_boundary_arr/P34_stereo01_P34_scrambledegg.npy
./dataset/Breakfast/features_average/P34_stereo01_P34_tea.npy,./dataset/Breakfast/gt_arr/P34_stereo01_P34_tea.npy,./dataset/Breakfast/gt_boundary_arr/P34_stereo01_P34_tea.npy
./dataset/Breakfast/features_average/P34_webcam02_P34_cereals.npy,./dataset/Breakfast/gt_arr/P34_webcam02_P34_cereals.npy,./dataset/Breakfast/gt_boundary_arr/P34_webcam02_P34_cereals.npy
./dataset/Breakfast/features_average/P34_webcam02_P34_juice.npy,./dataset/Breakfast/gt_arr/P34_webcam02_P34_juice.npy,./dataset/Breakfast/gt_boundary_arr/P34_webcam02_P34_juice.npy
./dataset/Breakfast/features_average/P34_webcam02_P34_milk.npy,./dataset/Breakfast/gt_arr/P34_webcam02_P34_milk.npy,./dataset/Breakfast/gt_boundary_arr/P34_webcam02_P34_milk.npy
./dataset/Breakfast/features_average/P34_webcam02_P34_salat.npy,./dataset/Breakfast/gt_arr/P34_webcam02_P34_salat.npy,./dataset/Breakfast/gt_boundary_arr/P34_webcam02_P34_salat.npy
./dataset/Breakfast/features_average/P34_webcam02_P34_sandwich.npy,./dataset/Breakfast/gt_arr/P34_webcam02_P34_sandwich.npy,./dataset/Breakfast/gt_boundary_arr/P34_webcam02_P34_sandwich.npy
./dataset/Breakfast/features_average/P34_webcam02_P34_scrambledegg.npy,./dataset/Breakfast/gt_arr/P34_webcam02_P34_scrambledegg.npy,./dataset/Breakfast/gt_boundary_arr/P34_webcam02_P34_scrambledegg.npy
./dataset/Breakfast/features_average/P34_webcam02_P34_tea.npy,./dataset/Breakfast/gt_arr/P34_webcam02_P34_tea.npy,./dataset/Breakfast/gt_boundary_arr/P34_webcam02_P34_tea.npy
./dataset/Breakfast/features_average/P35_cam01_P35_cereals.npy,./dataset/Breakfast/gt_arr/P35_cam01_P35_cereals.npy,./dataset/Breakfast/gt_boundary_arr/P35_cam01_P35_cereals.npy
./dataset/Breakfast/features_average/P35_cam01_P35_coffee.npy,./dataset/Breakfast/gt_arr/P35_cam01_P35_coffee.npy,./dataset/Breakfast/gt_boundary_arr/P35_cam01_P35_coffee.npy
./dataset/Breakfast/features_average/P35_cam01_P35_friedegg.npy,./dataset/Breakfast/gt_arr/P35_cam01_P35_friedegg.npy,./dataset/Breakfast/gt_boundary_arr/P35_cam01_P35_friedegg.npy
./dataset/Breakfast/features_average/P35_cam01_P35_milk.npy,./dataset/Breakfast/gt_arr/P35_cam01_P35_milk.npy,./dataset/Breakfast/gt_boundary_arr/P35_cam01_P35_milk.npy
./dataset/Breakfast/features_average/P35_cam01_P35_pancake.npy,./dataset/Breakfast/gt_arr/P35_cam01_P35_pancake.npy,./dataset/Breakfast/gt_boundary_arr/P35_cam01_P35_pancake.npy
./dataset/Breakfast/features_average/P35_cam01_P35_salat.npy,./dataset/Breakfast/gt_arr/P35_cam01_P35_salat.npy,./dataset/Breakfast/gt_boundary_arr/P35_cam01_P35_salat.npy
./dataset/Breakfast/features_average/P35_cam01_P35_sandwich.npy,./dataset/Breakfast/gt_arr/P35_cam01_P35_sandwich.npy,./dataset/Breakfast/gt_boundary_arr/P35_cam01_P35_sandwich.npy
./dataset/Breakfast/features_average/P35_cam01_P35_scrambledegg.npy,./dataset/Breakfast/gt_arr/P35_cam01_P35_scrambledegg.npy,./dataset/Breakfast/gt_boundary_arr/P35_cam01_P35_scrambledegg.npy
./dataset/Breakfast/features_average/P35_cam01_P35_tea.npy,./dataset/Breakfast/gt_arr/P35_cam01_P35_tea.npy,./dataset/Breakfast/gt_boundary_arr/P35_cam01_P35_tea.npy
./dataset/Breakfast/features_average/P35_cam02_P35_cereals.npy,./dataset/Breakfast/gt_arr/P35_cam02_P35_cereals.npy,./dataset/Breakfast/gt_boundary_arr/P35_cam02_P35_cereals.npy
./dataset/Breakfast/features_average/P35_cam02_P35_coffee.npy,./dataset/Breakfast/gt_arr/P35_cam02_P35_coffee.npy,./dataset/Breakfast/gt_boundary_arr/P35_cam02_P35_coffee.npy
./dataset/Breakfast/features_average/P35_cam02_P35_tea.npy,./dataset/Breakfast/gt_arr/P35_cam02_P35_tea.npy,./dataset/Breakfast/gt_boundary_arr/P35_cam02_P35_tea.npy
./dataset/Breakfast/features_average/P35_stereo01_P35_coffee.npy,./dataset/Breakfast/gt_arr/P35_stereo01_P35_coffee.npy,./dataset/Breakfast/gt_boundary_arr/P35_stereo01_P35_coffee.npy
./dataset/Breakfast/features_average/P35_stereo01_P35_friedegg.npy,./dataset/Breakfast/gt_arr/P35_stereo01_P35_friedegg.npy,./dataset/Breakfast/gt_boundary_arr/P35_stereo01_P35_friedegg.npy
./dataset/Breakfast/features_average/P35_stereo01_P35_juice.npy,./dataset/Breakfast/gt_arr/P35_stereo01_P35_juice.npy,./dataset/Breakfast/gt_boundary_arr/P35_stereo01_P35_juice.npy
./dataset/Breakfast/features_average/P35_stereo01_P35_milk.npy,./dataset/Breakfast/gt_arr/P35_stereo01_P35_milk.npy,./dataset/Breakfast/gt_boundary_arr/P35_stereo01_P35_milk.npy
./dataset/Breakfast/features_average/P35_stereo01_P35_salat.npy,./dataset/Breakfast/gt_arr/P35_stereo01_P35_salat.npy,./dataset/Breakfast/gt_boundary_arr/P35_stereo01_P35_salat.npy
./dataset/Breakfast/features_average/P35_stereo01_P35_sandwich.npy,./dataset/Breakfast/gt_arr/P35_stereo01_P35_sandwich.npy,./dataset/Breakfast/gt_boundary_arr/P35_stereo01_P35_sandwich.npy
./dataset/Breakfast/features_average/P35_stereo01_P35_scrambledegg.npy,./dataset/Breakfast/gt_arr/P35_stereo01_P35_scrambledegg.npy,./dataset/Breakfast/gt_boundary_arr/P35_stereo01_P35_scrambledegg.npy
./dataset/Breakfast/features_average/P35_stereo01_P35_tea.npy,./dataset/Breakfast/gt_arr/P35_stereo01_P35_tea.npy,./dataset/Breakfast/gt_boundary_arr/P35_stereo01_P35_tea.npy
./dataset/Breakfast/features_average/P35_webcam02_P35_cereals.npy,./dataset/Breakfast/gt_arr/P35_webcam02_P35_cereals.npy,./dataset/Breakfast/gt_boundary_arr/P35_webcam02_P35_cereals.npy
./dataset/Breakfast/features_average/P35_webcam02_P35_friedegg.npy,./dataset/Breakfast/gt_arr/P35_webcam02_P35_friedegg.npy,./dataset/Breakfast/gt_boundary_arr/P35_webcam02_P35_friedegg.npy
./dataset/Breakfast/features_average/P35_webcam02_P35_juice.npy,./dataset/Breakfast/gt_arr/P35_webcam02_P35_juice.npy,./dataset/Breakfast/gt_boundary_arr/P35_webcam02_P35_juice.npy
./dataset/Breakfast/features_average/P35_webcam02_P35_milk.npy,./dataset/Breakfast/gt_arr/P35_webcam02_P35_milk.npy,./dataset/Breakfast/gt_boundary_arr/P35_webcam02_P35_milk.npy
./dataset/Breakfast/features_average/P35_webcam02_P35_pancake.npy,./dataset/Breakfast/gt_arr/P35_webcam02_P35_pancake.npy,./dataset/Breakfast/gt_boundary_arr/P35_webcam02_P35_pancake.npy
./dataset/Breakfast/features_average/P35_webcam02_P35_salat.npy,./dataset/Breakfast/gt_arr/P35_webcam02_P35_salat.npy,./dataset/Breakfast/gt_boundary_arr/P35_webcam02_P35_salat.npy
./dataset/Breakfast/features_average/P35_webcam02_P35_sandwich.npy,./dataset/Breakfast/gt_arr/P35_webcam02_P35_sandwich.npy,./dataset/Breakfast/gt_boundary_arr/P35_webcam02_P35_sandwich.npy
./dataset/Breakfast/features_average/P35_webcam02_P35_scrambledegg.npy,./dataset/Breakfast/gt_arr/P35_webcam02_P35_scrambledegg.npy,./dataset/Breakfast/gt_boundary_arr/P35_webcam02_P35_scrambledegg.npy
./dataset/Breakfast/features_average/P35_webcam02_P35_tea.npy,./dataset/Breakfast/gt_arr/P35_webcam02_P35_tea.npy,./dataset/Breakfast/gt_boundary_arr/P35_webcam02_P35_tea.npy
./dataset/Breakfast/features_average/P36_cam01_P36_cereals.npy,./dataset/Breakfast/gt_arr/P36_cam01_P36_cereals.npy,./dataset/Breakfast/gt_boundary_arr/P36_cam01_P36_cereals.npy
./dataset/Breakfast/features_average/P36_cam01_P36_juice.npy,./dataset/Breakfast/gt_arr/P36_cam01_P36_juice.npy,./dataset/Breakfast/gt_boundary_arr/P36_cam01_P36_juice.npy
./dataset/Breakfast/features_average/P36_cam01_P36_milk.npy,./dataset/Breakfast/gt_arr/P36_cam01_P36_milk.npy,./dataset/Breakfast/gt_boundary_arr/P36_cam01_P36_milk.npy
./dataset/Breakfast/features_average/P36_cam01_P36_pancake.npy,./dataset/Breakfast/gt_arr/P36_cam01_P36_pancake.npy,./dataset/Breakfast/gt_boundary_arr/P36_cam01_P36_pancake.npy
./dataset/Breakfast/features_average/P36_cam01_P36_salat.npy,./dataset/Breakfast/gt_arr/P36_cam01_P36_salat.npy,./dataset/Breakfast/gt_boundary_arr/P36_cam01_P36_salat.npy
./dataset/Breakfast/features_average/P36_cam01_P36_sandwich.npy,./dataset/Breakfast/gt_arr/P36_cam01_P36_sandwich.npy,./dataset/Breakfast/gt_boundary_arr/P36_cam01_P36_sandwich.npy
./dataset/Breakfast/features_average/P36_cam01_P36_scrambledegg.npy,./dataset/Breakfast/gt_arr/P36_cam01_P36_scrambledegg.npy,./dataset/Breakfast/gt_boundary_arr/P36_cam01_P36_scrambledegg.npy
./dataset/Breakfast/features_average/P36_cam01_P36_tea.npy,./dataset/Breakfast/gt_arr/P36_cam01_P36_tea.npy,./dataset/Breakfast/gt_boundary_arr/P36_cam01_P36_tea.npy
./dataset/Breakfast/features_average/P36_stereo01_P36_cereals.npy,./dataset/Breakfast/gt_arr/P36_stereo01_P36_cereals.npy,./dataset/Breakfast/gt_boundary_arr/P36_stereo01_P36_cereals.npy
./dataset/Breakfast/features_average/P36_stereo01_P36_coffee.npy,./dataset/Breakfast/gt_arr/P36_stereo01_P36_coffee.npy,./dataset/Breakfast/gt_boundary_arr/P36_stereo01_P36_coffee.npy
./dataset/Breakfast/features_average/P36_stereo01_P36_juice.npy,./dataset/Breakfast/gt_arr/P36_stereo01_P36_juice.npy,./dataset/Breakfast/gt_boundary_arr/P36_stereo01_P36_juice.npy
./dataset/Breakfast/features_average/P36_stereo01_P36_milk.npy,./dataset/Breakfast/gt_arr/P36_stereo01_P36_milk.npy,./dataset/Breakfast/gt_boundary_arr/P36_stereo01_P36_milk.npy
./dataset/Breakfast/features_average/P36_stereo01_P36_pancake.npy,./dataset/Breakfast/gt_arr/P36_stereo01_P36_pancake.npy,./dataset/Breakfast/gt_boundary_arr/P36_stereo01_P36_pancake.npy
./dataset/Breakfast/features_average/P36_stereo01_P36_salat.npy,./dataset/Breakfast/gt_arr/P36_stereo01_P36_salat.npy,./dataset/Breakfast/gt_boundary_arr/P36_stereo01_P36_salat.npy
./dataset/Breakfast/features_average/P36_stereo01_P36_sandwich.npy,./dataset/Breakfast/gt_arr/P36_stereo01_P36_sandwich.npy,./dataset/Breakfast/gt_boundary_arr/P36_stereo01_P36_sandwich.npy
./dataset/Breakfast/features_average/P36_stereo01_P36_scrambledegg.npy,./dataset/Breakfast/gt_arr/P36_stereo01_P36_scrambledegg.npy,./dataset/Breakfast/gt_boundary_arr/P36_stereo01_P36_scrambledegg.npy
./dataset/Breakfast/features_average/P36_stereo01_P36_tea.npy,./dataset/Breakfast/gt_arr/P36_stereo01_P36_tea.npy,./dataset/Breakfast/gt_boundary_arr/P36_stereo01_P36_tea.npy
./dataset/Breakfast/features_average/P36_webcam01_P36_cereals.npy,./dataset/Breakfast/gt_arr/P36_webcam01_P36_cereals.npy,./dataset/Breakfast/gt_boundary_arr/P36_webcam01_P36_cereals.npy
./dataset/Breakfast/features_average/P36_webcam01_P36_friedegg.npy,./dataset/Breakfast/gt_arr/P36_webcam01_P36_friedegg.npy,./dataset/Breakfast/gt_boundary_arr/P36_webcam01_P36_friedegg.npy
./dataset/Breakfast/features_average/P36_webcam01_P36_milk.npy,./dataset/Breakfast/gt_arr/P36_webcam01_P36_milk.npy,./dataset/Breakfast/gt_boundary_arr/P36_webcam01_P36_milk.npy
./dataset/Breakfast/features_average/P36_webcam01_P36_pancake.npy,./dataset/Breakfast/gt_arr/P36_webcam01_P36_pancake.npy,./dataset/Breakfast/gt_boundary_arr/P36_webcam01_P36_pancake.npy
./dataset/Breakfast/features_average/P36_webcam01_P36_salat.npy,./dataset/Breakfast/gt_arr/P36_webcam01_P36_salat.npy,./dataset/Breakfast/gt_boundary_arr/P36_webcam01_P36_salat.npy
./dataset/Breakfast/features_average/P36_webcam01_P36_sandwich.npy,./dataset/Breakfast/gt_arr/P36_webcam01_P36_sandwich.npy,./dataset/Breakfast/gt_boundary_arr/P36_webcam01_P36_sandwich.npy
./dataset/Breakfast/features_average/P36_webcam01_P36_scrambledegg.npy,./dataset/Breakfast/gt_arr/P36_webcam01_P36_scrambledegg.npy,./dataset/Breakfast/gt_boundary_arr/P36_webcam01_P36_scrambledegg.npy
./dataset/Breakfast/features_average/P36_webcam01_P36_tea.npy,./dataset/Breakfast/gt_arr/P36_webcam01_P36_tea.npy,./dataset/Breakfast/gt_boundary_arr/P36_webcam01_P36_tea.npy
./dataset/Breakfast/features_average/P36_webcam02_P36_cereals.npy,./dataset/Breakfast/gt_arr/P36_webcam02_P36_cereals.npy,./dataset/Breakfast/gt_boundary_arr/P36_webcam02_P36_cereals.npy
./dataset/Breakfast/features_average/P36_webcam02_P36_friedegg.npy,./dataset/Breakfast/gt_arr/P36_webcam02_P36_friedegg.npy,./dataset/Breakfast/gt_boundary_arr/P36_webcam02_P36_friedegg.npy
./dataset/Breakfast/features_average/P36_webcam02_P36_juice.npy,./dataset/Breakfast/gt_arr/P36_webcam02_P36_juice.npy,./dataset/Breakfast/gt_boundary_arr/P36_webcam02_P36_juice.npy
./dataset/Breakfast/features_average/P36_webcam02_P36_pancake.npy,./dataset/Breakfast/gt_arr/P36_webcam02_P36_pancake.npy,./dataset/Breakfast/gt_boundary_arr/P36_webcam02_P36_pancake.npy
./dataset/Breakfast/features_average/P36_webcam02_P36_salat.npy,./dataset/Breakfast/gt_arr/P36_webcam02_P36_salat.npy,./dataset/Breakfast/gt_boundary_arr/P36_webcam02_P36_salat.npy
./dataset/Breakfast/features_average/P36_webcam02_P36_sandwich.npy,./dataset/Breakfast/gt_arr/P36_webcam02_P36_sandwich.npy,./dataset/Breakfast/gt_boundary_arr/P36_webcam02_P36_sandwich.npy
./dataset/Breakfast/features_average/P36_webcam02_P36_scrambledegg.npy,./dataset/Breakfast/gt_arr/P36_webcam02_P36_scrambledegg.npy,./dataset/Breakfast/gt_boundary_arr/P36_webcam02_P36_scrambledegg.npy
./dataset/Breakfast/features_average/P36_webcam02_P36_tea.npy,./dataset/Breakfast/gt_arr/P36_webcam02_P36_tea.npy,./dataset/Breakfast/gt_boundary_arr/P36_webcam02_P36_tea.npy
./dataset/Breakfast/features_average/P37_cam01_P37_cereals.npy,./dataset/Breakfast/gt_arr/P37_cam01_P37_cereals.npy,./dataset/Breakfast/gt_boundary_arr/P37_cam01_P37_cereals.npy
./dataset/Breakfast/features_average/P37_cam01_P37_coffee.npy,./dataset/Breakfast/gt_arr/P37_cam01_P37_coffee.npy,./dataset/Breakfast/gt_boundary_arr/P37_cam01_P37_coffee.npy
./dataset/Breakfast/features_average/P37_cam01_P37_friedegg.npy,./dataset/Breakfast/gt_arr/P37_cam01_P37_friedegg.npy,./dataset/Breakfast/gt_boundary_arr/P37_cam01_P37_friedegg.npy
./dataset/Breakfast/features_average/P37_cam01_P37_juice.npy,./dataset/Breakfast/gt_arr/P37_cam01_P37_juice.npy,./dataset/Breakfast/gt_boundary_arr/P37_cam01_P37_juice.npy
./dataset/Breakfast/features_average/P37_cam01_P37_pancake.npy,./dataset/Breakfast/gt_arr/P37_cam01_P37_pancake.npy,./dataset/Breakfast/gt_boundary_arr/P37_cam01_P37_pancake.npy
./dataset/Breakfast/features_average/P37_cam01_P37_salat.npy,./dataset/Breakfast/gt_arr/P37_cam01_P37_salat.npy,./dataset/Breakfast/gt_boundary_arr/P37_cam01_P37_salat.npy
./dataset/Breakfast/features_average/P37_cam01_P37_sandwich.npy,./dataset/Breakfast/gt_arr/P37_cam01_P37_sandwich.npy,./dataset/Breakfast/gt_boundary_arr/P37_cam01_P37_sandwich.npy
./dataset/Breakfast/features_average/P37_cam01_P37_scrambledegg.npy,./dataset/Breakfast/gt_arr/P37_cam01_P37_scrambledegg.npy,./dataset/Breakfast/gt_boundary_arr/P37_cam01_P37_scrambledegg.npy
./dataset/Breakfast/features_average/P37_cam01_P37_tea.npy,./dataset/Breakfast/gt_arr/P37_cam01_P37_tea.npy,./dataset/Breakfast/gt_boundary_arr/P37_cam01_P37_tea.npy
./dataset/Breakfast/features_average/P37_stereo01_P37_cereals.npy,./dataset/Breakfast/gt_arr/P37_stereo01_P37_cereals.npy,./dataset/Breakfast/gt_boundary_arr/P37_stereo01_P37_cereals.npy
./dataset/Breakfast/features_average/P37_stereo01_P37_coffee.npy,./dataset/Breakfast/gt_arr/P37_stereo01_P37_coffee.npy,./dataset/Breakfast/gt_boundary_arr/P37_stereo01_P37_coffee.npy
./dataset/Breakfast/features_average/P37_stereo01_P37_friedegg.npy,./dataset/Breakfast/gt_arr/P37_stereo01_P37_friedegg.npy,./dataset/Breakfast/gt_boundary_arr/P37_stereo01_P37_friedegg.npy
./dataset/Breakfast/features_average/P37_stereo01_P37_juice.npy,./dataset/Breakfast/gt_arr/P37_stereo01_P37_juice.npy,./dataset/Breakfast/gt_boundary_arr/P37_stereo01_P37_juice.npy
./dataset/Breakfast/features_average/P37_stereo01_P37_pancake.npy,./dataset/Breakfast/gt_arr/P37_stereo01_P37_pancake.npy,./dataset/Breakfast/gt_boundary_arr/P37_stereo01_P37_pancake.npy
./dataset/Breakfast/features_average/P37_stereo01_P37_salat.npy,./dataset/Breakfast/gt_arr/P37_stereo01_P37_salat.npy,./dataset/Breakfast/gt_boundary_arr/P37_stereo01_P37_salat.npy
./dataset/Breakfast/features_average/P37_stereo01_P37_sandwich.npy,./dataset/Breakfast/gt_arr/P37_stereo01_P37_sandwich.npy,./dataset/Breakfast/gt_boundary_arr/P37_stereo01_P37_sandwich.npy
./dataset/Breakfast/features_average/P37_stereo01_P37_scrambledegg.npy,./dataset/Breakfast/gt_arr/P37_stereo01_P37_scrambledegg.npy,./dataset/Breakfast/gt_boundary_arr/P37_stereo01_P37_scrambledegg.npy
./dataset/Breakfast/features_average/P37_stereo01_P37_tea.npy,./dataset/Breakfast/gt_arr/P37_stereo01_P37_tea.npy,./dataset/Breakfast/gt_boundary_arr/P37_stereo01_P37_tea.npy
./dataset/Breakfast/features_average/P37_webcam01_P37_cereals.npy,./dataset/Breakfast/gt_arr/P37_webcam01_P37_cereals.npy,./dataset/Breakfast/gt_boundary_arr/P37_webcam01_P37_cereals.npy
./dataset/Breakfast/features_average/P37_webcam01_P37_coffee.npy,./dataset/Breakfast/gt_arr/P37_webcam01_P37_coffee.npy,./dataset/Breakfast/gt_boundary_arr/P37_webcam01_P37_coffee.npy
./dataset/Breakfast/features_average/P37_webcam01_P37_friedegg.npy,./dataset/Breakfast/gt_arr/P37_webcam01_P37_friedegg.npy,./dataset/Breakfast/gt_boundary_arr/P37_webcam01_P37_friedegg.npy
./dataset/Breakfast/features_average/P37_webcam01_P37_juice.npy,./dataset/Breakfast/gt_arr/P37_webcam01_P37_juice.npy,./dataset/Breakfast/gt_boundary_arr/P37_webcam01_P37_juice.npy
./dataset/Breakfast/features_average/P37_webcam01_P37_pancake.npy,./dataset/Breakfast/gt_arr/P37_webcam01_P37_pancake.npy,./dataset/Breakfast/gt_boundary_arr/P37_webcam01_P37_pancake.npy
./dataset/Breakfast/features_average/P37_webcam01_P37_salat.npy,./dataset/Breakfast/gt_arr/P37_webcam01_P37_salat.npy,./dataset/Breakfast/gt_boundary_arr/P37_webcam01_P37_salat.npy
./dataset/Breakfast/features_average/P37_webcam01_P37_sandwich.npy,./dataset/Breakfast/gt_arr/P37_webcam01_P37_sandwich.npy,./dataset/Breakfast/gt_boundary_arr/P37_webcam01_P37_sandwich.npy
./dataset/Breakfast/features_average/P37_webcam01_P37_scrambledegg.npy,./dataset/Breakfast/gt_arr/P37_webcam01_P37_scrambledegg.npy,./dataset/Breakfast/gt_boundary_arr/P37_webcam01_P37_scrambledegg.npy
./dataset/Breakfast/features_average/P37_webcam01_P37_tea.npy,./dataset/Breakfast/gt_arr/P37_webcam01_P37_tea.npy,./dataset/Breakfast/gt_boundary_arr/P37_webcam01_P37_tea.npy
./dataset/Breakfast/features_average/P37_webcam02_P37_cereals.npy,./dataset/Breakfast/gt_arr/P37_webcam02_P37_cereals.npy,./dataset/Breakfast/gt_boundary_arr/P37_webcam02_P37_cereals.npy
./dataset/Breakfast/features_average/P37_webcam02_P37_coffee.npy,./dataset/Breakfast/gt_arr/P37_webcam02_P37_coffee.npy,./dataset/Breakfast/gt_boundary_arr/P37_webcam02_P37_coffee.npy
./dataset/Breakfast/features_average/P37_webcam02_P37_friedegg.npy,./dataset/Breakfast/gt_arr/P37_webcam02_P37_friedegg.npy,./dataset/Breakfast/gt_boundary_arr/P37_webcam02_P37_friedegg.npy
./dataset/Breakfast/features_average/P37_webcam02_P37_juice.npy,./dataset/Breakfast/gt_arr/P37_webcam02_P37_juice.npy,./dataset/Breakfast/gt_boundary_arr/P37_webcam02_P37_juice.npy
./dataset/Breakfast/features_average/P37_webcam02_P37_pancake.npy,./dataset/Breakfast/gt_arr/P37_webcam02_P37_pancake.npy,./dataset/Breakfast/gt_boundary_arr/P37_webcam02_P37_pancake.npy
./dataset/Breakfast/features_average/P37_webcam02_P37_salat.npy,./dataset/Breakfast/gt_arr/P37_webcam02_P37_salat.npy,./dataset/Breakfast/gt_boundary_arr/P37_webcam02_P37_salat.npy
./dataset/Breakfast/features_average/P37_webcam02_P37_sandwich.npy,./dataset/Breakfast/gt_arr/P37_webcam02_P37_sandwich.npy,./dataset/Breakfast/gt_boundary_arr/P37_webcam02_P37_sandwich.npy
./dataset/Breakfast/features_average/P37_webcam02_P37_scrambledegg.npy,./dataset/Breakfast/gt_arr/P37_webcam02_P37_scrambledegg.npy,./dataset/Breakfast/gt_boundary_arr/P37_webcam02_P37_scrambledegg.npy
./dataset/Breakfast/features_average/P37_webcam02_P37_tea.npy,./dataset/Breakfast/gt_arr/P37_webcam02_P37_tea.npy,./dataset/Breakfast/gt_boundary_arr/P37_webcam02_P37_tea.npy
./dataset/Breakfast/features_average/P38_cam01_P38_cereals.npy,./dataset/Breakfast/gt_arr/P38_cam01_P38_cereals.npy,./dataset/Breakfast/gt_boundary_arr/P38_cam01_P38_cereals.npy
./dataset/Breakfast/features_average/P38_cam01_P38_coffee.npy,./dataset/Breakfast/gt_arr/P38_cam01_P38_coffee.npy,./dataset/Breakfast/gt_boundary_arr/P38_cam01_P38_coffee.npy
./dataset/Breakfast/features_average/P38_cam01_P38_friedegg.npy,./dataset/Breakfast/gt_arr/P38_cam01_P38_friedegg.npy,./dataset/Breakfast/gt_boundary_arr/P38_cam01_P38_friedegg.npy
./dataset/Breakfast/features_average/P38_cam01_P38_juice.npy,./dataset/Breakfast/gt_arr/P38_cam01_P38_juice.npy,./dataset/Breakfast/gt_boundary_arr/P38_cam01_P38_juice.npy
./dataset/Breakfast/features_average/P38_cam01_P38_pancake.npy,./dataset/Breakfast/gt_arr/P38_cam01_P38_pancake.npy,./dataset/Breakfast/gt_boundary_arr/P38_cam01_P38_pancake.npy
./dataset/Breakfast/features_average/P38_cam01_P38_salat.npy,./dataset/Breakfast/gt_arr/P38_cam01_P38_salat.npy,./dataset/Breakfast/gt_boundary_arr/P38_cam01_P38_salat.npy
./dataset/Breakfast/features_average/P38_cam01_P38_sandwich.npy,./dataset/Breakfast/gt_arr/P38_cam01_P38_sandwich.npy,./dataset/Breakfast/gt_boundary_arr/P38_cam01_P38_sandwich.npy
./dataset/Breakfast/features_average/P38_cam01_P38_scrambledegg.npy,./dataset/Breakfast/gt_arr/P38_cam01_P38_scrambledegg.npy,./dataset/Breakfast/gt_boundary_arr/P38_cam01_P38_scrambledegg.npy
./dataset/Breakfast/features_average/P38_cam01_P38_tea.npy,./dataset/Breakfast/gt_arr/P38_cam01_P38_tea.npy,./dataset/Breakfast/gt_boundary_arr/P38_cam01_P38_tea.npy
./dataset/Breakfast/features_average/P38_stereo01_P38_cereals.npy,./dataset/Breakfast/gt_arr/P38_stereo01_P38_cereals.npy,./dataset/Breakfast/gt_boundary_arr/P38_stereo01_P38_cereals.npy
./dataset/Breakfast/features_average/P38_stereo01_P38_coffee.npy,./dataset/Breakfast/gt_arr/P38_stereo01_P38_coffee.npy,./dataset/Breakfast/gt_boundary_arr/P38_stereo01_P38_coffee.npy
./dataset/Breakfast/features_average/P38_stereo01_P38_friedegg.npy,./dataset/Breakfast/gt_arr/P38_stereo01_P38_friedegg.npy,./dataset/Breakfast/gt_boundary_arr/P38_stereo01_P38_friedegg.npy
./dataset/Breakfast/features_average/P38_stereo01_P38_juice.npy,./dataset/Breakfast/gt_arr/P38_stereo01_P38_juice.npy,./dataset/Breakfast/gt_boundary_arr/P38_stereo01_P38_juice.npy
./dataset/Breakfast/features_average/P38_stereo01_P38_pancake.npy,./dataset/Breakfast/gt_arr/P38_stereo01_P38_pancake.npy,./dataset/Breakfast/gt_boundary_arr/P38_stereo01_P38_pancake.npy
./dataset/Breakfast/features_average/P38_stereo01_P38_salat.npy,./dataset/Breakfast/gt_arr/P38_stereo01_P38_salat.npy,./dataset/Breakfast/gt_boundary_arr/P38_stereo01_P38_salat.npy
./dataset/Breakfast/features_average/P38_stereo01_P38_sandwich.npy,./dataset/Breakfast/gt_arr/P38_stereo01_P38_sandwich.npy,./dataset/Breakfast/gt_boundary_arr/P38_stereo01_P38_sandwich.npy
./dataset/Breakfast/features_average/P38_stereo01_P38_scrambledegg.npy,./dataset/Breakfast/gt_arr/P38_stereo01_P38_scrambledegg.npy,./dataset/Breakfast/gt_boundary_arr/P38_stereo01_P38_scrambledegg.npy
./dataset/Breakfast/features_average/P38_stereo01_P38_tea.npy,./dataset/Breakfast/gt_arr/P38_stereo01_P38_tea.npy,./dataset/Breakfast/gt_boundary_arr/P38_stereo01_P38_tea.npy
./dataset/Breakfast/features_average/P38_webcam01_P38_cereals.npy,./dataset/Breakfast/gt_arr/P38_webcam01_P38_cereals.npy,./dataset/Breakfast/gt_boundary_arr/P38_webcam01_P38_cereals.npy
./dataset/Breakfast/features_average/P38_webcam01_P38_coffee.npy,./dataset/Breakfast/gt_arr/P38_webcam01_P38_coffee.npy,./dataset/Breakfast/gt_boundary_arr/P38_webcam01_P38_coffee.npy
./dataset/Breakfast/features_average/P38_webcam01_P38_friedegg.npy,./dataset/Breakfast/gt_arr/P38_webcam01_P38_friedegg.npy,./dataset/Breakfast/gt_boundary_arr/P38_webcam01_P38_friedegg.npy
./dataset/Breakfast/features_average/P38_webcam01_P38_juice.npy,./dataset/Breakfast/gt_arr/P38_webcam01_P38_juice.npy,./dataset/Breakfast/gt_boundary_arr/P38_webcam01_P38_juice.npy
./dataset/Breakfast/features_average/P38_webcam01_P38_pancake.npy,./dataset/Breakfast/gt_arr/P38_webcam01_P38_pancake.npy,./dataset/Breakfast/gt_boundary_arr/P38_webcam01_P38_pancake.npy
./dataset/Breakfast/features_average/P38_webcam01_P38_salat.npy,./dataset/Breakfast/gt_arr/P38_webcam01_P38_salat.npy,./dataset/Breakfast/gt_boundary_arr/P38_webcam01_P38_salat.npy
./dataset/Breakfast/features_average/P38_webcam01_P38_sandwich.npy,./dataset/Breakfast/gt_arr/P38_webcam01_P38_sandwich.npy,./dataset/Breakfast/gt_boundary_arr/P38_webcam01_P38_sandwich.npy
./dataset/Breakfast/features_average/P38_webcam01_P38_scrambledegg.npy,./dataset/Breakfast/gt_arr/P38_webcam01_P38_scrambledegg.npy,./dataset/Breakfast/gt_boundary_arr/P38_webcam01_P38_scrambledegg.npy
./dataset/Breakfast/features_average/P38_webcam01_P38_tea.npy,./dataset/Breakfast/gt_arr/P38_webcam01_P38_tea.npy,./dataset/Breakfast/gt_boundary_arr/P38_webcam01_P38_tea.npy
./dataset/Breakfast/features_average/P38_webcam02_P38_cereals.npy,./dataset/Breakfast/gt_arr/P38_webcam02_P38_cereals.npy,./dataset/Breakfast/gt_boundary_arr/P38_webcam02_P38_cereals.npy
./dataset/Breakfast/features_average/P38_webcam02_P38_coffee.npy,./dataset/Breakfast/gt_arr/P38_webcam02_P38_coffee.npy,./dataset/Breakfast/gt_boundary_arr/P38_webcam02_P38_coffee.npy
./dataset/Breakfast/features_average/P38_webcam02_P38_friedegg.npy,./dataset/Breakfast/gt_arr/P38_webcam02_P38_friedegg.npy,./dataset/Breakfast/gt_boundary_arr/P38_webcam02_P38_friedegg.npy
./dataset/Breakfast/features_average/P38_webcam02_P38_juice.npy,./dataset/Breakfast/gt_arr/P38_webcam02_P38_juice.npy,./dataset/Breakfast/gt_boundary_arr/P38_webcam02_P38_juice.npy
./dataset/Breakfast/features_average/P38_webcam02_P38_pancake.npy,./dataset/Breakfast/gt_arr/P38_webcam02_P38_pancake.npy,./dataset/Breakfast/gt_boundary_arr/P38_webcam02_P38_pancake.npy
./dataset/Breakfast/features_average/P38_webcam02_P38_salat.npy,./dataset/Breakfast/gt_arr/P38_webcam02_P38_salat.npy,./dataset/Breakfast/gt_boundary_arr/P38_webcam02_P38_salat.npy
./dataset/Breakfast/features_average/P38_webcam02_P38_sandwich.npy,./dataset/Breakfast/gt_arr/P38_webcam02_P38_sandwich.npy,./dataset/Breakfast/gt_boundary_arr/P38_webcam02_P38_sandwich.npy
./dataset/Breakfast/features_average/P38_webcam02_P38_scrambledegg.npy,./dataset/Breakfast/gt_arr/P38_webcam02_P38_scrambledegg.npy,./dataset/Breakfast/gt_boundary_arr/P38_webcam02_P38_scrambledegg.npy
./dataset/Breakfast/features_average/P38_webcam02_P38_tea.npy,./dataset/Breakfast/gt_arr/P38_webcam02_P38_tea.npy,./dataset/Breakfast/gt_boundary_arr/P38_webcam02_P38_tea.npy
./dataset/Breakfast/features_average/P39_cam01_P39_cereals.npy,./dataset/Breakfast/gt_arr/P39_cam01_P39_cereals.npy,./dataset/Breakfast/gt_boundary_arr/P39_cam01_P39_cereals.npy
./dataset/Breakfast/features_average/P39_cam01_P39_friedegg.npy,./dataset/Breakfast/gt_arr/P39_cam01_P39_friedegg.npy,./dataset/Breakfast/gt_boundary_arr/P39_cam01_P39_friedegg.npy
./dataset/Breakfast/features_average/P39_cam01_P39_milk.npy,./dataset/Breakfast/gt_arr/P39_cam01_P39_milk.npy,./dataset/Breakfast/gt_boundary_arr/P39_cam01_P39_milk.npy
./dataset/Breakfast/features_average/P39_cam01_P39_pancake.npy,./dataset/Breakfast/gt_arr/P39_cam01_P39_pancake.npy,./dataset/Breakfast/gt_boundary_arr/P39_cam01_P39_pancake.npy
./dataset/Breakfast/features_average/P39_cam01_P39_sandwich.npy,./dataset/Breakfast/gt_arr/P39_cam01_P39_sandwich.npy,./dataset/Breakfast/gt_boundary_arr/P39_cam01_P39_sandwich.npy
./dataset/Breakfast/features_average/P39_cam01_P39_scrambledegg.npy,./dataset/Breakfast/gt_arr/P39_cam01_P39_scrambledegg.npy,./dataset/Breakfast/gt_boundary_arr/P39_cam01_P39_scrambledegg.npy
./dataset/Breakfast/features_average/P39_cam01_P39_tea.npy,./dataset/Breakfast/gt_arr/P39_cam01_P39_tea.npy,./dataset/Breakfast/gt_boundary_arr/P39_cam01_P39_tea.npy
./dataset/Breakfast/features_average/P39_cam02_P39_cereals.npy,./dataset/Breakfast/gt_arr/P39_cam02_P39_cereals.npy,./dataset/Breakfast/gt_boundary_arr/P39_cam02_P39_cereals.npy
./dataset/Breakfast/features_average/P39_cam02_P39_friedegg.npy,./dataset/Breakfast/gt_arr/P39_cam02_P39_friedegg.npy,./dataset/Breakfast/gt_boundary_arr/P39_cam02_P39_friedegg.npy
./dataset/Breakfast/features_average/P39_cam02_P39_juice.npy,./dataset/Breakfast/gt_arr/P39_cam02_P39_juice.npy,./dataset/Breakfast/gt_boundary_arr/P39_cam02_P39_juice.npy
./dataset/Breakfast/features_average/P39_cam02_P39_milk.npy,./dataset/Breakfast/gt_arr/P39_cam02_P39_milk.npy,./dataset/Breakfast/gt_boundary_arr/P39_cam02_P39_milk.npy
./dataset/Breakfast/features_average/P39_cam02_P39_pancake.npy,./dataset/Breakfast/gt_arr/P39_cam02_P39_pancake.npy,./dataset/Breakfast/gt_boundary_arr/P39_cam02_P39_pancake.npy
./dataset/Breakfast/features_average/P39_cam02_P39_salat.npy,./dataset/Breakfast/gt_arr/P39_cam02_P39_salat.npy,./dataset/Breakfast/gt_boundary_arr/P39_cam02_P39_salat.npy
./dataset/Breakfast/features_average/P39_cam02_P39_scrambledegg.npy,./dataset/Breakfast/gt_arr/P39_cam02_P39_scrambledegg.npy,./dataset/Breakfast/gt_boundary_arr/P39_cam02_P39_scrambledegg.npy
./dataset/Breakfast/features_average/P39_cam02_P39_tea.npy,./dataset/Breakfast/gt_arr/P39_cam02_P39_tea.npy,./dataset/Breakfast/gt_boundary_arr/P39_cam02_P39_tea.npy
./dataset/Breakfast/features_average/P39_stereo01_P39_cereals.npy,./dataset/Breakfast/gt_arr/P39_stereo01_P39_cereals.npy,./dataset/Breakfast/gt_boundary_arr/P39_stereo01_P39_cereals.npy
./dataset/Breakfast/features_average/P39_stereo01_P39_coffee.npy,./dataset/Breakfast/gt_arr/P39_stereo01_P39_coffee.npy,./dataset/Breakfast/gt_boundary_arr/P39_stereo01_P39_coffee.npy
./dataset/Breakfast/features_average/P39_stereo01_P39_friedegg.npy,./dataset/Breakfast/gt_arr/P39_stereo01_P39_friedegg.npy,./dataset/Breakfast/gt_boundary_arr/P39_stereo01_P39_friedegg.npy
./dataset/Breakfast/features_average/P39_stereo01_P39_juice.npy,./dataset/Breakfast/gt_arr/P39_stereo01_P39_juice.npy,./dataset/Breakfast/gt_boundary_arr/P39_stereo01_P39_juice.npy
./dataset/Breakfast/features_average/P39_stereo01_P39_milk.npy,./dataset/Breakfast/gt_arr/P39_stereo01_P39_milk.npy,./dataset/Breakfast/gt_boundary_arr/P39_stereo01_P39_milk.npy
./dataset/Breakfast/features_average/P39_stereo01_P39_pancake.npy,./dataset/Breakfast/gt_arr/P39_stereo01_P39_pancake.npy,./dataset/Breakfast/gt_boundary_arr/P39_stereo01_P39_pancake.npy
./dataset/Breakfast/features_average/P39_stereo01_P39_salat.npy,./dataset/Breakfast/gt_arr/P39_stereo01_P39_salat.npy,./dataset/Breakfast/gt_boundary_arr/P39_stereo01_P39_salat.npy
./dataset/Breakfast/features_average/P39_stereo01_P39_scrambledegg.npy,./dataset/Breakfast/gt_arr/P39_stereo01_P39_scrambledegg.npy,./dataset/Breakfast/gt_boundary_arr/P39_stereo01_P39_scrambledegg.npy
./dataset/Breakfast/features_average/P39_stereo01_P39_tea.npy,./dataset/Breakfast/gt_arr/P39_stereo01_P39_tea.npy,./dataset/Breakfast/gt_boundary_arr/P39_stereo01_P39_tea.npy
./dataset/Breakfast/features_average/P39_webcam01_P39_cereals.npy,./dataset/Breakfast/gt_arr/P39_webcam01_P39_cereals.npy,./dataset/Breakfast/gt_boundary_arr/P39_webcam01_P39_cereals.npy
./dataset/Breakfast/features_average/P39_webcam01_P39_friedegg.npy,./dataset/Breakfast/gt_arr/P39_webcam01_P39_friedegg.npy,./dataset/Breakfast/gt_boundary_arr/P39_webcam01_P39_friedegg.npy
./dataset/Breakfast/features_average/P39_webcam01_P39_pancake.npy,./dataset/Breakfast/gt_arr/P39_webcam01_P39_pancake.npy,./dataset/Breakfast/gt_boundary_arr/P39_webcam01_P39_pancake.npy
./dataset/Breakfast/features_average/P39_webcam01_P39_salat.npy,./dataset/Breakfast/gt_arr/P39_webcam01_P39_salat.npy,./dataset/Breakfast/gt_boundary_arr/P39_webcam01_P39_salat.npy
./dataset/Breakfast/features_average/P39_webcam01_P39_sandwich.npy,./dataset/Breakfast/gt_arr/P39_webcam01_P39_sandwich.npy,./dataset/Breakfast/gt_boundary_arr/P39_webcam01_P39_sandwich.npy
./dataset/Breakfast/features_average/P39_webcam01_P39_scrambledegg.npy,./dataset/Breakfast/gt_arr/P39_webcam01_P39_scrambledegg.npy,./dataset/Breakfast/gt_boundary_arr/P39_webcam01_P39_scrambledegg.npy
./dataset/Breakfast/features_average/P39_webcam02_P39_cereals.npy,./dataset/Breakfast/gt_arr/P39_webcam02_P39_cereals.npy,./dataset/Breakfast/gt_boundary_arr/P39_webcam02_P39_cereals.npy
./dataset/Breakfast/features_average/P39_webcam02_P39_friedegg.npy,./dataset/Breakfast/gt_arr/P39_webcam02_P39_friedegg.npy,./dataset/Breakfast/gt_boundary_arr/P39_webcam02_P39_friedegg.npy
./dataset/Breakfast/features_average/P39_webcam02_P39_juice.npy,./dataset/Breakfast/gt_arr/P39_webcam02_P39_juice.npy,./dataset/Breakfast/gt_boundary_arr/P39_webcam02_P39_juice.npy
./dataset/Breakfast/features_average/P39_webcam02_P39_milk.npy,./dataset/Breakfast/gt_arr/P39_webcam02_P39_milk.npy,./dataset/Breakfast/gt_boundary_arr/P39_webcam02_P39_milk.npy
./dataset/Breakfast/features_average/P39_webcam02_P39_pancake.npy,./dataset/Breakfast/gt_arr/P39_webcam02_P39_pancake.npy,./dataset/Breakfast/gt_boundary_arr/P39_webcam02_P39_pancake.npy
./dataset/Breakfast/features_average/P39_webcam02_P39_salat.npy,./dataset/Breakfast/gt_arr/P39_webcam02_P39_salat.npy,./dataset/Breakfast/gt_boundary_arr/P39_webcam02_P39_salat.npy
./dataset/Breakfast/features_average/P39_webcam02_P39_sandwich.npy,./dataset/Breakfast/gt_arr/P39_webcam02_P39_sandwich.npy,./dataset/Breakfast/gt_boundary_arr/P39_webcam02_P39_sandwich.npy
./dataset/Breakfast/features_average/P39_webcam02_P39_scrambledegg.npy,./dataset/Breakfast/gt_arr/P39_webcam02_P39_scrambledegg.npy,./dataset/Breakfast/gt_boundary_arr/P39_webcam02_P39_scrambledegg.npy
./dataset/Breakfast/features_average/P39_webcam02_P39_tea.npy,./dataset/Breakfast/gt_arr/P39_webcam02_P39_tea.npy,./dataset/Breakfast/gt_boundary_arr/P39_webcam02_P39_tea.npy
./dataset/Breakfast/features_average/P40_cam01_P40_cereals.npy,./dataset/Breakfast/gt_arr/P40_cam01_P40_cereals.npy,./dataset/Breakfast/gt_boundary_arr/P40_cam01_P40_cereals.npy
./dataset/Breakfast/features_average/P40_cam01_P40_juice.npy,./dataset/Breakfast/gt_arr/P40_cam01_P40_juice.npy,./dataset/Breakfast/gt_boundary_arr/P40_cam01_P40_juice.npy
./dataset/Breakfast/features_average/P40_cam01_P40_milk.npy,./dataset/Breakfast/gt_arr/P40_cam01_P40_milk.npy,./dataset/Breakfast/gt_boundary_arr/P40_cam01_P40_milk.npy
./dataset/Breakfast/features_average/P40_cam01_P40_pancake.npy,./dataset/Breakfast/gt_arr/P40_cam01_P40_pancake.npy,./dataset/Breakfast/gt_boundary_arr/P40_cam01_P40_pancake.npy
./dataset/Breakfast/features_average/P40_cam01_P40_salat.npy,./dataset/Breakfast/gt_arr/P40_cam01_P40_salat.npy,./dataset/Breakfast/gt_boundary_arr/P40_cam01_P40_salat.npy
./dataset/Breakfast/features_average/P40_cam01_P40_sandwich.npy,./dataset/Breakfast/gt_arr/P40_cam01_P40_sandwich.npy,./dataset/Breakfast/gt_boundary_arr/P40_cam01_P40_sandwich.npy
./dataset/Breakfast/features_average/P40_cam01_P40_scrambledegg.npy,./dataset/Breakfast/gt_arr/P40_cam01_P40_scrambledegg.npy,./dataset/Breakfast/gt_boundary_arr/P40_cam01_P40_scrambledegg.npy
./dataset/Breakfast/features_average/P40_cam02_P40_cereals.npy,./dataset/Breakfast/gt_arr/P40_cam02_P40_cereals.npy,./dataset/Breakfast/gt_boundary_arr/P40_cam02_P40_cereals.npy
./dataset/Breakfast/features_average/P40_cam02_P40_coffee.npy,./dataset/Breakfast/gt_arr/P40_cam02_P40_coffee.npy,./dataset/Breakfast/gt_boundary_arr/P40_cam02_P40_coffee.npy
./dataset/Breakfast/features_average/P40_cam02_P40_friedegg.npy,./dataset/Breakfast/gt_arr/P40_cam02_P40_friedegg.npy,./dataset/Breakfast/gt_boundary_arr/P40_cam02_P40_friedegg.npy
./dataset/Breakfast/features_average/P40_cam02_P40_milk.npy,./dataset/Breakfast/gt_arr/P40_cam02_P40_milk.npy,./dataset/Breakfast/gt_boundary_arr/P40_cam02_P40_milk.npy
./dataset/Breakfast/features_average/P40_cam02_P40_pancake.npy,./dataset/Breakfast/gt_arr/P40_cam02_P40_pancake.npy,./dataset/Breakfast/gt_boundary_arr/P40_cam02_P40_pancake.npy
./dataset/Breakfast/features_average/P40_cam02_P40_salat.npy,./dataset/Breakfast/gt_arr/P40_cam02_P40_salat.npy,./dataset/Breakfast/gt_boundary_arr/P40_cam02_P40_salat.npy
./dataset/Breakfast/features_average/P40_cam02_P40_sandwich.npy,./dataset/Breakfast/gt_arr/P40_cam02_P40_sandwich.npy,./dataset/Breakfast/gt_boundary_arr/P40_cam02_P40_sandwich.npy
./dataset/Breakfast/features_average/P40_cam02_P40_scrambledegg.npy,./dataset/Breakfast/gt_arr/P40_cam02_P40_scrambledegg.npy,./dataset/Breakfast/gt_boundary_arr/P40_cam02_P40_scrambledegg.npy
./dataset/Breakfast/features_average/P40_cam02_P40_tea.npy,./dataset/Breakfast/gt_arr/P40_cam02_P40_tea.npy,./dataset/Breakfast/gt_boundary_arr/P40_cam02_P40_tea.npy
./dataset/Breakfast/features_average/P40_stereo01_P40_cereals.npy,./dataset/Breakfast/gt_arr/P40_stereo01_P40_cereals.npy,./dataset/Breakfast/gt_boundary_arr/P40_stereo01_P40_cereals.npy
./dataset/Breakfast/features_average/P40_stereo01_P40_coffee.npy,./dataset/Breakfast/gt_arr/P40_stereo01_P40_coffee.npy,./dataset/Breakfast/gt_boundary_arr/P40_stereo01_P40_coffee.npy
./dataset/Breakfast/features_average/P40_stereo01_P40_friedegg.npy,./dataset/Breakfast/gt_arr/P40_stereo01_P40_friedegg.npy,./dataset/Breakfast/gt_boundary_arr/P40_stereo01_P40_friedegg.npy
./dataset/Breakfast/features_average/P40_stereo01_P40_milk.npy,./dataset/Breakfast/gt_arr/P40_stereo01_P40_milk.npy,./dataset/Breakfast/gt_boundary_arr/P40_stereo01_P40_milk.npy
./dataset/Breakfast/features_average/P40_stereo01_P40_sandwich.npy,./dataset/Breakfast/gt_arr/P40_stereo01_P40_sandwich.npy,./dataset/Breakfast/gt_boundary_arr/P40_stereo01_P40_sandwich.npy
./dataset/Breakfast/features_average/P40_stereo01_P40_scrambledegg.npy,./dataset/Breakfast/gt_arr/P40_stereo01_P40_scrambledegg.npy,./dataset/Breakfast/gt_boundary_arr/P40_stereo01_P40_scrambledegg.npy
./dataset/Breakfast/features_average/P40_stereo01_P40_tea.npy,./dataset/Breakfast/gt_arr/P40_stereo01_P40_tea.npy,./dataset/Breakfast/gt_boundary_arr/P40_stereo01_P40_tea.npy
./dataset/Breakfast/features_average/P40_webcam01_P40_cereals.npy,./dataset/Breakfast/gt_arr/P40_webcam01_P40_cereals.npy,./dataset/Breakfast/gt_boundary_arr/P40_webcam01_P40_cereals.npy
./dataset/Breakfast/features_average/P40_webcam01_P40_coffee.npy,./dataset/Breakfast/gt_arr/P40_webcam01_P40_coffee.npy,./dataset/Breakfast/gt_boundary_arr/P40_webcam01_P40_coffee.npy
./dataset/Breakfast/features_average/P40_webcam01_P40_friedegg.npy,./dataset/Breakfast/gt_arr/P40_webcam01_P40_friedegg.npy,./dataset/Breakfast/gt_boundary_arr/P40_webcam01_P40_friedegg.npy
./dataset/Breakfast/features_average/P40_webcam01_P40_juice.npy,./dataset/Breakfast/gt_arr/P40_webcam01_P40_juice.npy,./dataset/Breakfast/gt_boundary_arr/P40_webcam01_P40_juice.npy
./dataset/Breakfast/features_average/P40_webcam01_P40_milk.npy,./dataset/Breakfast/gt_arr/P40_webcam01_P40_milk.npy,./dataset/Breakfast/gt_boundary_arr/P40_webcam01_P40_milk.npy
./dataset/Breakfast/features_average/P40_webcam01_P40_salat.npy,./dataset/Breakfast/gt_arr/P40_webcam01_P40_salat.npy,./dataset/Breakfast/gt_boundary_arr/P40_webcam01_P40_salat.npy
./dataset/Breakfast/features_average/P40_webcam01_P40_sandwich.npy,./dataset/Breakfast/gt_arr/P40_webcam01_P40_sandwich.npy,./dataset/Breakfast/gt_boundary_arr/P40_webcam01_P40_sandwich.npy
./dataset/Breakfast/features_average/P40_webcam01_P40_scrambledegg.npy,./dataset/Breakfast/gt_arr/P40_webcam01_P40_scrambledegg.npy,./dataset/Breakfast/gt_boundary_arr/P40_webcam01_P40_scrambledegg.npy
./dataset/Breakfast/features_average/P40_webcam01_P40_tea.npy,./dataset/Breakfast/gt_arr/P40_webcam01_P40_tea.npy,./dataset/Breakfast/gt_boundary_arr/P40_webcam01_P40_tea.npy
./dataset/Breakfast/features_average/P40_webcam02_P40_cereals.npy,./dataset/Breakfast/gt_arr/P40_webcam02_P40_cereals.npy,./dataset/Breakfast/gt_boundary_arr/P40_webcam02_P40_cereals.npy
./dataset/Breakfast/features_average/P40_webcam02_P40_coffee.npy,./dataset/Breakfast/gt_arr/P40_webcam02_P40_coffee.npy,./dataset/Breakfast/gt_boundary_arr/P40_webcam02_P40_coffee.npy
./dataset/Breakfast/features_average/P40_webcam02_P40_friedegg.npy,./dataset/Breakfast/gt_arr/P40_webcam02_P40_friedegg.npy,./dataset/Breakfast/gt_boundary_arr/P40_webcam02_P40_friedegg.npy
./dataset/Breakfast/features_average/P40_webcam02_P40_juice.npy,./dataset/Breakfast/gt_arr/P40_webcam02_P40_juice.npy,./dataset/Breakfast/gt_boundary_arr/P40_webcam02_P40_juice.npy
./dataset/Breakfast/features_average/P40_webcam02_P40_milk.npy,./dataset/Breakfast/gt_arr/P40_webcam02_P40_milk.npy,./dataset/Breakfast/gt_boundary_arr/P40_webcam02_P40_milk.npy
./dataset/Breakfast/features_average/P40_webcam02_P40_salat.npy,./dataset/Breakfast/gt_arr/P40_webcam02_P40_salat.npy,./dataset/Breakfast/gt_boundary_arr/P40_webcam02_P40_salat.npy
./dataset/Breakfast/features_average/P40_webcam02_P40_sandwich.npy,./dataset/Breakfast/gt_arr/P40_webcam02_P40_sandwich.npy,./dataset/Breakfast/gt_boundary_arr/P40_webcam02_P40_sandwich.npy
./dataset/Breakfast/features_average/P40_webcam02_P40_scrambledegg.npy,./dataset/Breakfast/gt_arr/P40_webcam02_P40_scrambledegg.npy,./dataset/Breakfast/gt_boundary_arr/P40_webcam02_P40_scrambledegg.npy
./dataset/Breakfast/features_average/P40_webcam02_P40_tea.npy,./dataset/Breakfast/gt_arr/P40_webcam02_P40_tea.npy,./dataset/Breakfast/gt_boundary_arr/P40_webcam02_P40_tea.npy
./dataset/Breakfast/features_average/P41_cam01_P41_cereals.npy,./dataset/Breakfast/gt_arr/P41_cam01_P41_cereals.npy,./dataset/Breakfast/gt_boundary_arr/P41_cam01_P41_cereals.npy
./dataset/Breakfast/features_average/P41_cam01_P41_coffee.npy,./dataset/Breakfast/gt_arr/P41_cam01_P41_coffee.npy,./dataset/Breakfast/gt_boundary_arr/P41_cam01_P41_coffee.npy
./dataset/Breakfast/features_average/P41_cam01_P41_friedegg.npy,./dataset/Breakfast/gt_arr/P41_cam01_P41_friedegg.npy,./dataset/Breakfast/gt_boundary_arr/P41_cam01_P41_friedegg.npy
./dataset/Breakfast/features_average/P41_cam01_P41_juice.npy,./dataset/Breakfast/gt_arr/P41_cam01_P41_juice.npy,./dataset/Breakfast/gt_boundary_arr/P41_cam01_P41_juice.npy
./dataset/Breakfast/features_average/P41_cam01_P41_milk.npy,./dataset/Breakfast/gt_arr/P41_cam01_P41_milk.npy,./dataset/Breakfast/gt_boundary_arr/P41_cam01_P41_milk.npy
./dataset/Breakfast/features_average/P41_cam01_P41_salat.npy,./dataset/Breakfast/gt_arr/P41_cam01_P41_salat.npy,./dataset/Breakfast/gt_boundary_arr/P41_cam01_P41_salat.npy
./dataset/Breakfast/features_average/P41_cam01_P41_sandwich.npy,./dataset/Breakfast/gt_arr/P41_cam01_P41_sandwich.npy,./dataset/Breakfast/gt_boundary_arr/P41_cam01_P41_sandwich.npy
./dataset/Breakfast/features_average/P41_cam01_P41_scrambledegg.npy,./dataset/Breakfast/gt_arr/P41_cam01_P41_scrambledegg.npy,./dataset/Breakfast/gt_boundary_arr/P41_cam01_P41_scrambledegg.npy
./dataset/Breakfast/features_average/P41_cam01_P41_tea.npy,./dataset/Breakfast/gt_arr/P41_cam01_P41_tea.npy,./dataset/Breakfast/gt_boundary_arr/P41_cam01_P41_tea.npy
./dataset/Breakfast/features_average/P41_cam02_P41_cereals.npy,./dataset/Breakfast/gt_arr/P41_cam02_P41_cereals.npy,./dataset/Breakfast/gt_boundary_arr/P41_cam02_P41_cereals.npy
./dataset/Breakfast/features_average/P41_cam02_P41_coffee.npy,./dataset/Breakfast/gt_arr/P41_cam02_P41_coffee.npy,./dataset/Breakfast/gt_boundary_arr/P41_cam02_P41_coffee.npy
./dataset/Breakfast/features_average/P41_cam02_P41_friedegg.npy,./dataset/Breakfast/gt_arr/P41_cam02_P41_friedegg.npy,./dataset/Breakfast/gt_boundary_arr/P41_cam02_P41_friedegg.npy
./dataset/Breakfast/features_average/P41_cam02_P41_juice.npy,./dataset/Breakfast/gt_arr/P41_cam02_P41_juice.npy,./dataset/Breakfast/gt_boundary_arr/P41_cam02_P41_juice.npy
./dataset/Breakfast/features_average/P41_cam02_P41_milk.npy,./dataset/Breakfast/gt_arr/P41_cam02_P41_milk.npy,./dataset/Breakfast/gt_boundary_arr/P41_cam02_P41_milk.npy
./dataset/Breakfast/features_average/P41_cam02_P41_salat.npy,./dataset/Breakfast/gt_arr/P41_cam02_P41_salat.npy,./dataset/Breakfast/gt_boundary_arr/P41_cam02_P41_salat.npy
./dataset/Breakfast/features_average/P41_cam02_P41_sandwich.npy,./dataset/Breakfast/gt_arr/P41_cam02_P41_sandwich.npy,./dataset/Breakfast/gt_boundary_arr/P41_cam02_P41_sandwich.npy
./dataset/Breakfast/features_average/P41_cam02_P41_scrambledegg.npy,./dataset/Breakfast/gt_arr/P41_cam02_P41_scrambledegg.npy,./dataset/Breakfast/gt_boundary_arr/P41_cam02_P41_scrambledegg.npy
./dataset/Breakfast/features_average/P41_cam02_P41_tea.npy,./dataset/Breakfast/gt_arr/P41_cam02_P41_tea.npy,./dataset/Breakfast/gt_boundary_arr/P41_cam02_P41_tea.npy
./dataset/Breakfast/features_average/P41_stereo01_P41_cereals.npy,./dataset/Breakfast/gt_arr/P41_stereo01_P41_cereals.npy,./dataset/Breakfast/gt_boundary_arr/P41_stereo01_P41_cereals.npy
./dataset/Breakfast/features_average/P41_stereo01_P41_coffee.npy,./dataset/Breakfast/gt_arr/P41_stereo01_P41_coffee.npy,./dataset/Breakfast/gt_boundary_arr/P41_stereo01_P41_coffee.npy
./dataset/Breakfast/features_average/P41_stereo01_P41_friedegg.npy,./dataset/Breakfast/gt_arr/P41_stereo01_P41_friedegg.npy,./dataset/Breakfast/gt_boundary_arr/P41_stereo01_P41_friedegg.npy
./dataset/Breakfast/features_average/P41_stereo01_P41_juice.npy,./dataset/Breakfast/gt_arr/P41_stereo01_P41_juice.npy,./dataset/Breakfast/gt_boundary_arr/P41_stereo01_P41_juice.npy
./dataset/Breakfast/features_average/P41_stereo01_P41_milk.npy,./dataset/Breakfast/gt_arr/P41_stereo01_P41_milk.npy,./dataset/Breakfast/gt_boundary_arr/P41_stereo01_P41_milk.npy
./dataset/Breakfast/features_average/P41_stereo01_P41_salat.npy,./dataset/Breakfast/gt_arr/P41_stereo01_P41_salat.npy,./dataset/Breakfast/gt_boundary_arr/P41_stereo01_P41_salat.npy
./dataset/Breakfast/features_average/P41_stereo01_P41_sandwich.npy,./dataset/Breakfast/gt_arr/P41_stereo01_P41_sandwich.npy,./dataset/Breakfast/gt_boundary_arr/P41_stereo01_P41_sandwich.npy
./dataset/Breakfast/features_average/P41_stereo01_P41_scrambledegg.npy,./dataset/Breakfast/gt_arr/P41_stereo01_P41_scrambledegg.npy,./dataset/Breakfast/gt_boundary_arr/P41_stereo01_P41_scrambledegg.npy
./dataset/Breakfast/features_average/P41_stereo01_P41_tea.npy,./dataset/Breakfast/gt_arr/P41_stereo01_P41_tea.npy,./dataset/Breakfast/gt_boundary_arr/P41_stereo01_P41_tea.npy
./dataset/Breakfast/features_average/P41_webcam01_P41_cereals.npy,./dataset/Breakfast/gt_arr/P41_webcam01_P41_cereals.npy,./dataset/Breakfast/gt_boundary_arr/P41_webcam01_P41_cereals.npy
./dataset/Breakfast/features_average/P41_webcam01_P41_coffee.npy,./dataset/Breakfast/gt_arr/P41_webcam01_P41_coffee.npy,./dataset/Breakfast/gt_boundary_arr/P41_webcam01_P41_coffee.npy
./dataset/Breakfast/features_average/P41_webcam01_P41_friedegg.npy,./dataset/Breakfast/gt_arr/P41_webcam01_P41_friedegg.npy,./dataset/Breakfast/gt_boundary_arr/P41_webcam01_P41_friedegg.npy
./dataset/Breakfast/features_average/P41_webcam01_P41_juice.npy,./dataset/Breakfast/gt_arr/P41_webcam01_P41_juice.npy,./dataset/Breakfast/gt_boundary_arr/P41_webcam01_P41_juice.npy
./dataset/Breakfast/features_average/P41_webcam01_P41_milk.npy,./dataset/Breakfast/gt_arr/P41_webcam01_P41_milk.npy,./dataset/Breakfast/gt_boundary_arr/P41_webcam01_P41_milk.npy
./dataset/Breakfast/features_average/P41_webcam01_P41_salat.npy,./dataset/Breakfast/gt_arr/P41_webcam01_P41_salat.npy,./dataset/Breakfast/gt_boundary_arr/P41_webcam01_P41_salat.npy
./dataset/Breakfast/features_average/P41_webcam01_P41_sandwich.npy,./dataset/Breakfast/gt_arr/P41_webcam01_P41_sandwich.npy,./dataset/Breakfast/gt_boundary_arr/P41_webcam01_P41_sandwich.npy
./dataset/Breakfast/features_average/P41_webcam01_P41_scrambledegg.npy,./dataset/Breakfast/gt_arr/P41_webcam01_P41_scrambledegg.npy,./dataset/Breakfast/gt_boundary_arr/P41_webcam01_P41_scrambledegg.npy
./dataset/Breakfast/features_average/P41_webcam01_P41_tea.npy,./dataset/Breakfast/gt_arr/P41_webcam01_P41_tea.npy,./dataset/Breakfast/gt_boundary_arr/P41_webcam01_P41_tea.npy
./dataset/Breakfast/features_average/P41_webcam02_P41_cereals.npy,./dataset/Breakfast/gt_arr/P41_webcam02_P41_cereals.npy,./dataset/Breakfast/gt_boundary_arr/P41_webcam02_P41_cereals.npy
./dataset/Breakfast/features_average/P41_webcam02_P41_coffee.npy,./dataset/Breakfast/gt_arr/P41_webcam02_P41_coffee.npy,./dataset/Breakfast/gt_boundary_arr/P41_webcam02_P41_coffee.npy
./dataset/Breakfast/features_average/P41_webcam02_P41_friedegg.npy,./dataset/Breakfast/gt_arr/P41_webcam02_P41_friedegg.npy,./dataset/Breakfast/gt_boundary_arr/P41_webcam02_P41_friedegg.npy
./dataset/Breakfast/features_average/P41_webcam02_P41_juice.npy,./dataset/Breakfast/gt_arr/P41_webcam02_P41_juice.npy,./dataset/Breakfast/gt_boundary_arr/P41_webcam02_P41_juice.npy
./dataset/Breakfast/features_average/P41_webcam02_P41_milk.npy,./dataset/Breakfast/gt_arr/P41_webcam02_P41_milk.npy,./dataset/Breakfast/gt_boundary_arr/P41_webcam02_P41_milk.npy
./dataset/Breakfast/features_average/P41_webcam02_P41_salat.npy,./dataset/Breakfast/gt_arr/P41_webcam02_P41_salat.npy,./dataset/Breakfast/gt_boundary_arr/P41_webcam02_P41_salat.npy
./dataset/Breakfast/features_average/P41_webcam02_P41_sandwich.npy,./dataset/Breakfast/gt_arr/P41_webcam02_P41_sandwich.npy,./dataset/Breakfast/gt_boundary_arr/P41_webcam02_P41_sandwich.npy
./dataset/Breakfast/features_average/P41_webcam02_P41_scrambledegg.npy,./dataset/Breakfast/gt_arr/P41_webcam02_P41_scrambledegg.npy,./dataset/Breakfast/gt_boundary_arr/P41_webcam02_P41_scrambledegg.npy
./dataset/Breakfast/features_average/P41_webcam02_P41_tea.npy,./dataset/Breakfast/gt_arr/P41_webcam02_P41_tea.npy,./dataset/Breakfast/gt_boundary_arr/P41_webcam02_P41_tea.npy
./dataset/Breakfast/features_average/P42_cam01_P42_cereals.npy,./dataset/Breakfast/gt_arr/P42_cam01_P42_cereals.npy,./dataset/Breakfast/gt_boundary_arr/P42_cam01_P42_cereals.npy
./dataset/Breakfast/features_average/P42_cam01_P42_coffee.npy,./dataset/Breakfast/gt_arr/P42_cam01_P42_coffee.npy,./dataset/Breakfast/gt_boundary_arr/P42_cam01_P42_coffee.npy
./dataset/Breakfast/features_average/P42_cam01_P42_friedegg.npy,./dataset/Breakfast/gt_arr/P42_cam01_P42_friedegg.npy,./dataset/Breakfast/gt_boundary_arr/P42_cam01_P42_friedegg.npy
./dataset/Breakfast/features_average/P42_cam01_P42_juice.npy,./dataset/Breakfast/gt_arr/P42_cam01_P42_juice.npy,./dataset/Breakfast/gt_boundary_arr/P42_cam01_P42_juice.npy
./dataset/Breakfast/features_average/P42_cam01_P42_milk.npy,./dataset/Breakfast/gt_arr/P42_cam01_P42_milk.npy,./dataset/Breakfast/gt_boundary_arr/P42_cam01_P42_milk.npy
./dataset/Breakfast/features_average/P42_cam01_P42_salat.npy,./dataset/Breakfast/gt_arr/P42_cam01_P42_salat.npy,./dataset/Breakfast/gt_boundary_arr/P42_cam01_P42_salat.npy
./dataset/Breakfast/features_average/P42_cam01_P42_sandwich.npy,./dataset/Breakfast/gt_arr/P42_cam01_P42_sandwich.npy,./dataset/Breakfast/gt_boundary_arr/P42_cam01_P42_sandwich.npy
./dataset/Breakfast/features_average/P42_cam01_P42_scrambledegg.npy,./dataset/Breakfast/gt_arr/P42_cam01_P42_scrambledegg.npy,./dataset/Breakfast/gt_boundary_arr/P42_cam01_P42_scrambledegg.npy
./dataset/Breakfast/features_average/P42_cam01_P42_tea.npy,./dataset/Breakfast/gt_arr/P42_cam01_P42_tea.npy,./dataset/Breakfast/gt_boundary_arr/P42_cam01_P42_tea.npy
./dataset/Breakfast/features_average/P42_cam02_P42_cereals.npy,./dataset/Breakfast/gt_arr/P42_cam02_P42_cereals.npy,./dataset/Breakfast/gt_boundary_arr/P42_cam02_P42_cereals.npy
./dataset/Breakfast/features_average/P42_cam02_P42_coffee.npy,./dataset/Breakfast/gt_arr/P42_cam02_P42_coffee.npy,./dataset/Breakfast/gt_boundary_arr/P42_cam02_P42_coffee.npy
./dataset/Breakfast/features_average/P42_cam02_P42_juice.npy,./dataset/Breakfast/gt_arr/P42_cam02_P42_juice.npy,./dataset/Breakfast/gt_boundary_arr/P42_cam02_P42_juice.npy
./dataset/Breakfast/features_average/P42_cam02_P42_milk.npy,./dataset/Breakfast/gt_arr/P42_cam02_P42_milk.npy,./dataset/Breakfast/gt_boundary_arr/P42_cam02_P42_milk.npy
./dataset/Breakfast/features_average/P42_cam02_P42_pancake.npy,./dataset/Breakfast/gt_arr/P42_cam02_P42_pancake.npy,./dataset/Breakfast/gt_boundary_arr/P42_cam02_P42_pancake.npy
./dataset/Breakfast/features_average/P42_cam02_P42_sandwich.npy,./dataset/Breakfast/gt_arr/P42_cam02_P42_sandwich.npy,./dataset/Breakfast/gt_boundary_arr/P42_cam02_P42_sandwich.npy
./dataset/Breakfast/features_average/P42_cam02_P42_scrambledegg.npy,./dataset/Breakfast/gt_arr/P42_cam02_P42_scrambledegg.npy,./dataset/Breakfast/gt_boundary_arr/P42_cam02_P42_scrambledegg.npy
./dataset/Breakfast/features_average/P42_cam02_P42_tea.npy,./dataset/Breakfast/gt_arr/P42_cam02_P42_tea.npy,./dataset/Breakfast/gt_boundary_arr/P42_cam02_P42_tea.npy
./dataset/Breakfast/features_average/P42_stereo01_P42_cereals.npy,./dataset/Breakfast/gt_arr/P42_stereo01_P42_cereals.npy,./dataset/Breakfast/gt_boundary_arr/P42_stereo01_P42_cereals.npy
./dataset/Breakfast/features_average/P42_stereo01_P42_coffee.npy,./dataset/Breakfast/gt_arr/P42_stereo01_P42_coffee.npy,./dataset/Breakfast/gt_boundary_arr/P42_stereo01_P42_coffee.npy
./dataset/Breakfast/features_average/P42_stereo01_P42_friedegg.npy,./dataset/Breakfast/gt_arr/P42_stereo01_P42_friedegg.npy,./dataset/Breakfast/gt_boundary_arr/P42_stereo01_P42_friedegg.npy
./dataset/Breakfast/features_average/P42_stereo01_P42_juice.npy,./dataset/Breakfast/gt_arr/P42_stereo01_P42_juice.npy,./dataset/Breakfast/gt_boundary_arr/P42_stereo01_P42_juice.npy
./dataset/Breakfast/features_average/P42_stereo01_P42_milk.npy,./dataset/Breakfast/gt_arr/P42_stereo01_P42_milk.npy,./dataset/Breakfast/gt_boundary_arr/P42_stereo01_P42_milk.npy
./dataset/Breakfast/features_average/P42_stereo01_P42_pancake.npy,./dataset/Breakfast/gt_arr/P42_stereo01_P42_pancake.npy,./dataset/Breakfast/gt_boundary_arr/P42_stereo01_P42_pancake.npy
./dataset/Breakfast/features_average/P42_stereo01_P42_scrambledegg.npy,./dataset/Breakfast/gt_arr/P42_stereo01_P42_scrambledegg.npy,./dataset/Breakfast/gt_boundary_arr/P42_stereo01_P42_scrambledegg.npy
./dataset/Breakfast/features_average/P42_stereo01_P42_tea.npy,./dataset/Breakfast/gt_arr/P42_stereo01_P42_tea.npy,./dataset/Breakfast/gt_boundary_arr/P42_stereo01_P42_tea.npy
./dataset/Breakfast/features_average/P42_webcam01_P42_cereals.npy,./dataset/Breakfast/gt_arr/P42_webcam01_P42_cereals.npy,./dataset/Breakfast/gt_boundary_arr/P42_webcam01_P42_cereals.npy
./dataset/Breakfast/features_average/P42_webcam01_P42_coffee.npy,./dataset/Breakfast/gt_arr/P42_webcam01_P42_coffee.npy,./dataset/Breakfast/gt_boundary_arr/P42_webcam01_P42_coffee.npy
./dataset/Breakfast/features_average/P42_webcam01_P42_friedegg.npy,./dataset/Breakfast/gt_arr/P42_webcam01_P42_friedegg.npy,./dataset/Breakfast/gt_boundary_arr/P42_webcam01_P42_friedegg.npy
./dataset/Breakfast/features_average/P42_webcam01_P42_juice.npy,./dataset/Breakfast/gt_arr/P42_webcam01_P42_juice.npy,./dataset/Breakfast/gt_boundary_arr/P42_webcam01_P42_juice.npy
./dataset/Breakfast/features_average/P42_webcam01_P42_milk.npy,./dataset/Breakfast/gt_arr/P42_webcam01_P42_milk.npy,./dataset/Breakfast/gt_boundary_arr/P42_webcam01_P42_milk.npy
./dataset/Breakfast/features_average/P42_webcam01_P42_pancake.npy,./dataset/Breakfast/gt_arr/P42_webcam01_P42_pancake.npy,./dataset/Breakfast/gt_boundary_arr/P42_webcam01_P42_pancake.npy
./dataset/Breakfast/features_average/P42_webcam01_P42_salat.npy,./dataset/Breakfast/gt_arr/P42_webcam01_P42_salat.npy,./dataset/Breakfast/gt_boundary_arr/P42_webcam01_P42_salat.npy
./dataset/Breakfast/features_average/P42_webcam01_P42_scrambledegg.npy,./dataset/Breakfast/gt_arr/P42_webcam01_P42_scrambledegg.npy,./dataset/Breakfast/gt_boundary_arr/P42_webcam01_P42_scrambledegg.npy
./dataset/Breakfast/features_average/P42_webcam01_P42_tea.npy,./dataset/Breakfast/gt_arr/P42_webcam01_P42_tea.npy,./dataset/Breakfast/gt_boundary_arr/P42_webcam01_P42_tea.npy
./dataset/Breakfast/features_average/P42_webcam02_P42_cereals.npy,./dataset/Breakfast/gt_arr/P42_webcam02_P42_cereals.npy,./dataset/Breakfast/gt_boundary_arr/P42_webcam02_P42_cereals.npy
./dataset/Breakfast/features_average/P42_webcam02_P42_coffee.npy,./dataset/Breakfast/gt_arr/P42_webcam02_P42_coffee.npy,./dataset/Breakfast/gt_boundary_arr/P42_webcam02_P42_coffee.npy
./dataset/Breakfast/features_average/P42_webcam02_P42_friedegg.npy,./dataset/Breakfast/gt_arr/P42_webcam02_P42_friedegg.npy,./dataset/Breakfast/gt_boundary_arr/P42_webcam02_P42_friedegg.npy
./dataset/Breakfast/features_average/P42_webcam02_P42_juice.npy,./dataset/Breakfast/gt_arr/P42_webcam02_P42_juice.npy,./dataset/Breakfast/gt_boundary_arr/P42_webcam02_P42_juice.npy
./dataset/Breakfast/features_average/P42_webcam02_P42_milk.npy,./dataset/Breakfast/gt_arr/P42_webcam02_P42_milk.npy,./dataset/Breakfast/gt_boundary_arr/P42_webcam02_P42_milk.npy
./dataset/Breakfast/features_average/P42_webcam02_P42_pancake.npy,./dataset/Breakfast/gt_arr/P42_webcam02_P42_pancake.npy,./dataset/Breakfast/gt_boundary_arr/P42_webcam02_P42_pancake.npy
./dataset/Breakfast/features_average/P42_webcam02_P42_salat.npy,./dataset/Breakfast/gt_arr/P42_webcam02_P42_salat.npy,./dataset/Breakfast/gt_boundary_arr/P42_webcam02_P42_salat.npy
./dataset/Breakfast/features_average/P42_webcam02_P42_scrambledegg.npy,./dataset/Breakfast/gt_arr/P42_webcam02_P42_scrambledegg.npy,./dataset/Breakfast/gt_boundary_arr/P42_webcam02_P42_scrambledegg.npy
./dataset/Breakfast/features_average/P42_webcam02_P42_tea.npy,./dataset/Breakfast/gt_arr/P42_webcam02_P42_tea.npy,./dataset/Breakfast/gt_boundary_arr/P42_webcam02_P42_tea.npy
./dataset/Breakfast/features_average/P43_cam01_P43_friedegg.npy,./dataset/Breakfast/gt_arr/P43_cam01_P43_friedegg.npy,./dataset/Breakfast/gt_boundary_arr/P43_cam01_P43_friedegg.npy
./dataset/Breakfast/features_average/P43_cam01_P43_milk.npy,./dataset/Breakfast/gt_arr/P43_cam01_P43_milk.npy,./dataset/Breakfast/gt_boundary_arr/P43_cam01_P43_milk.npy
./dataset/Breakfast/features_average/P43_cam01_P43_scrambledegg.npy,./dataset/Breakfast/gt_arr/P43_cam01_P43_scrambledegg.npy,./dataset/Breakfast/gt_boundary_arr/P43_cam01_P43_scrambledegg.npy
./dataset/Breakfast/features_average/P43_cam02_P43_cereals.npy,./dataset/Breakfast/gt_arr/P43_cam02_P43_cereals.npy,./dataset/Breakfast/gt_boundary_arr/P43_cam02_P43_cereals.npy
./dataset/Breakfast/features_average/P43_cam02_P43_coffee.npy,./dataset/Breakfast/gt_arr/P43_cam02_P43_coffee.npy,./dataset/Breakfast/gt_boundary_arr/P43_cam02_P43_coffee.npy
./dataset/Breakfast/features_average/P43_cam02_P43_friedegg.npy,./dataset/Breakfast/gt_arr/P43_cam02_P43_friedegg.npy,./dataset/Breakfast/gt_boundary_arr/P43_cam02_P43_friedegg.npy
./dataset/Breakfast/features_average/P43_cam02_P43_juice.npy,./dataset/Breakfast/gt_arr/P43_cam02_P43_juice.npy,./dataset/Breakfast/gt_boundary_arr/P43_cam02_P43_juice.npy
./dataset/Breakfast/features_average/P43_cam02_P43_pancake.npy,./dataset/Breakfast/gt_arr/P43_cam02_P43_pancake.npy,./dataset/Breakfast/gt_boundary_arr/P43_cam02_P43_pancake.npy
./dataset/Breakfast/features_average/P43_cam02_P43_salat.npy,./dataset/Breakfast/gt_arr/P43_cam02_P43_salat.npy,./dataset/Breakfast/gt_boundary_arr/P43_cam02_P43_salat.npy
./dataset/Breakfast/features_average/P43_cam02_P43_scrambledegg.npy,./dataset/Breakfast/gt_arr/P43_cam02_P43_scrambledegg.npy,./dataset/Breakfast/gt_boundary_arr/P43_cam02_P43_scrambledegg.npy
./dataset/Breakfast/features_average/P43_cam02_P43_tea.npy,./dataset/Breakfast/gt_arr/P43_cam02_P43_tea.npy,./dataset/Breakfast/gt_boundary_arr/P43_cam02_P43_tea.npy
./dataset/Breakfast/features_average/P43_stereo01_P43_cereals.npy,./dataset/Breakfast/gt_arr/P43_stereo01_P43_cereals.npy,./dataset/Breakfast/gt_boundary_arr/P43_stereo01_P43_cereals.npy
./dataset/Breakfast/features_average/P43_stereo01_P43_friedegg.npy,./dataset/Breakfast/gt_arr/P43_stereo01_P43_friedegg.npy,./dataset/Breakfast/gt_boundary_arr/P43_stereo01_P43_friedegg.npy
./dataset/Breakfast/features_average/P43_stereo01_P43_juice.npy,./dataset/Breakfast/gt_arr/P43_stereo01_P43_juice.npy,./dataset/Breakfast/gt_boundary_arr/P43_stereo01_P43_juice.npy
./dataset/Breakfast/features_average/P43_stereo01_P43_milk.npy,./dataset/Breakfast/gt_arr/P43_stereo01_P43_milk.npy,./dataset/Breakfast/gt_boundary_arr/P43_stereo01_P43_milk.npy
./dataset/Breakfast/features_average/P43_stereo01_P43_pancake.npy,./dataset/Breakfast/gt_arr/P43_stereo01_P43_pancake.npy,./dataset/Breakfast/gt_boundary_arr/P43_stereo01_P43_pancake.npy
./dataset/Breakfast/features_average/P43_stereo01_P43_scrambledegg.npy,./dataset/Breakfast/gt_arr/P43_stereo01_P43_scrambledegg.npy,./dataset/Breakfast/gt_boundary_arr/P43_stereo01_P43_scrambledegg.npy
./dataset/Breakfast/features_average/P43_stereo01_P43_tea.npy,./dataset/Breakfast/gt_arr/P43_stereo01_P43_tea.npy,./dataset/Breakfast/gt_boundary_arr/P43_stereo01_P43_tea.npy
./dataset/Breakfast/features_average/P43_webcam01_P43_cereals.npy,./dataset/Breakfast/gt_arr/P43_webcam01_P43_cereals.npy,./dataset/Breakfast/gt_boundary_arr/P43_webcam01_P43_cereals.npy
./dataset/Breakfast/features_average/P43_webcam01_P43_coffee.npy,./dataset/Breakfast/gt_arr/P43_webcam01_P43_coffee.npy,./dataset/Breakfast/gt_boundary_arr/P43_webcam01_P43_coffee.npy
./dataset/Breakfast/features_average/P43_webcam01_P43_friedegg.npy,./dataset/Breakfast/gt_arr/P43_webcam01_P43_friedegg.npy,./dataset/Breakfast/gt_boundary_arr/P43_webcam01_P43_friedegg.npy
./dataset/Breakfast/features_average/P43_webcam01_P43_juice.npy,./dataset/Breakfast/gt_arr/P43_webcam01_P43_juice.npy,./dataset/Breakfast/gt_boundary_arr/P43_webcam01_P43_juice.npy
./dataset/Breakfast/features_average/P43_webcam01_P43_milk.npy,./dataset/Breakfast/gt_arr/P43_webcam01_P43_milk.npy,./dataset/Breakfast/gt_boundary_arr/P43_webcam01_P43_milk.npy
./dataset/Breakfast/features_average/P43_webcam01_P43_pancake.npy,./dataset/Breakfast/gt_arr/P43_webcam01_P43_pancake.npy,./dataset/Breakfast/gt_boundary_arr/P43_webcam01_P43_pancake.npy
./dataset/Breakfast/features_average/P43_webcam01_P43_salat.npy,./dataset/Breakfast/gt_arr/P43_webcam01_P43_salat.npy,./dataset/Breakfast/gt_boundary_arr/P43_webcam01_P43_salat.npy
./dataset/Breakfast/features_average/P43_webcam01_P43_scrambledegg.npy,./dataset/Breakfast/gt_arr/P43_webcam01_P43_scrambledegg.npy,./dataset/Breakfast/gt_boundary_arr/P43_webcam01_P43_scrambledegg.npy
./dataset/Breakfast/features_average/P43_webcam01_P43_tea.npy,./dataset/Breakfast/gt_arr/P43_webcam01_P43_tea.npy,./dataset/Breakfast/gt_boundary_arr/P43_webcam01_P43_tea.npy
./dataset/Breakfast/features_average/P43_webcam02_P43_cereals.npy,./dataset/Breakfast/gt_arr/P43_webcam02_P43_cereals.npy,./dataset/Breakfast/gt_boundary_arr/P43_webcam02_P43_cereals.npy
./dataset/Breakfast/features_average/P43_webcam02_P43_coffee.npy,./dataset/Breakfast/gt_arr/P43_webcam02_P43_coffee.npy,./dataset/Breakfast/gt_boundary_arr/P43_webcam02_P43_coffee.npy
./dataset/Breakfast/features_average/P43_webcam02_P43_friedegg.npy,./dataset/Breakfast/gt_arr/P43_webcam02_P43_friedegg.npy,./dataset/Breakfast/gt_boundary_arr/P43_webcam02_P43_friedegg.npy
./dataset/Breakfast/features_average/P43_webcam02_P43_juice.npy,./dataset/Breakfast/gt_arr/P43_webcam02_P43_juice.npy,./dataset/Breakfast/gt_boundary_arr/P43_webcam02_P43_juice.npy
./dataset/Breakfast/features_average/P43_webcam02_P43_milk.npy,./dataset/Breakfast/gt_arr/P43_webcam02_P43_milk.npy,./dataset/Breakfast/gt_boundary_arr/P43_webcam02_P43_milk.npy
./dataset/Breakfast/features_average/P43_webcam02_P43_pancake.npy,./dataset/Breakfast/gt_arr/P43_webcam02_P43_pancake.npy,./dataset/Breakfast/gt_boundary_arr/P43_webcam02_P43_pancake.npy
./dataset/Breakfast/features_average/P43_webcam02_P43_salat.npy,./dataset/Breakfast/gt_arr/P43_webcam02_P43_salat.npy,./dataset/Breakfast/gt_boundary_arr/P43_webcam02_P43_salat.npy
./dataset/Breakfast/features_average/P43_webcam02_P43_scrambledegg.npy,./dataset/Breakfast/gt_arr/P43_webcam02_P43_scrambledegg.npy,./dataset/Breakfast/gt_boundary_arr/P43_webcam02_P43_scrambledegg.npy
./dataset/Breakfast/features_average/P43_webcam02_P43_tea.npy,./dataset/Breakfast/gt_arr/P43_webcam02_P43_tea.npy,./dataset/Breakfast/gt_boundary_arr/P43_webcam02_P43_tea.npy
./dataset/Breakfast/features_average/P44_cam01_P44_cereals.npy,./dataset/Breakfast/gt_arr/P44_cam01_P44_cereals.npy,./dataset/Breakfast/gt_boundary_arr/P44_cam01_P44_cereals.npy
./dataset/Breakfast/features_average/P44_cam01_P44_coffee.npy,./dataset/Breakfast/gt_arr/P44_cam01_P44_coffee.npy,./dataset/Breakfast/gt_boundary_arr/P44_cam01_P44_coffee.npy
./dataset/Breakfast/features_average/P44_cam01_P44_friedegg.npy,./dataset/Breakfast/gt_arr/P44_cam01_P44_friedegg.npy,./dataset/Breakfast/gt_boundary_arr/P44_cam01_P44_friedegg.npy
./dataset/Breakfast/features_average/P44_cam01_P44_milk.npy,./dataset/Breakfast/gt_arr/P44_cam01_P44_milk.npy,./dataset/Breakfast/gt_boundary_arr/P44_cam01_P44_milk.npy
./dataset/Breakfast/features_average/P44_cam01_P44_pancake.npy,./dataset/Breakfast/gt_arr/P44_cam01_P44_pancake.npy,./dataset/Breakfast/gt_boundary_arr/P44_cam01_P44_pancake.npy
./dataset/Breakfast/features_average/P44_cam01_P44_salat.npy,./dataset/Breakfast/gt_arr/P44_cam01_P44_salat.npy,./dataset/Breakfast/gt_boundary_arr/P44_cam01_P44_salat.npy
./dataset/Breakfast/features_average/P44_cam01_P44_sandwich.npy,./dataset/Breakfast/gt_arr/P44_cam01_P44_sandwich.npy,./dataset/Breakfast/gt_boundary_arr/P44_cam01_P44_sandwich.npy
./dataset/Breakfast/features_average/P44_cam01_P44_tea.npy,./dataset/Breakfast/gt_arr/P44_cam01_P44_tea.npy,./dataset/Breakfast/gt_boundary_arr/P44_cam01_P44_tea.npy
./dataset/Breakfast/features_average/P44_cam02_P44_cereals.npy,./dataset/Breakfast/gt_arr/P44_cam02_P44_cereals.npy,./dataset/Breakfast/gt_boundary_arr/P44_cam02_P44_cereals.npy
./dataset/Breakfast/features_average/P44_cam02_P44_coffee.npy,./dataset/Breakfast/gt_arr/P44_cam02_P44_coffee.npy,./dataset/Breakfast/gt_boundary_arr/P44_cam02_P44_coffee.npy
./dataset/Breakfast/features_average/P44_cam02_P44_friedegg.npy,./dataset/Breakfast/gt_arr/P44_cam02_P44_friedegg.npy,./dataset/Breakfast/gt_boundary_arr/P44_cam02_P44_friedegg.npy
./dataset/Breakfast/features_average/P44_cam02_P44_juice.npy,./dataset/Breakfast/gt_arr/P44_cam02_P44_juice.npy,./dataset/Breakfast/gt_boundary_arr/P44_cam02_P44_juice.npy
./dataset/Breakfast/features_average/P44_cam02_P44_milk.npy,./dataset/Breakfast/gt_arr/P44_cam02_P44_milk.npy,./dataset/Breakfast/gt_boundary_arr/P44_cam02_P44_milk.npy
./dataset/Breakfast/features_average/P44_cam02_P44_pancake.npy,./dataset/Breakfast/gt_arr/P44_cam02_P44_pancake.npy,./dataset/Breakfast/gt_boundary_arr/P44_cam02_P44_pancake.npy
./dataset/Breakfast/features_average/P44_cam02_P44_salat.npy,./dataset/Breakfast/gt_arr/P44_cam02_P44_salat.npy,./dataset/Breakfast/gt_boundary_arr/P44_cam02_P44_salat.npy
./dataset/Breakfast/features_average/P44_cam02_P44_sandwich.npy,./dataset/Breakfast/gt_arr/P44_cam02_P44_sandwich.npy,./dataset/Breakfast/gt_boundary_arr/P44_cam02_P44_sandwich.npy
./dataset/Breakfast/features_average/P44_cam02_P44_tea.npy,./dataset/Breakfast/gt_arr/P44_cam02_P44_tea.npy,./dataset/Breakfast/gt_boundary_arr/P44_cam02_P44_tea.npy
./dataset/Breakfast/features_average/P44_stereo01_P44_cereals.npy,./dataset/Breakfast/gt_arr/P44_stereo01_P44_cereals.npy,./dataset/Breakfast/gt_boundary_arr/P44_stereo01_P44_cereals.npy
./dataset/Breakfast/features_average/P44_stereo01_P44_coffee.npy,./dataset/Breakfast/gt_arr/P44_stereo01_P44_coffee.npy,./dataset/Breakfast/gt_boundary_arr/P44_stereo01_P44_coffee.npy
./dataset/Breakfast/features_average/P44_stereo01_P44_juice.npy,./dataset/Breakfast/gt_arr/P44_stereo01_P44_juice.npy,./dataset/Breakfast/gt_boundary_arr/P44_stereo01_P44_juice.npy
./dataset/Breakfast/features_average/P44_stereo01_P44_milk.npy,./dataset/Breakfast/gt_arr/P44_stereo01_P44_milk.npy,./dataset/Breakfast/gt_boundary_arr/P44_stereo01_P44_milk.npy
./dataset/Breakfast/features_average/P44_stereo01_P44_sandwich.npy,./dataset/Breakfast/gt_arr/P44_stereo01_P44_sandwich.npy,./dataset/Breakfast/gt_boundary_arr/P44_stereo01_P44_sandwich.npy
./dataset/Breakfast/features_average/P44_stereo01_P44_tea.npy,./dataset/Breakfast/gt_arr/P44_stereo01_P44_tea.npy,./dataset/Breakfast/gt_boundary_arr/P44_stereo01_P44_tea.npy
./dataset/Breakfast/features_average/P44_webcam01_P44_cereals.npy,./dataset/Breakfast/gt_arr/P44_webcam01_P44_cereals.npy,./dataset/Breakfast/gt_boundary_arr/P44_webcam01_P44_cereals.npy
./dataset/Breakfast/features_average/P44_webcam01_P44_coffee.npy,./dataset/Breakfast/gt_arr/P44_webcam01_P44_coffee.npy,./dataset/Breakfast/gt_boundary_arr/P44_webcam01_P44_coffee.npy
./dataset/Breakfast/features_average/P44_webcam01_P44_juice.npy,./dataset/Breakfast/gt_arr/P44_webcam01_P44_juice.npy,./dataset/Breakfast/gt_boundary_arr/P44_webcam01_P44_juice.npy
./dataset/Breakfast/features_average/P44_webcam01_P44_milk.npy,./dataset/Breakfast/gt_arr/P44_webcam01_P44_milk.npy,./dataset/Breakfast/gt_boundary_arr/P44_webcam01_P44_milk.npy
./dataset/Breakfast/features_average/P44_webcam01_P44_pancake.npy,./dataset/Breakfast/gt_arr/P44_webcam01_P44_pancake.npy,./dataset/Breakfast/gt_boundary_arr/P44_webcam01_P44_pancake.npy
./dataset/Breakfast/features_average/P44_webcam01_P44_salat.npy,./dataset/Breakfast/gt_arr/P44_webcam01_P44_salat.npy,./dataset/Breakfast/gt_boundary_arr/P44_webcam01_P44_salat.npy
./dataset/Breakfast/features_average/P44_webcam01_P44_sandwich.npy,./dataset/Breakfast/gt_arr/P44_webcam01_P44_sandwich.npy,./dataset/Breakfast/gt_boundary_arr/P44_webcam01_P44_sandwich.npy
./dataset/Breakfast/features_average/P44_webcam01_P44_scrambledegg.npy,./dataset/Breakfast/gt_arr/P44_webcam01_P44_scrambledegg.npy,./dataset/Breakfast/gt_boundary_arr/P44_webcam01_P44_scrambledegg.npy
./dataset/Breakfast/features_average/P44_webcam01_P44_tea.npy,./dataset/Breakfast/gt_arr/P44_webcam01_P44_tea.npy,./dataset/Breakfast/gt_boundary_arr/P44_webcam01_P44_tea.npy
./dataset/Breakfast/features_average/P44_webcam02_P44_cereals.npy,./dataset/Breakfast/gt_arr/P44_webcam02_P44_cereals.npy,./dataset/Breakfast/gt_boundary_arr/P44_webcam02_P44_cereals.npy
./dataset/Breakfast/features_average/P44_webcam02_P44_coffee.npy,./dataset/Breakfast/gt_arr/P44_webcam02_P44_coffee.npy,./dataset/Breakfast/gt_boundary_arr/P44_webcam02_P44_coffee.npy
./dataset/Breakfast/features_average/P44_webcam02_P44_juice.npy,./dataset/Breakfast/gt_arr/P44_webcam02_P44_juice.npy,./dataset/Breakfast/gt_boundary_arr/P44_webcam02_P44_juice.npy
./dataset/Breakfast/features_average/P44_webcam02_P44_milk.npy,./dataset/Breakfast/gt_arr/P44_webcam02_P44_milk.npy,./dataset/Breakfast/gt_boundary_arr/P44_webcam02_P44_milk.npy
./dataset/Breakfast/features_average/P44_webcam02_P44_pancake.npy,./dataset/Breakfast/gt_arr/P44_webcam02_P44_pancake.npy,./dataset/Breakfast/gt_boundary_arr/P44_webcam02_P44_pancake.npy
./dataset/Breakfast/features_average/P44_webcam02_P44_salat.npy,./dataset/Breakfast/gt_arr/P44_webcam02_P44_salat.npy,./dataset/Breakfast/gt_boundary_arr/P44_webcam02_P44_salat.npy
./dataset/Breakfast/features_average/P44_webcam02_P44_sandwich.npy,./dataset/Breakfast/gt_arr/P44_webcam02_P44_sandwich.npy,./dataset/Breakfast/gt_boundary_arr/P44_webcam02_P44_sandwich.npy
./dataset/Breakfast/features_average/P44_webcam02_P44_scrambledegg.npy,./dataset/Breakfast/gt_arr/P44_webcam02_P44_scrambledegg.npy,./dataset/Breakfast/gt_boundary_arr/P44_webcam02_P44_scrambledegg.npy
./dataset/Breakfast/features_average/P44_webcam02_P44_tea.npy,./dataset/Breakfast/gt_arr/P44_webcam02_P44_tea.npy,./dataset/Breakfast/gt_boundary_arr/P44_webcam02_P44_tea.npy
./dataset/Breakfast/features_average/P45_cam01_P45_cereals.npy,./dataset/Breakfast/gt_arr/P45_cam01_P45_cereals.npy,./dataset/Breakfast/gt_boundary_arr/P45_cam01_P45_cereals.npy
./dataset/Breakfast/features_average/P45_cam01_P45_coffee.npy,./dataset/Breakfast/gt_arr/P45_cam01_P45_coffee.npy,./dataset/Breakfast/gt_boundary_arr/P45_cam01_P45_coffee.npy
./dataset/Breakfast/features_average/P45_cam01_P45_juice.npy,./dataset/Breakfast/gt_arr/P45_cam01_P45_juice.npy,./dataset/Breakfast/gt_boundary_arr/P45_cam01_P45_juice.npy
./dataset/Breakfast/features_average/P45_cam01_P45_milk.npy,./dataset/Breakfast/gt_arr/P45_cam01_P45_milk.npy,./dataset/Breakfast/gt_boundary_arr/P45_cam01_P45_milk.npy
./dataset/Breakfast/features_average/P45_cam01_P45_pancake.npy,./dataset/Breakfast/gt_arr/P45_cam01_P45_pancake.npy,./dataset/Breakfast/gt_boundary_arr/P45_cam01_P45_pancake.npy
./dataset/Breakfast/features_average/P45_cam01_P45_salat.npy,./dataset/Breakfast/gt_arr/P45_cam01_P45_salat.npy,./dataset/Breakfast/gt_boundary_arr/P45_cam01_P45_salat.npy
./dataset/Breakfast/features_average/P45_cam01_P45_sandwich.npy,./dataset/Breakfast/gt_arr/P45_cam01_P45_sandwich.npy,./dataset/Breakfast/gt_boundary_arr/P45_cam01_P45_sandwich.npy
./dataset/Breakfast/features_average/P45_cam01_P45_scrambledegg.npy,./dataset/Breakfast/gt_arr/P45_cam01_P45_scrambledegg.npy,./dataset/Breakfast/gt_boundary_arr/P45_cam01_P45_scrambledegg.npy
./dataset/Breakfast/features_average/P45_cam01_P45_tea.npy,./dataset/Breakfast/gt_arr/P45_cam01_P45_tea.npy,./dataset/Breakfast/gt_boundary_arr/P45_cam01_P45_tea.npy
./dataset/Breakfast/features_average/P45_cam02_P45_cereals.npy,./dataset/Breakfast/gt_arr/P45_cam02_P45_cereals.npy,./dataset/Breakfast/gt_boundary_arr/P45_cam02_P45_cereals.npy
./dataset/Breakfast/features_average/P45_cam02_P45_coffee.npy,./dataset/Breakfast/gt_arr/P45_cam02_P45_coffee.npy,./dataset/Breakfast/gt_boundary_arr/P45_cam02_P45_coffee.npy
./dataset/Breakfast/features_average/P45_cam02_P45_juice.npy,./dataset/Breakfast/gt_arr/P45_cam02_P45_juice.npy,./dataset/Breakfast/gt_boundary_arr/P45_cam02_P45_juice.npy
./dataset/Breakfast/features_average/P45_cam02_P45_milk.npy,./dataset/Breakfast/gt_arr/P45_cam02_P45_milk.npy,./dataset/Breakfast/gt_boundary_arr/P45_cam02_P45_milk.npy
./dataset/Breakfast/features_average/P45_cam02_P45_pancake.npy,./dataset/Breakfast/gt_arr/P45_cam02_P45_pancake.npy,./dataset/Breakfast/gt_boundary_arr/P45_cam02_P45_pancake.npy
./dataset/Breakfast/features_average/P45_cam02_P45_scrambledegg.npy,./dataset/Breakfast/gt_arr/P45_cam02_P45_scrambledegg.npy,./dataset/Breakfast/gt_boundary_arr/P45_cam02_P45_scrambledegg.npy
./dataset/Breakfast/features_average/P45_cam02_P45_tea.npy,./dataset/Breakfast/gt_arr/P45_cam02_P45_tea.npy,./dataset/Breakfast/gt_boundary_arr/P45_cam02_P45_tea.npy
./dataset/Breakfast/features_average/P45_stereo01_P45_cereals.npy,./dataset/Breakfast/gt_arr/P45_stereo01_P45_cereals.npy,./dataset/Breakfast/gt_boundary_arr/P45_stereo01_P45_cereals.npy
./dataset/Breakfast/features_average/P45_stereo01_P45_coffee.npy,./dataset/Breakfast/gt_arr/P45_stereo01_P45_coffee.npy,./dataset/Breakfast/gt_boundary_arr/P45_stereo01_P45_coffee.npy
./dataset/Breakfast/features_average/P45_stereo01_P45_friedegg.npy,./dataset/Breakfast/gt_arr/P45_stereo01_P45_friedegg.npy,./dataset/Breakfast/gt_boundary_arr/P45_stereo01_P45_friedegg.npy
./dataset/Breakfast/features_average/P45_stereo01_P45_juice.npy,./dataset/Breakfast/gt_arr/P45_stereo01_P45_juice.npy,./dataset/Breakfast/gt_boundary_arr/P45_stereo01_P45_juice.npy
./dataset/Breakfast/features_average/P45_stereo01_P45_salat.npy,./dataset/Breakfast/gt_arr/P45_stereo01_P45_salat.npy,./dataset/Breakfast/gt_boundary_arr/P45_stereo01_P45_salat.npy
./dataset/Breakfast/features_average/P45_webcam01_P45_cereals.npy,./dataset/Breakfast/gt_arr/P45_webcam01_P45_cereals.npy,./dataset/Breakfast/gt_boundary_arr/P45_webcam01_P45_cereals.npy
./dataset/Breakfast/features_average/P45_webcam01_P45_coffee.npy,./dataset/Breakfast/gt_arr/P45_webcam01_P45_coffee.npy,./dataset/Breakfast/gt_boundary_arr/P45_webcam01_P45_coffee.npy
./dataset/Breakfast/features_average/P45_webcam01_P45_friedegg.npy,./dataset/Breakfast/gt_arr/P45_webcam01_P45_friedegg.npy,./dataset/Breakfast/gt_boundary_arr/P45_webcam01_P45_friedegg.npy
./dataset/Breakfast/features_average/P45_webcam01_P45_juice.npy,./dataset/Breakfast/gt_arr/P45_webcam01_P45_juice.npy,./dataset/Breakfast/gt_boundary_arr/P45_webcam01_P45_juice.npy
./dataset/Breakfast/features_average/P45_webcam01_P45_milk.npy,./dataset/Breakfast/gt_arr/P45_webcam01_P45_milk.npy,./dataset/Breakfast/gt_boundary_arr/P45_webcam01_P45_milk.npy
./dataset/Breakfast/features_average/P45_webcam01_P45_pancake.npy,./dataset/Breakfast/gt_arr/P45_webcam01_P45_pancake.npy,./dataset/Breakfast/gt_boundary_arr/P45_webcam01_P45_pancake.npy
./dataset/Breakfast/features_average/P45_webcam01_P45_salat.npy,./dataset/Breakfast/gt_arr/P45_webcam01_P45_salat.npy,./dataset/Breakfast/gt_boundary_arr/P45_webcam01_P45_salat.npy
./dataset/Breakfast/features_average/P45_webcam01_P45_sandwich.npy,./dataset/Breakfast/gt_arr/P45_webcam01_P45_sandwich.npy,./dataset/Breakfast/gt_boundary_arr/P45_webcam01_P45_sandwich.npy
./dataset/Breakfast/features_average/P45_webcam01_P45_tea.npy,./dataset/Breakfast/gt_arr/P45_webcam01_P45_tea.npy,./dataset/Breakfast/gt_boundary_arr/P45_webcam01_P45_tea.npy
./dataset/Breakfast/features_average/P45_webcam02_P45_cereals.npy,./dataset/Breakfast/gt_arr/P45_webcam02_P45_cereals.npy,./dataset/Breakfast/gt_boundary_arr/P45_webcam02_P45_cereals.npy
./dataset/Breakfast/features_average/P45_webcam02_P45_coffee.npy,./dataset/Breakfast/gt_arr/P45_webcam02_P45_coffee.npy,./dataset/Breakfast/gt_boundary_arr/P45_webcam02_P45_coffee.npy
./dataset/Breakfast/features_average/P45_webcam02_P45_friedegg.npy,./dataset/Breakfast/gt_arr/P45_webcam02_P45_friedegg.npy,./dataset/Breakfast/gt_boundary_arr/P45_webcam02_P45_friedegg.npy
./dataset/Breakfast/features_average/P45_webcam02_P45_juice.npy,./dataset/Breakfast/gt_arr/P45_webcam02_P45_juice.npy,./dataset/Breakfast/gt_boundary_arr/P45_webcam02_P45_juice.npy
./dataset/Breakfast/features_average/P45_webcam02_P45_milk.npy,./dataset/Breakfast/gt_arr/P45_webcam02_P45_milk.npy,./dataset/Breakfast/gt_boundary_arr/P45_webcam02_P45_milk.npy
./dataset/Breakfast/features_average/P45_webcam02_P45_pancake.npy,./dataset/Breakfast/gt_arr/P45_webcam02_P45_pancake.npy,./dataset/Breakfast/gt_boundary_arr/P45_webcam02_P45_pancake.npy
./dataset/Breakfast/features_average/P45_webcam02_P45_salat.npy,./dataset/Breakfast/gt_arr/P45_webcam02_P45_salat.npy,./dataset/Breakfast/gt_boundary_arr/P45_webcam02_P45_salat.npy
./dataset/Breakfast/features_average/P45_webcam02_P45_sandwich.npy,./dataset/Breakfast/gt_arr/P45_webcam02_P45_sandwich.npy,./dataset/Breakfast/gt_boundary_arr/P45_webcam02_P45_sandwich.npy
./dataset/Breakfast/features_average/P45_webcam02_P45_tea.npy,./dataset/Breakfast/gt_arr/P45_webcam02_P45_tea.npy,./dataset/Breakfast/gt_boundary_arr/P45_webcam02_P45_tea.npy
./dataset/Breakfast/features_average/P46_cam01_P46_cereals.npy,./dataset/Breakfast/gt_arr/P46_cam01_P46_cereals.npy,./dataset/Breakfast/gt_boundary_arr/P46_cam01_P46_cereals.npy
./dataset/Breakfast/features_average/P46_cam01_P46_coffee.npy,./dataset/Breakfast/gt_arr/P46_cam01_P46_coffee.npy,./dataset/Breakfast/gt_boundary_arr/P46_cam01_P46_coffee.npy
./dataset/Breakfast/features_average/P46_cam01_P46_friedegg.npy,./dataset/Breakfast/gt_arr/P46_cam01_P46_friedegg.npy,./dataset/Breakfast/gt_boundary_arr/P46_cam01_P46_friedegg.npy
./dataset/Breakfast/features_average/P46_cam01_P46_juice.npy,./dataset/Breakfast/gt_arr/P46_cam01_P46_juice.npy,./dataset/Breakfast/gt_boundary_arr/P46_cam01_P46_juice.npy
./dataset/Breakfast/features_average/P46_cam01_P46_milk.npy,./dataset/Breakfast/gt_arr/P46_cam01_P46_milk.npy,./dataset/Breakfast/gt_boundary_arr/P46_cam01_P46_milk.npy
./dataset/Breakfast/features_average/P46_cam01_P46_pancake.npy,./dataset/Breakfast/gt_arr/P46_cam01_P46_pancake.npy,./dataset/Breakfast/gt_boundary_arr/P46_cam01_P46_pancake.npy
./dataset/Breakfast/features_average/P46_cam01_P46_salat.npy,./dataset/Breakfast/gt_arr/P46_cam01_P46_salat.npy,./dataset/Breakfast/gt_boundary_arr/P46_cam01_P46_salat.npy
./dataset/Breakfast/features_average/P46_cam01_P46_sandwich.npy,./dataset/Breakfast/gt_arr/P46_cam01_P46_sandwich.npy,./dataset/Breakfast/gt_boundary_arr/P46_cam01_P46_sandwich.npy
./dataset/Breakfast/features_average/P46_cam01_P46_tea.npy,./dataset/Breakfast/gt_arr/P46_cam01_P46_tea.npy,./dataset/Breakfast/gt_boundary_arr/P46_cam01_P46_tea.npy
./dataset/Breakfast/features_average/P46_cam02_P46_cereals.npy,./dataset/Breakfast/gt_arr/P46_cam02_P46_cereals.npy,./dataset/Breakfast/gt_boundary_arr/P46_cam02_P46_cereals.npy
./dataset/Breakfast/features_average/P46_cam02_P46_coffee.npy,./dataset/Breakfast/gt_arr/P46_cam02_P46_coffee.npy,./dataset/Breakfast/gt_boundary_arr/P46_cam02_P46_coffee.npy
./dataset/Breakfast/features_average/P46_cam02_P46_friedegg.npy,./dataset/Breakfast/gt_arr/P46_cam02_P46_friedegg.npy,./dataset/Breakfast/gt_boundary_arr/P46_cam02_P46_friedegg.npy
./dataset/Breakfast/features_average/P46_cam02_P46_juice.npy,./dataset/Breakfast/gt_arr/P46_cam02_P46_juice.npy,./dataset/Breakfast/gt_boundary_arr/P46_cam02_P46_juice.npy
./dataset/Breakfast/features_average/P46_cam02_P46_milk.npy,./dataset/Breakfast/gt_arr/P46_cam02_P46_milk.npy,./dataset/Breakfast/gt_boundary_arr/P46_cam02_P46_milk.npy
./dataset/Breakfast/features_average/P46_cam02_P46_pancake.npy,./dataset/Breakfast/gt_arr/P46_cam02_P46_pancake.npy,./dataset/Breakfast/gt_boundary_arr/P46_cam02_P46_pancake.npy
./dataset/Breakfast/features_average/P46_cam02_P46_salat.npy,./dataset/Breakfast/gt_arr/P46_cam02_P46_salat.npy,./dataset/Breakfast/gt_boundary_arr/P46_cam02_P46_salat.npy
./dataset/Breakfast/features_average/P46_cam02_P46_sandwich.npy,./dataset/Breakfast/gt_arr/P46_cam02_P46_sandwich.npy,./dataset/Breakfast/gt_boundary_arr/P46_cam02_P46_sandwich.npy
./dataset/Breakfast/features_average/P46_cam02_P46_tea.npy,./dataset/Breakfast/gt_arr/P46_cam02_P46_tea.npy,./dataset/Breakfast/gt_boundary_arr/P46_cam02_P46_tea.npy
./dataset/Breakfast/features_average/P46_stereo01_P46_coffee.npy,./dataset/Breakfast/gt_arr/P46_stereo01_P46_coffee.npy,./dataset/Breakfast/gt_boundary_arr/P46_stereo01_P46_coffee.npy
./dataset/Breakfast/features_average/P46_stereo01_P46_friedegg.npy,./dataset/Breakfast/gt_arr/P46_stereo01_P46_friedegg.npy,./dataset/Breakfast/gt_boundary_arr/P46_stereo01_P46_friedegg.npy
./dataset/Breakfast/features_average/P46_stereo01_P46_milk.npy,./dataset/Breakfast/gt_arr/P46_stereo01_P46_milk.npy,./dataset/Breakfast/gt_boundary_arr/P46_stereo01_P46_milk.npy
./dataset/Breakfast/features_average/P46_stereo01_P46_tea.npy,./dataset/Breakfast/gt_arr/P46_stereo01_P46_tea.npy,./dataset/Breakfast/gt_boundary_arr/P46_stereo01_P46_tea.npy
./dataset/Breakfast/features_average/P46_webcam01_P46_cereals.npy,./dataset/Breakfast/gt_arr/P46_webcam01_P46_cereals.npy,./dataset/Breakfast/gt_boundary_arr/P46_webcam01_P46_cereals.npy
./dataset/Breakfast/features_average/P46_webcam01_P46_coffee.npy,./dataset/Breakfast/gt_arr/P46_webcam01_P46_coffee.npy,./dataset/Breakfast/gt_boundary_arr/P46_webcam01_P46_coffee.npy
./dataset/Breakfast/features_average/P46_webcam01_P46_friedegg.npy,./dataset/Breakfast/gt_arr/P46_webcam01_P46_friedegg.npy,./dataset/Breakfast/gt_boundary_arr/P46_webcam01_P46_friedegg.npy
./dataset/Breakfast/features_average/P46_webcam01_P46_juice.npy,./dataset/Breakfast/gt_arr/P46_webcam01_P46_juice.npy,./dataset/Breakfast/gt_boundary_arr/P46_webcam01_P46_juice.npy
./dataset/Breakfast/features_average/P46_webcam01_P46_pancake.npy,./dataset/Breakfast/gt_arr/P46_webcam01_P46_pancake.npy,./dataset/Breakfast/gt_boundary_arr/P46_webcam01_P46_pancake.npy
./dataset/Breakfast/features_average/P46_webcam01_P46_salat.npy,./dataset/Breakfast/gt_arr/P46_webcam01_P46_salat.npy,./dataset/Breakfast/gt_boundary_arr/P46_webcam01_P46_salat.npy
./dataset/Breakfast/features_average/P46_webcam01_P46_sandwich.npy,./dataset/Breakfast/gt_arr/P46_webcam01_P46_sandwich.npy,./dataset/Breakfast/gt_boundary_arr/P46_webcam01_P46_sandwich.npy
./dataset/Breakfast/features_average/P46_webcam01_P46_scrambledegg.npy,./dataset/Breakfast/gt_arr/P46_webcam01_P46_scrambledegg.npy,./dataset/Breakfast/gt_boundary_arr/P46_webcam01_P46_scrambledegg.npy
./dataset/Breakfast/features_average/P46_webcam01_P46_tea.npy,./dataset/Breakfast/gt_arr/P46_webcam01_P46_tea.npy,./dataset/Breakfast/gt_boundary_arr/P46_webcam01_P46_tea.npy
./dataset/Breakfast/features_average/P46_webcam02_P46_cereals.npy,./dataset/Breakfast/gt_arr/P46_webcam02_P46_cereals.npy,./dataset/Breakfast/gt_boundary_arr/P46_webcam02_P46_cereals.npy
./dataset/Breakfast/features_average/P46_webcam02_P46_coffee.npy,./dataset/Breakfast/gt_arr/P46_webcam02_P46_coffee.npy,./dataset/Breakfast/gt_boundary_arr/P46_webcam02_P46_coffee.npy
./dataset/Breakfast/features_average/P46_webcam02_P46_friedegg.npy,./dataset/Breakfast/gt_arr/P46_webcam02_P46_friedegg.npy,./dataset/Breakfast/gt_boundary_arr/P46_webcam02_P46_friedegg.npy
./dataset/Breakfast/features_average/P46_webcam02_P46_juice.npy,./dataset/Breakfast/gt_arr/P46_webcam02_P46_juice.npy,./dataset/Breakfast/gt_boundary_arr/P46_webcam02_P46_juice.npy
./dataset/Breakfast/features_average/P46_webcam02_P46_pancake.npy,./dataset/Breakfast/gt_arr/P46_webcam02_P46_pancake.npy,./dataset/Breakfast/gt_boundary_arr/P46_webcam02_P46_pancake.npy
./dataset/Breakfast/features_average/P46_webcam02_P46_salat.npy,./dataset/Breakfast/gt_arr/P46_webcam02_P46_salat.npy,./dataset/Breakfast/gt_boundary_arr/P46_webcam02_P46_salat.npy
./dataset/Breakfast/features_average/P46_webcam02_P46_sandwich.npy,./dataset/Breakfast/gt_arr/P46_webcam02_P46_sandwich.npy,./dataset/Breakfast/gt_boundary_arr/P46_webcam02_P46_sandwich.npy
./dataset/Breakfast/features_average/P46_webcam02_P46_scrambledegg.npy,./dataset/Breakfast/gt_arr/P46_webcam02_P46_scrambledegg.npy,./dataset/Breakfast/gt_boundary_arr/P46_webcam02_P46_scrambledegg.npy
./dataset/Breakfast/features_average/P46_webcam02_P46_tea.npy,./dataset/Breakfast/gt_arr/P46_webcam02_P46_tea.npy,./dataset/Breakfast/gt_boundary_arr/P46_webcam02_P46_tea.npy
./dataset/Breakfast/features_average/P47_cam01_P47_cereals.npy,./dataset/Breakfast/gt_arr/P47_cam01_P47_cereals.npy,./dataset/Breakfast/gt_boundary_arr/P47_cam01_P47_cereals.npy
./dataset/Breakfast/features_average/P47_cam01_P47_coffee.npy,./dataset/Breakfast/gt_arr/P47_cam01_P47_coffee.npy,./dataset/Breakfast/gt_boundary_arr/P47_cam01_P47_coffee.npy
./dataset/Breakfast/features_average/P47_cam01_P47_friedegg.npy,./dataset/Breakfast/gt_arr/P47_cam01_P47_friedegg.npy,./dataset/Breakfast/gt_boundary_arr/P47_cam01_P47_friedegg.npy
./dataset/Breakfast/features_average/P47_cam01_P47_juice.npy,./dataset/Breakfast/gt_arr/P47_cam01_P47_juice.npy,./dataset/Breakfast/gt_boundary_arr/P47_cam01_P47_juice.npy
./dataset/Breakfast/features_average/P47_cam01_P47_pancake.npy,./dataset/Breakfast/gt_arr/P47_cam01_P47_pancake.npy,./dataset/Breakfast/gt_boundary_arr/P47_cam01_P47_pancake.npy
./dataset/Breakfast/features_average/P47_cam01_P47_salat.npy,./dataset/Breakfast/gt_arr/P47_cam01_P47_salat.npy,./dataset/Breakfast/gt_boundary_arr/P47_cam01_P47_salat.npy
./dataset/Breakfast/features_average/P47_cam01_P47_sandwich.npy,./dataset/Breakfast/gt_arr/P47_cam01_P47_sandwich.npy,./dataset/Breakfast/gt_boundary_arr/P47_cam01_P47_sandwich.npy
./dataset/Breakfast/features_average/P47_cam01_P47_scrambledegg.npy,./dataset/Breakfast/gt_arr/P47_cam01_P47_scrambledegg.npy,./dataset/Breakfast/gt_boundary_arr/P47_cam01_P47_scrambledegg.npy
./dataset/Breakfast/features_average/P47_cam01_P47_tea.npy,./dataset/Breakfast/gt_arr/P47_cam01_P47_tea.npy,./dataset/Breakfast/gt_boundary_arr/P47_cam01_P47_tea.npy
./dataset/Breakfast/features_average/P47_cam02_P47_cereals.npy,./dataset/Breakfast/gt_arr/P47_cam02_P47_cereals.npy,./dataset/Breakfast/gt_boundary_arr/P47_cam02_P47_cereals.npy
./dataset/Breakfast/features_average/P47_cam02_P47_coffee.npy,./dataset/Breakfast/gt_arr/P47_cam02_P47_coffee.npy,./dataset/Breakfast/gt_boundary_arr/P47_cam02_P47_coffee.npy
./dataset/Breakfast/features_average/P47_cam02_P47_friedegg.npy,./dataset/Breakfast/gt_arr/P47_cam02_P47_friedegg.npy,./dataset/Breakfast/gt_boundary_arr/P47_cam02_P47_friedegg.npy
./dataset/Breakfast/features_average/P47_cam02_P47_juice.npy,./dataset/Breakfast/gt_arr/P47_cam02_P47_juice.npy,./dataset/Breakfast/gt_boundary_arr/P47_cam02_P47_juice.npy
./dataset/Breakfast/features_average/P47_cam02_P47_pancake.npy,./dataset/Breakfast/gt_arr/P47_cam02_P47_pancake.npy,./dataset/Breakfast/gt_boundary_arr/P47_cam02_P47_pancake.npy
./dataset/Breakfast/features_average/P47_cam02_P47_salat.npy,./dataset/Breakfast/gt_arr/P47_cam02_P47_salat.npy,./dataset/Breakfast/gt_boundary_arr/P47_cam02_P47_salat.npy
./dataset/Breakfast/features_average/P47_cam02_P47_sandwich.npy,./dataset/Breakfast/gt_arr/P47_cam02_P47_sandwich.npy,./dataset/Breakfast/gt_boundary_arr/P47_cam02_P47_sandwich.npy
./dataset/Breakfast/features_average/P47_cam02_P47_scrambledegg.npy,./dataset/Breakfast/gt_arr/P47_cam02_P47_scrambledegg.npy,./dataset/Breakfast/gt_boundary_arr/P47_cam02_P47_scrambledegg.npy
./dataset/Breakfast/features_average/P47_cam02_P47_tea.npy,./dataset/Breakfast/gt_arr/P47_cam02_P47_tea.npy,./dataset/Breakfast/gt_boundary_arr/P47_cam02_P47_tea.npy
./dataset/Breakfast/features_average/P47_stereo01_P47_cereals.npy,./dataset/Breakfast/gt_arr/P47_stereo01_P47_cereals.npy,./dataset/Breakfast/gt_boundary_arr/P47_stereo01_P47_cereals.npy
./dataset/Breakfast/features_average/P47_stereo01_P47_tea.npy,./dataset/Breakfast/gt_arr/P47_stereo01_P47_tea.npy,./dataset/Breakfast/gt_boundary_arr/P47_stereo01_P47_tea.npy
./dataset/Breakfast/features_average/P47_webcam01_P47_cereals.npy,./dataset/Breakfast/gt_arr/P47_webcam01_P47_cereals.npy,./dataset/Breakfast/gt_boundary_arr/P47_webcam01_P47_cereals.npy
./dataset/Breakfast/features_average/P47_webcam01_P47_coffee.npy,./dataset/Breakfast/gt_arr/P47_webcam01_P47_coffee.npy,./dataset/Breakfast/gt_boundary_arr/P47_webcam01_P47_coffee.npy
./dataset/Breakfast/features_average/P47_webcam01_P47_juice.npy,./dataset/Breakfast/gt_arr/P47_webcam01_P47_juice.npy,./dataset/Breakfast/gt_boundary_arr/P47_webcam01_P47_juice.npy
./dataset/Breakfast/features_average/P47_webcam01_P47_milk.npy,./dataset/Breakfast/gt_arr/P47_webcam01_P47_milk.npy,./dataset/Breakfast/gt_boundary_arr/P47_webcam01_P47_milk.npy
./dataset/Breakfast/features_average/P47_webcam01_P47_pancake.npy,./dataset/Breakfast/gt_arr/P47_webcam01_P47_pancake.npy,./dataset/Breakfast/gt_boundary_arr/P47_webcam01_P47_pancake.npy
./dataset/Breakfast/features_average/P47_webcam01_P47_salat.npy,./dataset/Breakfast/gt_arr/P47_webcam01_P47_salat.npy,./dataset/Breakfast/gt_boundary_arr/P47_webcam01_P47_salat.npy
./dataset/Breakfast/features_average/P47_webcam01_P47_sandwich.npy,./dataset/Breakfast/gt_arr/P47_webcam01_P47_sandwich.npy,./dataset/Breakfast/gt_boundary_arr/P47_webcam01_P47_sandwich.npy
./dataset/Breakfast/features_average/P47_webcam01_P47_tea.npy,./dataset/Breakfast/gt_arr/P47_webcam01_P47_tea.npy,./dataset/Breakfast/gt_boundary_arr/P47_webcam01_P47_tea.npy
./dataset/Breakfast/features_average/P47_webcam02_P47_cereals.npy,./dataset/Breakfast/gt_arr/P47_webcam02_P47_cereals.npy,./dataset/Breakfast/gt_boundary_arr/P47_webcam02_P47_cereals.npy
./dataset/Breakfast/features_average/P47_webcam02_P47_coffee.npy,./dataset/Breakfast/gt_arr/P47_webcam02_P47_coffee.npy,./dataset/Breakfast/gt_boundary_arr/P47_webcam02_P47_coffee.npy
./dataset/Breakfast/features_average/P47_webcam02_P47_friedegg.npy,./dataset/Breakfast/gt_arr/P47_webcam02_P47_friedegg.npy,./dataset/Breakfast/gt_boundary_arr/P47_webcam02_P47_friedegg.npy
./dataset/Breakfast/features_average/P47_webcam02_P47_milk.npy,./dataset/Breakfast/gt_arr/P47_webcam02_P47_milk.npy,./dataset/Breakfast/gt_boundary_arr/P47_webcam02_P47_milk.npy
./dataset/Breakfast/features_average/P47_webcam02_P47_pancake.npy,./dataset/Breakfast/gt_arr/P47_webcam02_P47_pancake.npy,./dataset/Breakfast/gt_boundary_arr/P47_webcam02_P47_pancake.npy
./dataset/Breakfast/features_average/P47_webcam02_P47_salat.npy,./dataset/Breakfast/gt_arr/P47_webcam02_P47_salat.npy,./dataset/Breakfast/gt_boundary_arr/P47_webcam02_P47_salat.npy
./dataset/Breakfast/features_average/P47_webcam02_P47_sandwich.npy,./dataset/Breakfast/gt_arr/P47_webcam02_P47_sandwich.npy,./dataset/Breakfast/gt_boundary_arr/P47_webcam02_P47_sandwich.npy
./dataset/Breakfast/features_average/P47_webcam02_P47_scrambledegg.npy,./dataset/Breakfast/gt_arr/P47_webcam02_P47_scrambledegg.npy,./dataset/Breakfast/gt_boundary_arr/P47_webcam02_P47_scrambledegg.npy
./dataset/Breakfast/features_average/P47_webcam02_P47_tea.npy,./dataset/Breakfast/gt_arr/P47_webcam02_P47_tea.npy,./dataset/Breakfast/gt_boundary_arr/P47_webcam02_P47_tea.npy
./dataset/Breakfast/features_average/P48_cam01_P48_cereals.npy,./dataset/Breakfast/gt_arr/P48_cam01_P48_cereals.npy,./dataset/Breakfast/gt_boundary_arr/P48_cam01_P48_cereals.npy
./dataset/Breakfast/features_average/P48_cam01_P48_friedegg.npy,./dataset/Breakfast/gt_arr/P48_cam01_P48_friedegg.npy,./dataset/Breakfast/gt_boundary_arr/P48_cam01_P48_friedegg.npy
./dataset/Breakfast/features_average/P48_cam01_P48_juice.npy,./dataset/Breakfast/gt_arr/P48_cam01_P48_juice.npy,./dataset/Breakfast/gt_boundary_arr/P48_cam01_P48_juice.npy
./dataset/Breakfast/features_average/P48_cam01_P48_pancake.npy,./dataset/Breakfast/gt_arr/P48_cam01_P48_pancake.npy,./dataset/Breakfast/gt_boundary_arr/P48_cam01_P48_pancake.npy
./dataset/Breakfast/features_average/P48_cam01_P48_salat.npy,./dataset/Breakfast/gt_arr/P48_cam01_P48_salat.npy,./dataset/Breakfast/gt_boundary_arr/P48_cam01_P48_salat.npy
./dataset/Breakfast/features_average/P48_cam01_P48_sandwich.npy,./dataset/Breakfast/gt_arr/P48_cam01_P48_sandwich.npy,./dataset/Breakfast/gt_boundary_arr/P48_cam01_P48_sandwich.npy
./dataset/Breakfast/features_average/P48_cam01_P48_scrambledegg.npy,./dataset/Breakfast/gt_arr/P48_cam01_P48_scrambledegg.npy,./dataset/Breakfast/gt_boundary_arr/P48_cam01_P48_scrambledegg.npy
./dataset/Breakfast/features_average/P48_cam01_P48_tea.npy,./dataset/Breakfast/gt_arr/P48_cam01_P48_tea.npy,./dataset/Breakfast/gt_boundary_arr/P48_cam01_P48_tea.npy
./dataset/Breakfast/features_average/P48_cam02_P48_cereals.npy,./dataset/Breakfast/gt_arr/P48_cam02_P48_cereals.npy,./dataset/Breakfast/gt_boundary_arr/P48_cam02_P48_cereals.npy
./dataset/Breakfast/features_average/P48_cam02_P48_coffee.npy,./dataset/Breakfast/gt_arr/P48_cam02_P48_coffee.npy,./dataset/Breakfast/gt_boundary_arr/P48_cam02_P48_coffee.npy
./dataset/Breakfast/features_average/P48_cam02_P48_friedegg.npy,./dataset/Breakfast/gt_arr/P48_cam02_P48_friedegg.npy,./dataset/Breakfast/gt_boundary_arr/P48_cam02_P48_friedegg.npy
./dataset/Breakfast/features_average/P48_cam02_P48_juice.npy,./dataset/Breakfast/gt_arr/P48_cam02_P48_juice.npy,./dataset/Breakfast/gt_boundary_arr/P48_cam02_P48_juice.npy
./dataset/Breakfast/features_average/P48_cam02_P48_pancake.npy,./dataset/Breakfast/gt_arr/P48_cam02_P48_pancake.npy,./dataset/Breakfast/gt_boundary_arr/P48_cam02_P48_pancake.npy
./dataset/Breakfast/features_average/P48_cam02_P48_salat.npy,./dataset/Breakfast/gt_arr/P48_cam02_P48_salat.npy,./dataset/Breakfast/gt_boundary_arr/P48_cam02_P48_salat.npy
./dataset/Breakfast/features_average/P48_cam02_P48_sandwich.npy,./dataset/Breakfast/gt_arr/P48_cam02_P48_sandwich.npy,./dataset/Breakfast/gt_boundary_arr/P48_cam02_P48_sandwich.npy
./dataset/Breakfast/features_average/P48_cam02_P48_scrambledegg.npy,./dataset/Breakfast/gt_arr/P48_cam02_P48_scrambledegg.npy,./dataset/Breakfast/gt_boundary_arr/P48_cam02_P48_scrambledegg.npy
./dataset/Breakfast/features_average/P48_cam02_P48_tea.npy,./dataset/Breakfast/gt_arr/P48_cam02_P48_tea.npy,./dataset/Breakfast/gt_boundary_arr/P48_cam02_P48_tea.npy
./dataset/Breakfast/features_average/P48_stereo01_P48_cereals.npy,./dataset/Breakfast/gt_arr/P48_stereo01_P48_cereals.npy,./dataset/Breakfast/gt_boundary_arr/P48_stereo01_P48_cereals.npy
./dataset/Breakfast/features_average/P48_stereo01_P48_coffee.npy,./dataset/Breakfast/gt_arr/P48_stereo01_P48_coffee.npy,./dataset/Breakfast/gt_boundary_arr/P48_stereo01_P48_coffee.npy
./dataset/Breakfast/features_average/P48_stereo01_P48_milk.npy,./dataset/Breakfast/gt_arr/P48_stereo01_P48_milk.npy,./dataset/Breakfast/gt_boundary_arr/P48_stereo01_P48_milk.npy
./dataset/Breakfast/features_average/P48_webcam01_P48_cereals.npy,./dataset/Breakfast/gt_arr/P48_webcam01_P48_cereals.npy,./dataset/Breakfast/gt_boundary_arr/P48_webcam01_P48_cereals.npy
./dataset/Breakfast/features_average/P48_webcam01_P48_friedegg.npy,./dataset/Breakfast/gt_arr/P48_webcam01_P48_friedegg.npy,./dataset/Breakfast/gt_boundary_arr/P48_webcam01_P48_friedegg.npy
./dataset/Breakfast/features_average/P48_webcam01_P48_juice.npy,./dataset/Breakfast/gt_arr/P48_webcam01_P48_juice.npy,./dataset/Breakfast/gt_boundary_arr/P48_webcam01_P48_juice.npy
./dataset/Breakfast/features_average/P48_webcam01_P48_milk.npy,./dataset/Breakfast/gt_arr/P48_webcam01_P48_milk.npy,./dataset/Breakfast/gt_boundary_arr/P48_webcam01_P48_milk.npy
./dataset/Breakfast/features_average/P48_webcam01_P48_pancake.npy,./dataset/Breakfast/gt_arr/P48_webcam01_P48_pancake.npy,./dataset/Breakfast/gt_boundary_arr/P48_webcam01_P48_pancake.npy
./dataset/Breakfast/features_average/P48_webcam01_P48_salat.npy,./dataset/Breakfast/gt_arr/P48_webcam01_P48_salat.npy,./dataset/Breakfast/gt_boundary_arr/P48_webcam01_P48_salat.npy
./dataset/Breakfast/features_average/P48_webcam01_P48_sandwich.npy,./dataset/Breakfast/gt_arr/P48_webcam01_P48_sandwich.npy,./dataset/Breakfast/gt_boundary_arr/P48_webcam01_P48_sandwich.npy
./dataset/Breakfast/features_average/P48_webcam01_P48_scrambledegg.npy,./dataset/Breakfast/gt_arr/P48_webcam01_P48_scrambledegg.npy,./dataset/Breakfast/gt_boundary_arr/P48_webcam01_P48_scrambledegg.npy
./dataset/Breakfast/features_average/P48_webcam01_P48_tea.npy,./dataset/Breakfast/gt_arr/P48_webcam01_P48_tea.npy,./dataset/Breakfast/gt_boundary_arr/P48_webcam01_P48_tea.npy
./dataset/Breakfast/features_average/P48_webcam02_P48_cereals.npy,./dataset/Breakfast/gt_arr/P48_webcam02_P48_cereals.npy,./dataset/Breakfast/gt_boundary_arr/P48_webcam02_P48_cereals.npy
./dataset/Breakfast/features_average/P48_webcam02_P48_friedegg.npy,./dataset/Breakfast/gt_arr/P48_webcam02_P48_friedegg.npy,./dataset/Breakfast/gt_boundary_arr/P48_webcam02_P48_friedegg.npy
./dataset/Breakfast/features_average/P48_webcam02_P48_juice.npy,./dataset/Breakfast/gt_arr/P48_webcam02_P48_juice.npy,./dataset/Breakfast/gt_boundary_arr/P48_webcam02_P48_juice.npy
./dataset/Breakfast/features_average/P48_webcam02_P48_milk.npy,./dataset/Breakfast/gt_arr/P48_webcam02_P48_milk.npy,./dataset/Breakfast/gt_boundary_arr/P48_webcam02_P48_milk.npy
./dataset/Breakfast/features_average/P48_webcam02_P48_pancake.npy,./dataset/Breakfast/gt_arr/P48_webcam02_P48_pancake.npy,./dataset/Breakfast/gt_boundary_arr/P48_webcam02_P48_pancake.npy
./dataset/Breakfast/features_average/P48_webcam02_P48_salat.npy,./dataset/Breakfast/gt_arr/P48_webcam02_P48_salat.npy,./dataset/Breakfast/gt_boundary_arr/P48_webcam02_P48_salat.npy
./dataset/Breakfast/features_average/P48_webcam02_P48_sandwich.npy,./dataset/Breakfast/gt_arr/P48_webcam02_P48_sandwich.npy,./dataset/Breakfast/gt_boundary_arr/P48_webcam02_P48_sandwich.npy
./dataset/Breakfast/features_average/P48_webcam02_P48_scrambledegg.npy,./dataset/Breakfast/gt_arr/P48_webcam02_P48_scrambledegg.npy,./dataset/Breakfast/gt_boundary_arr/P48_webcam02_P48_scrambledegg.npy
./dataset/Breakfast/features_average/P48_webcam02_P48_tea.npy,./dataset/Breakfast/gt_arr/P48_webcam02_P48_tea.npy,./dataset/Breakfast/gt_boundary_arr/P48_webcam02_P48_tea.npy
./dataset/Breakfast/features_average/P49_cam01_P49_cereals.npy,./dataset/Breakfast/gt_arr/P49_cam01_P49_cereals.npy,./dataset/Breakfast/gt_boundary_arr/P49_cam01_P49_cereals.npy
./dataset/Breakfast/features_average/P49_cam01_P49_friedegg.npy,./dataset/Breakfast/gt_arr/P49_cam01_P49_friedegg.npy,./dataset/Breakfast/gt_boundary_arr/P49_cam01_P49_friedegg.npy
./dataset/Breakfast/features_average/P49_cam01_P49_juice.npy,./dataset/Breakfast/gt_arr/P49_cam01_P49_juice.npy,./dataset/Breakfast/gt_boundary_arr/P49_cam01_P49_juice.npy
./dataset/Breakfast/features_average/P49_cam01_P49_milk.npy,./dataset/Breakfast/gt_arr/P49_cam01_P49_milk.npy,./dataset/Breakfast/gt_boundary_arr/P49_cam01_P49_milk.npy
./dataset/Breakfast/features_average/P49_cam01_P49_pancake.npy,./dataset/Breakfast/gt_arr/P49_cam01_P49_pancake.npy,./dataset/Breakfast/gt_boundary_arr/P49_cam01_P49_pancake.npy
./dataset/Breakfast/features_average/P49_cam01_P49_salat.npy,./dataset/Breakfast/gt_arr/P49_cam01_P49_salat.npy,./dataset/Breakfast/gt_boundary_arr/P49_cam01_P49_salat.npy
./dataset/Breakfast/features_average/P49_cam01_P49_sandwich.npy,./dataset/Breakfast/gt_arr/P49_cam01_P49_sandwich.npy,./dataset/Breakfast/gt_boundary_arr/P49_cam01_P49_sandwich.npy
./dataset/Breakfast/features_average/P49_cam01_P49_scrambledegg.npy,./dataset/Breakfast/gt_arr/P49_cam01_P49_scrambledegg.npy,./dataset/Breakfast/gt_boundary_arr/P49_cam01_P49_scrambledegg.npy
./dataset/Breakfast/features_average/P49_cam01_P49_tea.npy,./dataset/Breakfast/gt_arr/P49_cam01_P49_tea.npy,./dataset/Breakfast/gt_boundary_arr/P49_cam01_P49_tea.npy
./dataset/Breakfast/features_average/P49_cam02_P49_cereals.npy,./dataset/Breakfast/gt_arr/P49_cam02_P49_cereals.npy,./dataset/Breakfast/gt_boundary_arr/P49_cam02_P49_cereals.npy
./dataset/Breakfast/features_average/P49_cam02_P49_friedegg.npy,./dataset/Breakfast/gt_arr/P49_cam02_P49_friedegg.npy,./dataset/Breakfast/gt_boundary_arr/P49_cam02_P49_friedegg.npy
./dataset/Breakfast/features_average/P49_cam02_P49_juice.npy,./dataset/Breakfast/gt_arr/P49_cam02_P49_juice.npy,./dataset/Breakfast/gt_boundary_arr/P49_cam02_P49_juice.npy
./dataset/Breakfast/features_average/P49_cam02_P49_pancake.npy,./dataset/Breakfast/gt_arr/P49_cam02_P49_pancake.npy,./dataset/Breakfast/gt_boundary_arr/P49_cam02_P49_pancake.npy
./dataset/Breakfast/features_average/P49_cam02_P49_salat.npy,./dataset/Breakfast/gt_arr/P49_cam02_P49_salat.npy,./dataset/Breakfast/gt_boundary_arr/P49_cam02_P49_salat.npy
./dataset/Breakfast/features_average/P49_cam02_P49_sandwich.npy,./dataset/Breakfast/gt_arr/P49_cam02_P49_sandwich.npy,./dataset/Breakfast/gt_boundary_arr/P49_cam02_P49_sandwich.npy
./dataset/Breakfast/features_average/P49_cam02_P49_scrambledegg.npy,./dataset/Breakfast/gt_arr/P49_cam02_P49_scrambledegg.npy,./dataset/Breakfast/gt_boundary_arr/P49_cam02_P49_scrambledegg.npy
./dataset/Breakfast/features_average/P49_cam02_P49_tea.npy,./dataset/Breakfast/gt_arr/P49_cam02_P49_tea.npy,./dataset/Breakfast/gt_boundary_arr/P49_cam02_P49_tea.npy
./dataset/Breakfast/features_average/P49_stereo01_P49_cereals.npy,./dataset/Breakfast/gt_arr/P49_stereo01_P49_cereals.npy,./dataset/Breakfast/gt_boundary_arr/P49_stereo01_P49_cereals.npy
./dataset/Breakfast/features_average/P49_stereo01_P49_coffee.npy,./dataset/Breakfast/gt_arr/P49_stereo01_P49_coffee.npy,./dataset/Breakfast/gt_boundary_arr/P49_stereo01_P49_coffee.npy
./dataset/Breakfast/features_average/P49_stereo01_P49_juice.npy,./dataset/Breakfast/gt_arr/P49_stereo01_P49_juice.npy,./dataset/Breakfast/gt_boundary_arr/P49_stereo01_P49_juice.npy
./dataset/Breakfast/features_average/P49_stereo01_P49_salat.npy,./dataset/Breakfast/gt_arr/P49_stereo01_P49_salat.npy,./dataset/Breakfast/gt_boundary_arr/P49_stereo01_P49_salat.npy
./dataset/Breakfast/features_average/P49_stereo01_P49_sandwich.npy,./dataset/Breakfast/gt_arr/P49_stereo01_P49_sandwich.npy,./dataset/Breakfast/gt_boundary_arr/P49_stereo01_P49_sandwich.npy
./dataset/Breakfast/features_average/P49_stereo01_P49_scrambledegg.npy,./dataset/Breakfast/gt_arr/P49_stereo01_P49_scrambledegg.npy,./dataset/Breakfast/gt_boundary_arr/P49_stereo01_P49_scrambledegg.npy
./dataset/Breakfast/features_average/P49_stereo01_P49_tea.npy,./dataset/Breakfast/gt_arr/P49_stereo01_P49_tea.npy,./dataset/Breakfast/gt_boundary_arr/P49_stereo01_P49_tea.npy
./dataset/Breakfast/features_average/P49_webcam01_P49_cereals.npy,./dataset/Breakfast/gt_arr/P49_webcam01_P49_cereals.npy,./dataset/Breakfast/gt_boundary_arr/P49_webcam01_P49_cereals.npy
./dataset/Breakfast/features_average/P49_webcam01_P49_coffee.npy,./dataset/Breakfast/gt_arr/P49_webcam01_P49_coffee.npy,./dataset/Breakfast/gt_boundary_arr/P49_webcam01_P49_coffee.npy
./dataset/Breakfast/features_average/P49_webcam01_P49_friedegg.npy,./dataset/Breakfast/gt_arr/P49_webcam01_P49_friedegg.npy,./dataset/Breakfast/gt_boundary_arr/P49_webcam01_P49_friedegg.npy
./dataset/Breakfast/features_average/P49_webcam01_P49_juice.npy,./dataset/Breakfast/gt_arr/P49_webcam01_P49_juice.npy,./dataset/Breakfast/gt_boundary_arr/P49_webcam01_P49_juice.npy
./dataset/Breakfast/features_average/P49_webcam01_P49_pancake.npy,./dataset/Breakfast/gt_arr/P49_webcam01_P49_pancake.npy,./dataset/Breakfast/gt_boundary_arr/P49_webcam01_P49_pancake.npy
./dataset/Breakfast/features_average/P49_webcam01_P49_salat.npy,./dataset/Breakfast/gt_arr/P49_webcam01_P49_salat.npy,./dataset/Breakfast/gt_boundary_arr/P49_webcam01_P49_salat.npy
./dataset/Breakfast/features_average/P49_webcam01_P49_sandwich.npy,./dataset/Breakfast/gt_arr/P49_webcam01_P49_sandwich.npy,./dataset/Breakfast/gt_boundary_arr/P49_webcam01_P49_sandwich.npy
./dataset/Breakfast/features_average/P49_webcam01_P49_scrambledegg.npy,./dataset/Breakfast/gt_arr/P49_webcam01_P49_scrambledegg.npy,./dataset/Breakfast/gt_boundary_arr/P49_webcam01_P49_scrambledegg.npy
./dataset/Breakfast/features_average/P49_webcam01_P49_tea.npy,./dataset/Breakfast/gt_arr/P49_webcam01_P49_tea.npy,./dataset/Breakfast/gt_boundary_arr/P49_webcam01_P49_tea.npy
./dataset/Breakfast/features_average/P49_webcam02_P49_coffee.npy,./dataset/Breakfast/gt_arr/P49_webcam02_P49_coffee.npy,./dataset/Breakfast/gt_boundary_arr/P49_webcam02_P49_coffee.npy
./dataset/Breakfast/features_average/P49_webcam02_P49_friedegg.npy,./dataset/Breakfast/gt_arr/P49_webcam02_P49_friedegg.npy,./dataset/Breakfast/gt_boundary_arr/P49_webcam02_P49_friedegg.npy
./dataset/Breakfast/features_average/P49_webcam02_P49_juice.npy,./dataset/Breakfast/gt_arr/P49_webcam02_P49_juice.npy,./dataset/Breakfast/gt_boundary_arr/P49_webcam02_P49_juice.npy
./dataset/Breakfast/features_average/P49_webcam02_P49_milk.npy,./dataset/Breakfast/gt_arr/P49_webcam02_P49_milk.npy,./dataset/Breakfast/gt_boundary_arr/P49_webcam02_P49_milk.npy
./dataset/Breakfast/features_average/P49_webcam02_P49_salat.npy,./dataset/Breakfast/gt_arr/P49_webcam02_P49_salat.npy,./dataset/Breakfast/gt_boundary_arr/P49_webcam02_P49_salat.npy
./dataset/Breakfast/features_average/P49_webcam02_P49_sandwich.npy,./dataset/Breakfast/gt_arr/P49_webcam02_P49_sandwich.npy,./dataset/Breakfast/gt_boundary_arr/P49_webcam02_P49_sandwich.npy
./dataset/Breakfast/features_average/P49_webcam02_P49_scrambledegg.npy,./dataset/Breakfast/gt_arr/P49_webcam02_P49_scrambledegg.npy,./dataset/Breakfast/gt_boundary_arr/P49_webcam02_P49_scrambledegg.npy
./dataset/Breakfast/features_average/P49_webcam02_P49_tea.npy,./dataset/Breakfast/gt_arr/P49_webcam02_P49_tea.npy,./dataset/Breakfast/gt_boundary_arr/P49_webcam02_P49_tea.npy
./dataset/Breakfast/features_average/P50_cam01_P50_cereals.npy,./dataset/Breakfast/gt_arr/P50_cam01_P50_cereals.npy,./dataset/Breakfast/gt_boundary_arr/P50_cam01_P50_cereals.npy
./dataset/Breakfast/features_average/P50_cam01_P50_coffee.npy,./dataset/Breakfast/gt_arr/P50_cam01_P50_coffee.npy,./dataset/Breakfast/gt_boundary_arr/P50_cam01_P50_coffee.npy
./dataset/Breakfast/features_average/P50_cam01_P50_friedegg.npy,./dataset/Breakfast/gt_arr/P50_cam01_P50_friedegg.npy,./dataset/Breakfast/gt_boundary_arr/P50_cam01_P50_friedegg.npy
./dataset/Breakfast/features_average/P50_cam01_P50_juice.npy,./dataset/Breakfast/gt_arr/P50_cam01_P50_juice.npy,./dataset/Breakfast/gt_boundary_arr/P50_cam01_P50_juice.npy
./dataset/Breakfast/features_average/P50_cam01_P50_milk.npy,./dataset/Breakfast/gt_arr/P50_cam01_P50_milk.npy,./dataset/Breakfast/gt_boundary_arr/P50_cam01_P50_milk.npy
./dataset/Breakfast/features_average/P50_cam01_P50_salat.npy,./dataset/Breakfast/gt_arr/P50_cam01_P50_salat.npy,./dataset/Breakfast/gt_boundary_arr/P50_cam01_P50_salat.npy
./dataset/Breakfast/features_average/P50_cam01_P50_sandwich.npy,./dataset/Breakfast/gt_arr/P50_cam01_P50_sandwich.npy,./dataset/Breakfast/gt_boundary_arr/P50_cam01_P50_sandwich.npy
./dataset/Breakfast/features_average/P50_cam01_P50_scrambledegg.npy,./dataset/Breakfast/gt_arr/P50_cam01_P50_scrambledegg.npy,./dataset/Breakfast/gt_boundary_arr/P50_cam01_P50_scrambledegg.npy
./dataset/Breakfast/features_average/P50_cam01_P50_tea.npy,./dataset/Breakfast/gt_arr/P50_cam01_P50_tea.npy,./dataset/Breakfast/gt_boundary_arr/P50_cam01_P50_tea.npy
./dataset/Breakfast/features_average/P50_cam02_P50_cereals.npy,./dataset/Breakfast/gt_arr/P50_cam02_P50_cereals.npy,./dataset/Breakfast/gt_boundary_arr/P50_cam02_P50_cereals.npy
./dataset/Breakfast/features_average/P50_cam02_P50_coffee.npy,./dataset/Breakfast/gt_arr/P50_cam02_P50_coffee.npy,./dataset/Breakfast/gt_boundary_arr/P50_cam02_P50_coffee.npy
./dataset/Breakfast/features_average/P50_cam02_P50_friedegg.npy,./dataset/Breakfast/gt_arr/P50_cam02_P50_friedegg.npy,./dataset/Breakfast/gt_boundary_arr/P50_cam02_P50_friedegg.npy
./dataset/Breakfast/features_average/P50_cam02_P50_juice.npy,./dataset/Breakfast/gt_arr/P50_cam02_P50_juice.npy,./dataset/Breakfast/gt_boundary_arr/P50_cam02_P50_juice.npy
./dataset/Breakfast/features_average/P50_cam02_P50_milk.npy,./dataset/Breakfast/gt_arr/P50_cam02_P50_milk.npy,./dataset/Breakfast/gt_boundary_arr/P50_cam02_P50_milk.npy
./dataset/Breakfast/features_average/P50_cam02_P50_salat.npy,./dataset/Breakfast/gt_arr/P50_cam02_P50_salat.npy,./dataset/Breakfast/gt_boundary_arr/P50_cam02_P50_salat.npy
./dataset/Breakfast/features_average/P50_cam02_P50_sandwich.npy,./dataset/Breakfast/gt_arr/P50_cam02_P50_sandwich.npy,./dataset/Breakfast/gt_boundary_arr/P50_cam02_P50_sandwich.npy
./dataset/Breakfast/features_average/P50_cam02_P50_scrambledegg.npy,./dataset/Breakfast/gt_arr/P50_cam02_P50_scrambledegg.npy,./dataset/Breakfast/gt_boundary_arr/P50_cam02_P50_scrambledegg.npy
./dataset/Breakfast/features_average/P50_cam02_P50_tea.npy,./dataset/Breakfast/gt_arr/P50_cam02_P50_tea.npy,./dataset/Breakfast/gt_boundary_arr/P50_cam02_P50_tea.npy
./dataset/Breakfast/features_average/P50_stereo01_P50_cereals.npy,./dataset/Breakfast/gt_arr/P50_stereo01_P50_cereals.npy,./dataset/Breakfast/gt_boundary_arr/P50_stereo01_P50_cereals.npy
./dataset/Breakfast/features_average/P50_stereo01_P50_coffee.npy,./dataset/Breakfast/gt_arr/P50_stereo01_P50_coffee.npy,./dataset/Breakfast/gt_boundary_arr/P50_stereo01_P50_coffee.npy
./dataset/Breakfast/features_average/P50_stereo01_P50_juice.npy,./dataset/Breakfast/gt_arr/P50_stereo01_P50_juice.npy,./dataset/Breakfast/gt_boundary_arr/P50_stereo01_P50_juice.npy
./dataset/Breakfast/features_average/P50_stereo01_P50_milk.npy,./dataset/Breakfast/gt_arr/P50_stereo01_P50_milk.npy,./dataset/Breakfast/gt_boundary_arr/P50_stereo01_P50_milk.npy
./dataset/Breakfast/features_average/P50_stereo01_P50_pancake.npy,./dataset/Breakfast/gt_arr/P50_stereo01_P50_pancake.npy,./dataset/Breakfast/gt_boundary_arr/P50_stereo01_P50_pancake.npy
./dataset/Breakfast/features_average/P50_stereo01_P50_scrambledegg.npy,./dataset/Breakfast/gt_arr/P50_stereo01_P50_scrambledegg.npy,./dataset/Breakfast/gt_boundary_arr/P50_stereo01_P50_scrambledegg.npy
./dataset/Breakfast/features_average/P50_stereo01_P50_tea.npy,./dataset/Breakfast/gt_arr/P50_stereo01_P50_tea.npy,./dataset/Breakfast/gt_boundary_arr/P50_stereo01_P50_tea.npy
./dataset/Breakfast/features_average/P50_webcam01_P50_cereals.npy,./dataset/Breakfast/gt_arr/P50_webcam01_P50_cereals.npy,./dataset/Breakfast/gt_boundary_arr/P50_webcam01_P50_cereals.npy
./dataset/Breakfast/features_average/P50_webcam01_P50_coffee.npy,./dataset/Breakfast/gt_arr/P50_webcam01_P50_coffee.npy,./dataset/Breakfast/gt_boundary_arr/P50_webcam01_P50_coffee.npy
./dataset/Breakfast/features_average/P50_webcam01_P50_friedegg.npy,./dataset/Breakfast/gt_arr/P50_webcam01_P50_friedegg.npy,./dataset/Breakfast/gt_boundary_arr/P50_webcam01_P50_friedegg.npy
./dataset/Breakfast/features_average/P50_webcam01_P50_juice.npy,./dataset/Breakfast/gt_arr/P50_webcam01_P50_juice.npy,./dataset/Breakfast/gt_boundary_arr/P50_webcam01_P50_juice.npy
./dataset/Breakfast/features_average/P50_webcam01_P50_milk.npy,./dataset/Breakfast/gt_arr/P50_webcam01_P50_milk.npy,./dataset/Breakfast/gt_boundary_arr/P50_webcam01_P50_milk.npy
./dataset/Breakfast/features_average/P50_webcam01_P50_pancake.npy,./dataset/Breakfast/gt_arr/P50_webcam01_P50_pancake.npy,./dataset/Breakfast/gt_boundary_arr/P50_webcam01_P50_pancake.npy
./dataset/Breakfast/features_average/P50_webcam01_P50_salat.npy,./dataset/Breakfast/gt_arr/P50_webcam01_P50_salat.npy,./dataset/Breakfast/gt_boundary_arr/P50_webcam01_P50_salat.npy
./dataset/Breakfast/features_average/P50_webcam01_P50_scrambledegg.npy,./dataset/Breakfast/gt_arr/P50_webcam01_P50_scrambledegg.npy,./dataset/Breakfast/gt_boundary_arr/P50_webcam01_P50_scrambledegg.npy
./dataset/Breakfast/features_average/P50_webcam01_P50_tea.npy,./dataset/Breakfast/gt_arr/P50_webcam01_P50_tea.npy,./dataset/Breakfast/gt_boundary_arr/P50_webcam01_P50_tea.npy
./dataset/Breakfast/features_average/P50_webcam02_P50_cereals.npy,./dataset/Breakfast/gt_arr/P50_webcam02_P50_cereals.npy,./dataset/Breakfast/gt_boundary_arr/P50_webcam02_P50_cereals.npy
./dataset/Breakfast/features_average/P50_webcam02_P50_coffee.npy,./dataset/Breakfast/gt_arr/P50_webcam02_P50_coffee.npy,./dataset/Breakfast/gt_boundary_arr/P50_webcam02_P50_coffee.npy
./dataset/Breakfast/features_average/P50_webcam02_P50_friedegg.npy,./dataset/Breakfast/gt_arr/P50_webcam02_P50_friedegg.npy,./dataset/Breakfast/gt_boundary_arr/P50_webcam02_P50_friedegg.npy
./dataset/Breakfast/features_average/P50_webcam02_P50_juice.npy,./dataset/Breakfast/gt_arr/P50_webcam02_P50_juice.npy,./dataset/Breakfast/gt_boundary_arr/P50_webcam02_P50_juice.npy
./dataset/Breakfast/features_average/P50_webcam02_P50_milk.npy,./dataset/Breakfast/gt_arr/P50_webcam02_P50_milk.npy,./dataset/Breakfast/gt_boundary_arr/P50_webcam02_P50_milk.npy
./dataset/Breakfast/features_average/P50_webcam02_P50_pancake.npy,./dataset/Breakfast/gt_arr/P50_webcam02_P50_pancake.npy,./dataset/Breakfast/gt_boundary_arr/P50_webcam02_P50_pancake.npy
./dataset/Breakfast/features_average/P50_webcam02_P50_salat.npy,./dataset/Breakfast/gt_arr/P50_webcam02_P50_salat.npy,./dataset/Breakfast/gt_boundary_arr/P50_webcam02_P50_salat.npy
./dataset/Breakfast/features_average/P50_webcam02_P50_scrambledegg.npy,./dataset/Breakfast/gt_arr/P50_webcam02_P50_scrambledegg.npy,./dataset/Breakfast/gt_boundary_arr/P50_webcam02_P50_scrambledegg.npy
./dataset/Breakfast/features_average/P50_webcam02_P50_tea.npy,./dataset/Breakfast/gt_arr/P50_webcam02_P50_tea.npy,./dataset/Breakfast/gt_boundary_arr/P50_webcam02_P50_tea.npy
./dataset/Breakfast/features_average/P51_cam01_P51_cereals.npy,./dataset/Breakfast/gt_arr/P51_cam01_P51_cereals.npy,./dataset/Breakfast/gt_boundary_arr/P51_cam01_P51_cereals.npy
./dataset/Breakfast/features_average/P51_cam01_P51_friedegg.npy,./dataset/Breakfast/gt_arr/P51_cam01_P51_friedegg.npy,./dataset/Breakfast/gt_boundary_arr/P51_cam01_P51_friedegg.npy
./dataset/Breakfast/features_average/P51_cam01_P51_juice.npy,./dataset/Breakfast/gt_arr/P51_cam01_P51_juice.npy,./dataset/Breakfast/gt_boundary_arr/P51_cam01_P51_juice.npy
./dataset/Breakfast/features_average/P51_cam01_P51_milk.npy,./dataset/Breakfast/gt_arr/P51_cam01_P51_milk.npy,./dataset/Breakfast/gt_boundary_arr/P51_cam01_P51_milk.npy
./dataset/Breakfast/features_average/P51_cam01_P51_pancake.npy,./dataset/Breakfast/gt_arr/P51_cam01_P51_pancake.npy,./dataset/Breakfast/gt_boundary_arr/P51_cam01_P51_pancake.npy
./dataset/Breakfast/features_average/P51_cam01_P51_salat.npy,./dataset/Breakfast/gt_arr/P51_cam01_P51_salat.npy,./dataset/Breakfast/gt_boundary_arr/P51_cam01_P51_salat.npy
./dataset/Breakfast/features_average/P51_cam01_P51_sandwich.npy,./dataset/Breakfast/gt_arr/P51_cam01_P51_sandwich.npy,./dataset/Breakfast/gt_boundary_arr/P51_cam01_P51_sandwich.npy
./dataset/Breakfast/features_average/P51_cam01_P51_tea.npy,./dataset/Breakfast/gt_arr/P51_cam01_P51_tea.npy,./dataset/Breakfast/gt_boundary_arr/P51_cam01_P51_tea.npy
./dataset/Breakfast/features_average/P51_cam02_P51_cereals.npy,./dataset/Breakfast/gt_arr/P51_cam02_P51_cereals.npy,./dataset/Breakfast/gt_boundary_arr/P51_cam02_P51_cereals.npy
./dataset/Breakfast/features_average/P51_cam02_P51_coffee.npy,./dataset/Breakfast/gt_arr/P51_cam02_P51_coffee.npy,./dataset/Breakfast/gt_boundary_arr/P51_cam02_P51_coffee.npy
./dataset/Breakfast/features_average/P51_cam02_P51_friedegg.npy,./dataset/Breakfast/gt_arr/P51_cam02_P51_friedegg.npy,./dataset/Breakfast/gt_boundary_arr/P51_cam02_P51_friedegg.npy
./dataset/Breakfast/features_average/P51_cam02_P51_juice.npy,./dataset/Breakfast/gt_arr/P51_cam02_P51_juice.npy,./dataset/Breakfast/gt_boundary_arr/P51_cam02_P51_juice.npy
./dataset/Breakfast/features_average/P51_cam02_P51_milk.npy,./dataset/Breakfast/gt_arr/P51_cam02_P51_milk.npy,./dataset/Breakfast/gt_boundary_arr/P51_cam02_P51_milk.npy
./dataset/Breakfast/features_average/P51_cam02_P51_pancake.npy,./dataset/Breakfast/gt_arr/P51_cam02_P51_pancake.npy,./dataset/Breakfast/gt_boundary_arr/P51_cam02_P51_pancake.npy
./dataset/Breakfast/features_average/P51_cam02_P51_salat.npy,./dataset/Breakfast/gt_arr/P51_cam02_P51_salat.npy,./dataset/Breakfast/gt_boundary_arr/P51_cam02_P51_salat.npy
./dataset/Breakfast/features_average/P51_cam02_P51_sandwich.npy,./dataset/Breakfast/gt_arr/P51_cam02_P51_sandwich.npy,./dataset/Breakfast/gt_boundary_arr/P51_cam02_P51_sandwich.npy
./dataset/Breakfast/features_average/P51_cam02_P51_tea.npy,./dataset/Breakfast/gt_arr/P51_cam02_P51_tea.npy,./dataset/Breakfast/gt_boundary_arr/P51_cam02_P51_tea.npy
./dataset/Breakfast/features_average/P51_stereo01_P51_cereals.npy,./dataset/Breakfast/gt_arr/P51_stereo01_P51_cereals.npy,./dataset/Breakfast/gt_boundary_arr/P51_stereo01_P51_cereals.npy
./dataset/Breakfast/features_average/P51_stereo01_P51_coffee.npy,./dataset/Breakfast/gt_arr/P51_stereo01_P51_coffee.npy,./dataset/Breakfast/gt_boundary_arr/P51_stereo01_P51_coffee.npy
./dataset/Breakfast/features_average/P51_stereo01_P51_juice.npy,./dataset/Breakfast/gt_arr/P51_stereo01_P51_juice.npy,./dataset/Breakfast/gt_boundary_arr/P51_stereo01_P51_juice.npy
./dataset/Breakfast/features_average/P51_stereo01_P51_milk.npy,./dataset/Breakfast/gt_arr/P51_stereo01_P51_milk.npy,./dataset/Breakfast/gt_boundary_arr/P51_stereo01_P51_milk.npy
./dataset/Breakfast/features_average/P51_stereo01_P51_salat.npy,./dataset/Breakfast/gt_arr/P51_stereo01_P51_salat.npy,./dataset/Breakfast/gt_boundary_arr/P51_stereo01_P51_salat.npy
./dataset/Breakfast/features_average/P51_stereo01_P51_sandwich.npy,./dataset/Breakfast/gt_arr/P51_stereo01_P51_sandwich.npy,./dataset/Breakfast/gt_boundary_arr/P51_stereo01_P51_sandwich.npy
./dataset/Breakfast/features_average/P51_stereo01_P51_tea.npy,./dataset/Breakfast/gt_arr/P51_stereo01_P51_tea.npy,./dataset/Breakfast/gt_boundary_arr/P51_stereo01_P51_tea.npy
./dataset/Breakfast/features_average/P51_webcam01_P51_cereals.npy,./dataset/Breakfast/gt_arr/P51_webcam01_P51_cereals.npy,./dataset/Breakfast/gt_boundary_arr/P51_webcam01_P51_cereals.npy
./dataset/Breakfast/features_average/P51_webcam01_P51_friedegg.npy,./dataset/Breakfast/gt_arr/P51_webcam01_P51_friedegg.npy,./dataset/Breakfast/gt_boundary_arr/P51_webcam01_P51_friedegg.npy
./dataset/Breakfast/features_average/P51_webcam01_P51_juice.npy,./dataset/Breakfast/gt_arr/P51_webcam01_P51_juice.npy,./dataset/Breakfast/gt_boundary_arr/P51_webcam01_P51_juice.npy
./dataset/Breakfast/features_average/P51_webcam01_P51_milk.npy,./dataset/Breakfast/gt_arr/P51_webcam01_P51_milk.npy,./dataset/Breakfast/gt_boundary_arr/P51_webcam01_P51_milk.npy
./dataset/Breakfast/features_average/P51_webcam01_P51_pancake.npy,./dataset/Breakfast/gt_arr/P51_webcam01_P51_pancake.npy,./dataset/Breakfast/gt_boundary_arr/P51_webcam01_P51_pancake.npy
./dataset/Breakfast/features_average/P51_webcam01_P51_salat.npy,./dataset/Breakfast/gt_arr/P51_webcam01_P51_salat.npy,./dataset/Breakfast/gt_boundary_arr/P51_webcam01_P51_salat.npy
./dataset/Breakfast/features_average/P51_webcam01_P51_sandwich.npy,./dataset/Breakfast/gt_arr/P51_webcam01_P51_sandwich.npy,./dataset/Breakfast/gt_boundary_arr/P51_webcam01_P51_sandwich.npy
./dataset/Breakfast/features_average/P51_webcam01_P51_scrambledegg.npy,./dataset/Breakfast/gt_arr/P51_webcam01_P51_scrambledegg.npy,./dataset/Breakfast/gt_boundary_arr/P51_webcam01_P51_scrambledegg.npy
./dataset/Breakfast/features_average/P51_webcam01_P51_tea.npy,./dataset/Breakfast/gt_arr/P51_webcam01_P51_tea.npy,./dataset/Breakfast/gt_boundary_arr/P51_webcam01_P51_tea.npy
./dataset/Breakfast/features_average/P51_webcam02_P51_cereals.npy,./dataset/Breakfast/gt_arr/P51_webcam02_P51_cereals.npy,./dataset/Breakfast/gt_boundary_arr/P51_webcam02_P51_cereals.npy
./dataset/Breakfast/features_average/P51_webcam02_P51_friedegg.npy,./dataset/Breakfast/gt_arr/P51_webcam02_P51_friedegg.npy,./dataset/Breakfast/gt_boundary_arr/P51_webcam02_P51_friedegg.npy
./dataset/Breakfast/features_average/P51_webcam02_P51_juice.npy,./dataset/Breakfast/gt_arr/P51_webcam02_P51_juice.npy,./dataset/Breakfast/gt_boundary_arr/P51_webcam02_P51_juice.npy
./dataset/Breakfast/features_average/P51_webcam02_P51_milk.npy,./dataset/Breakfast/gt_arr/P51_webcam02_P51_milk.npy,./dataset/Breakfast/gt_boundary_arr/P51_webcam02_P51_milk.npy
./dataset/Breakfast/features_average/P51_webcam02_P51_pancake.npy,./dataset/Breakfast/gt_arr/P51_webcam02_P51_pancake.npy,./dataset/Breakfast/gt_boundary_arr/P51_webcam02_P51_pancake.npy
./dataset/Breakfast/features_average/P51_webcam02_P51_salat.npy,./dataset/Breakfast/gt_arr/P51_webcam02_P51_salat.npy,./dataset/Breakfast/gt_boundary_arr/P51_webcam02_P51_salat.npy
./dataset/Breakfast/features_average/P51_webcam02_P51_sandwich.npy,./dataset/Breakfast/gt_arr/P51_webcam02_P51_sandwich.npy,./dataset/Breakfast/gt_boundary_arr/P51_webcam02_P51_sandwich.npy
./dataset/Breakfast/features_average/P51_webcam02_P51_scrambledegg.npy,./dataset/Breakfast/gt_arr/P51_webcam02_P51_scrambledegg.npy,./dataset/Breakfast/gt_boundary_arr/P51_webcam02_P51_scrambledegg.npy
./dataset/Breakfast/features_average/P51_webcam02_P51_tea.npy,./dataset/Breakfast/gt_arr/P51_webcam02_P51_tea.npy,./dataset/Breakfast/gt_boundary_arr/P51_webcam02_P51_tea.npy
./dataset/Breakfast/features_average/P52_cam01_P52_friedegg.npy,./dataset/Breakfast/gt_arr/P52_cam01_P52_friedegg.npy,./dataset/Breakfast/gt_boundary_arr/P52_cam01_P52_friedegg.npy
./dataset/Breakfast/features_average/P52_cam01_P52_milk.npy,./dataset/Breakfast/gt_arr/P52_cam01_P52_milk.npy,./dataset/Breakfast/gt_boundary_arr/P52_cam01_P52_milk.npy
./dataset/Breakfast/features_average/P52_cam01_P52_pancake.npy,./dataset/Breakfast/gt_arr/P52_cam01_P52_pancake.npy,./dataset/Breakfast/gt_boundary_arr/P52_cam01_P52_pancake.npy
./dataset/Breakfast/features_average/P52_cam01_P52_salat.npy,./dataset/Breakfast/gt_arr/P52_cam01_P52_salat.npy,./dataset/Breakfast/gt_boundary_arr/P52_cam01_P52_salat.npy
./dataset/Breakfast/features_average/P52_cam01_P52_scrambledegg.npy,./dataset/Breakfast/gt_arr/P52_cam01_P52_scrambledegg.npy,./dataset/Breakfast/gt_boundary_arr/P52_cam01_P52_scrambledegg.npy
./dataset/Breakfast/features_average/P52_cam01_P52_tea.npy,./dataset/Breakfast/gt_arr/P52_cam01_P52_tea.npy,./dataset/Breakfast/gt_boundary_arr/P52_cam01_P52_tea.npy
./dataset/Breakfast/features_average/P52_cam02_P52_cereals.npy,./dataset/Breakfast/gt_arr/P52_cam02_P52_cereals.npy,./dataset/Breakfast/gt_boundary_arr/P52_cam02_P52_cereals.npy
./dataset/Breakfast/features_average/P52_cam02_P52_coffee.npy,./dataset/Breakfast/gt_arr/P52_cam02_P52_coffee.npy,./dataset/Breakfast/gt_boundary_arr/P52_cam02_P52_coffee.npy
./dataset/Breakfast/features_average/P52_cam02_P52_friedegg.npy,./dataset/Breakfast/gt_arr/P52_cam02_P52_friedegg.npy,./dataset/Breakfast/gt_boundary_arr/P52_cam02_P52_friedegg.npy
./dataset/Breakfast/features_average/P52_cam02_P52_juice.npy,./dataset/Breakfast/gt_arr/P52_cam02_P52_juice.npy,./dataset/Breakfast/gt_boundary_arr/P52_cam02_P52_juice.npy
./dataset/Breakfast/features_average/P52_cam02_P52_pancake.npy,./dataset/Breakfast/gt_arr/P52_cam02_P52_pancake.npy,./dataset/Breakfast/gt_boundary_arr/P52_cam02_P52_pancake.npy
./dataset/Breakfast/features_average/P52_cam02_P52_salat.npy,./dataset/Breakfast/gt_arr/P52_cam02_P52_salat.npy,./dataset/Breakfast/gt_boundary_arr/P52_cam02_P52_salat.npy
./dataset/Breakfast/features_average/P52_cam02_P52_scrambledegg.npy,./dataset/Breakfast/gt_arr/P52_cam02_P52_scrambledegg.npy,./dataset/Breakfast/gt_boundary_arr/P52_cam02_P52_scrambledegg.npy
./dataset/Breakfast/features_average/P52_cam02_P52_tea.npy,./dataset/Breakfast/gt_arr/P52_cam02_P52_tea.npy,./dataset/Breakfast/gt_boundary_arr/P52_cam02_P52_tea.npy
./dataset/Breakfast/features_average/P52_stereo01_P52_cereals.npy,./dataset/Breakfast/gt_arr/P52_stereo01_P52_cereals.npy,./dataset/Breakfast/gt_boundary_arr/P52_stereo01_P52_cereals.npy
./dataset/Breakfast/features_average/P52_stereo01_P52_coffee.npy,./dataset/Breakfast/gt_arr/P52_stereo01_P52_coffee.npy,./dataset/Breakfast/gt_boundary_arr/P52_stereo01_P52_coffee.npy
./dataset/Breakfast/features_average/P52_stereo01_P52_friedegg.npy,./dataset/Breakfast/gt_arr/P52_stereo01_P52_friedegg.npy,./dataset/Breakfast/gt_boundary_arr/P52_stereo01_P52_friedegg.npy
./dataset/Breakfast/features_average/P52_stereo01_P52_milk.npy,./dataset/Breakfast/gt_arr/P52_stereo01_P52_milk.npy,./dataset/Breakfast/gt_boundary_arr/P52_stereo01_P52_milk.npy
./dataset/Breakfast/features_average/P52_stereo01_P52_pancake.npy,./dataset/Breakfast/gt_arr/P52_stereo01_P52_pancake.npy,./dataset/Breakfast/gt_boundary_arr/P52_stereo01_P52_pancake.npy
./dataset/Breakfast/features_average/P52_stereo01_P52_sandwich.npy,./dataset/Breakfast/gt_arr/P52_stereo01_P52_sandwich.npy,./dataset/Breakfast/gt_boundary_arr/P52_stereo01_P52_sandwich.npy
./dataset/Breakfast/features_average/P52_stereo01_P52_scrambledegg.npy,./dataset/Breakfast/gt_arr/P52_stereo01_P52_scrambledegg.npy,./dataset/Breakfast/gt_boundary_arr/P52_stereo01_P52_scrambledegg.npy
./dataset/Breakfast/features_average/P52_stereo01_P52_tea.npy,./dataset/Breakfast/gt_arr/P52_stereo01_P52_tea.npy,./dataset/Breakfast/gt_boundary_arr/P52_stereo01_P52_tea.npy
./dataset/Breakfast/features_average/P52_webcam01_P52_cereals.npy,./dataset/Breakfast/gt_arr/P52_webcam01_P52_cereals.npy,./dataset/Breakfast/gt_boundary_arr/P52_webcam01_P52_cereals.npy
./dataset/Breakfast/features_average/P52_webcam01_P52_coffee.npy,./dataset/Breakfast/gt_arr/P52_webcam01_P52_coffee.npy,./dataset/Breakfast/gt_boundary_arr/P52_webcam01_P52_coffee.npy
./dataset/Breakfast/features_average/P52_webcam01_P52_friedegg.npy,./dataset/Breakfast/gt_arr/P52_webcam01_P52_friedegg.npy,./dataset/Breakfast/gt_boundary_arr/P52_webcam01_P52_friedegg.npy
./dataset/Breakfast/features_average/P52_webcam01_P52_juice.npy,./dataset/Breakfast/gt_arr/P52_webcam01_P52_juice.npy,./dataset/Breakfast/gt_boundary_arr/P52_webcam01_P52_juice.npy
./dataset/Breakfast/features_average/P52_webcam01_P52_milk.npy,./dataset/Breakfast/gt_arr/P52_webcam01_P52_milk.npy,./dataset/Breakfast/gt_boundary_arr/P52_webcam01_P52_milk.npy
./dataset/Breakfast/features_average/P52_webcam01_P52_pancake.npy,./dataset/Breakfast/gt_arr/P52_webcam01_P52_pancake.npy,./dataset/Breakfast/gt_boundary_arr/P52_webcam01_P52_pancake.npy
./dataset/Breakfast/features_average/P52_webcam01_P52_sandwich.npy,./dataset/Breakfast/gt_arr/P52_webcam01_P52_sandwich.npy,./dataset/Breakfast/gt_boundary_arr/P52_webcam01_P52_sandwich.npy
./dataset/Breakfast/features_average/P52_webcam01_P52_scrambledegg.npy,./dataset/Breakfast/gt_arr/P52_webcam01_P52_scrambledegg.npy,./dataset/Breakfast/gt_boundary_arr/P52_webcam01_P52_scrambledegg.npy
./dataset/Breakfast/features_average/P52_webcam01_P52_tea.npy,./dataset/Breakfast/gt_arr/P52_webcam01_P52_tea.npy,./dataset/Breakfast/gt_boundary_arr/P52_webcam01_P52_tea.npy
./dataset/Breakfast/features_average/P52_webcam02_P52_cereals.npy,./dataset/Breakfast/gt_arr/P52_webcam02_P52_cereals.npy,./dataset/Breakfast/gt_boundary_arr/P52_webcam02_P52_cereals.npy
./dataset/Breakfast/features_average/P52_webcam02_P52_coffee.npy,./dataset/Breakfast/gt_arr/P52_webcam02_P52_coffee.npy,./dataset/Breakfast/gt_boundary_arr/P52_webcam02_P52_coffee.npy
./dataset/Breakfast/features_average/P52_webcam02_P52_friedegg.npy,./dataset/Breakfast/gt_arr/P52_webcam02_P52_friedegg.npy,./dataset/Breakfast/gt_boundary_arr/P52_webcam02_P52_friedegg.npy
./dataset/Breakfast/features_average/P52_webcam02_P52_juice.npy,./dataset/Breakfast/gt_arr/P52_webcam02_P52_juice.npy,./dataset/Breakfast/gt_boundary_arr/P52_webcam02_P52_juice.npy
./dataset/Breakfast/features_average/P52_webcam02_P52_milk.npy,./dataset/Breakfast/gt_arr/P52_webcam02_P52_milk.npy,./dataset/Breakfast/gt_boundary_arr/P52_webcam02_P52_milk.npy
./dataset/Breakfast/features_average/P52_webcam02_P52_pancake.npy,./dataset/Breakfast/gt_arr/P52_webcam02_P52_pancake.npy,./dataset/Breakfast/gt_boundary_arr/P52_webcam02_P52_pancake.npy
./dataset/Breakfast/features_average/P52_webcam02_P52_sandwich.npy,./dataset/Breakfast/gt_arr/P52_webcam02_P52_sandwich.npy,./dataset/Breakfast/gt_boundary_arr/P52_webcam02_P52_sandwich.npy
./dataset/Breakfast/features_average/P52_webcam02_P52_scrambledegg.npy,./dataset/Breakfast/gt_arr/P52_webcam02_P52_scrambledegg.npy,./dataset/Breakfast/gt_boundary_arr/P52_webcam02_P52_scrambledegg.npy
./dataset/Breakfast/features_average/P52_webcam02_P52_tea.npy,./dataset/Breakfast/gt_arr/P52_webcam02_P52_tea.npy,./dataset/Breakfast/gt_boundary_arr/P52_webcam02_P52_tea.npy
./dataset/Breakfast/features_average/P53_cam01_P53_cereals.npy,./dataset/Breakfast/gt_arr/P53_cam01_P53_cereals.npy,./dataset/Breakfast/gt_boundary_arr/P53_cam01_P53_cereals.npy
./dataset/Breakfast/features_average/P53_cam01_P53_friedegg.npy,./dataset/Breakfast/gt_arr/P53_cam01_P53_friedegg.npy,./dataset/Breakfast/gt_boundary_arr/P53_cam01_P53_friedegg.npy
./dataset/Breakfast/features_average/P53_cam01_P53_pancake.npy,./dataset/Breakfast/gt_arr/P53_cam01_P53_pancake.npy,./dataset/Breakfast/gt_boundary_arr/P53_cam01_P53_pancake.npy
./dataset/Breakfast/features_average/P53_cam01_P53_scrambledegg.npy,./dataset/Breakfast/gt_arr/P53_cam01_P53_scrambledegg.npy,./dataset/Breakfast/gt_boundary_arr/P53_cam01_P53_scrambledegg.npy
./dataset/Breakfast/features_average/P53_cam02_P53_cereals.npy,./dataset/Breakfast/gt_arr/P53_cam02_P53_cereals.npy,./dataset/Breakfast/gt_boundary_arr/P53_cam02_P53_cereals.npy
./dataset/Breakfast/features_average/P53_cam02_P53_coffee.npy,./dataset/Breakfast/gt_arr/P53_cam02_P53_coffee.npy,./dataset/Breakfast/gt_boundary_arr/P53_cam02_P53_coffee.npy
./dataset/Breakfast/features_average/P53_cam02_P53_juice.npy,./dataset/Breakfast/gt_arr/P53_cam02_P53_juice.npy,./dataset/Breakfast/gt_boundary_arr/P53_cam02_P53_juice.npy
./dataset/Breakfast/features_average/P53_cam02_P53_milk.npy,./dataset/Breakfast/gt_arr/P53_cam02_P53_milk.npy,./dataset/Breakfast/gt_boundary_arr/P53_cam02_P53_milk.npy
./dataset/Breakfast/features_average/P53_cam02_P53_pancake.npy,./dataset/Breakfast/gt_arr/P53_cam02_P53_pancake.npy,./dataset/Breakfast/gt_boundary_arr/P53_cam02_P53_pancake.npy
./dataset/Breakfast/features_average/P53_cam02_P53_salat.npy,./dataset/Breakfast/gt_arr/P53_cam02_P53_salat.npy,./dataset/Breakfast/gt_boundary_arr/P53_cam02_P53_salat.npy
./dataset/Breakfast/features_average/P53_cam02_P53_sandwich.npy,./dataset/Breakfast/gt_arr/P53_cam02_P53_sandwich.npy,./dataset/Breakfast/gt_boundary_arr/P53_cam02_P53_sandwich.npy
./dataset/Breakfast/features_average/P53_cam02_P53_scrambledegg.npy,./dataset/Breakfast/gt_arr/P53_cam02_P53_scrambledegg.npy,./dataset/Breakfast/gt_boundary_arr/P53_cam02_P53_scrambledegg.npy
./dataset/Breakfast/features_average/P53_cam02_P53_tea.npy,./dataset/Breakfast/gt_arr/P53_cam02_P53_tea.npy,./dataset/Breakfast/gt_boundary_arr/P53_cam02_P53_tea.npy
./dataset/Breakfast/features_average/P53_stereo01_P53_cereals.npy,./dataset/Breakfast/gt_arr/P53_stereo01_P53_cereals.npy,./dataset/Breakfast/gt_boundary_arr/P53_stereo01_P53_cereals.npy
./dataset/Breakfast/features_average/P53_stereo01_P53_coffee.npy,./dataset/Breakfast/gt_arr/P53_stereo01_P53_coffee.npy,./dataset/Breakfast/gt_boundary_arr/P53_stereo01_P53_coffee.npy
./dataset/Breakfast/features_average/P53_stereo01_P53_juice.npy,./dataset/Breakfast/gt_arr/P53_stereo01_P53_juice.npy,./dataset/Breakfast/gt_boundary_arr/P53_stereo01_P53_juice.npy
./dataset/Breakfast/features_average/P53_stereo01_P53_milk.npy,./dataset/Breakfast/gt_arr/P53_stereo01_P53_milk.npy,./dataset/Breakfast/gt_boundary_arr/P53_stereo01_P53_milk.npy
./dataset/Breakfast/features_average/P53_stereo01_P53_salat.npy,./dataset/Breakfast/gt_arr/P53_stereo01_P53_salat.npy,./dataset/Breakfast/gt_boundary_arr/P53_stereo01_P53_salat.npy
./dataset/Breakfast/features_average/P53_stereo01_P53_sandwich.npy,./dataset/Breakfast/gt_arr/P53_stereo01_P53_sandwich.npy,./dataset/Breakfast/gt_boundary_arr/P53_stereo01_P53_sandwich.npy
./dataset/Breakfast/features_average/P53_stereo01_P53_scrambledegg.npy,./dataset/Breakfast/gt_arr/P53_stereo01_P53_scrambledegg.npy,./dataset/Breakfast/gt_boundary_arr/P53_stereo01_P53_scrambledegg.npy
./dataset/Breakfast/features_average/P53_stereo01_P53_tea.npy,./dataset/Breakfast/gt_arr/P53_stereo01_P53_tea.npy,./dataset/Breakfast/gt_boundary_arr/P53_stereo01_P53_tea.npy
./dataset/Breakfast/features_average/P53_webcam01_P53_cereals.npy,./dataset/Breakfast/gt_arr/P53_webcam01_P53_cereals.npy,./dataset/Breakfast/gt_boundary_arr/P53_webcam01_P53_cereals.npy
./dataset/Breakfast/features_average/P53_webcam01_P53_coffee.npy,./dataset/Breakfast/gt_arr/P53_webcam01_P53_coffee.npy,./dataset/Breakfast/gt_boundary_arr/P53_webcam01_P53_coffee.npy
./dataset/Breakfast/features_average/P53_webcam01_P53_friedegg.npy,./dataset/Breakfast/gt_arr/P53_webcam01_P53_friedegg.npy,./dataset/Breakfast/gt_boundary_arr/P53_webcam01_P53_friedegg.npy
./dataset/Breakfast/features_average/P53_webcam01_P53_milk.npy,./dataset/Breakfast/gt_arr/P53_webcam01_P53_milk.npy,./dataset/Breakfast/gt_boundary_arr/P53_webcam01_P53_milk.npy
./dataset/Breakfast/features_average/P53_webcam01_P53_pancake.npy,./dataset/Breakfast/gt_arr/P53_webcam01_P53_pancake.npy,./dataset/Breakfast/gt_boundary_arr/P53_webcam01_P53_pancake.npy
./dataset/Breakfast/features_average/P53_webcam01_P53_salat.npy,./dataset/Breakfast/gt_arr/P53_webcam01_P53_salat.npy,./dataset/Breakfast/gt_boundary_arr/P53_webcam01_P53_salat.npy
./dataset/Breakfast/features_average/P53_webcam01_P53_sandwich.npy,./dataset/Breakfast/gt_arr/P53_webcam01_P53_sandwich.npy,./dataset/Breakfast/gt_boundary_arr/P53_webcam01_P53_sandwich.npy
./dataset/Breakfast/features_average/P53_webcam01_P53_scrambledegg.npy,./dataset/Breakfast/gt_arr/P53_webcam01_P53_scrambledegg.npy,./dataset/Breakfast/gt_boundary_arr/P53_webcam01_P53_scrambledegg.npy
./dataset/Breakfast/features_average/P53_webcam01_P53_tea.npy,./dataset/Breakfast/gt_arr/P53_webcam01_P53_tea.npy,./dataset/Breakfast/gt_boundary_arr/P53_webcam01_P53_tea.npy
./dataset/Breakfast/features_average/P53_webcam02_P53_cereals.npy,./dataset/Breakfast/gt_arr/P53_webcam02_P53_cereals.npy,./dataset/Breakfast/gt_boundary_arr/P53_webcam02_P53_cereals.npy
./dataset/Breakfast/features_average/P53_webcam02_P53_coffee.npy,./dataset/Breakfast/gt_arr/P53_webcam02_P53_coffee.npy,./dataset/Breakfast/gt_boundary_arr/P53_webcam02_P53_coffee.npy
./dataset/Breakfast/features_average/P53_webcam02_P53_friedegg.npy,./dataset/Breakfast/gt_arr/P53_webcam02_P53_friedegg.npy,./dataset/Breakfast/gt_boundary_arr/P53_webcam02_P53_friedegg.npy
./dataset/Breakfast/features_average/P53_webcam02_P53_milk.npy,./dataset/Breakfast/gt_arr/P53_webcam02_P53_milk.npy,./dataset/Breakfast/gt_boundary_arr/P53_webcam02_P53_milk.npy
./dataset/Breakfast/features_average/P53_webcam02_P53_pancake.npy,./dataset/Breakfast/gt_arr/P53_webcam02_P53_pancake.npy,./dataset/Breakfast/gt_boundary_arr/P53_webcam02_P53_pancake.npy
./dataset/Breakfast/features_average/P53_webcam02_P53_salat.npy,./dataset/Breakfast/gt_arr/P53_webcam02_P53_salat.npy,./dataset/Breakfast/gt_boundary_arr/P53_webcam02_P53_salat.npy
./dataset/Breakfast/features_average/P53_webcam02_P53_sandwich.npy,./dataset/Breakfast/gt_arr/P53_webcam02_P53_sandwich.npy,./dataset/Breakfast/gt_boundary_arr/P53_webcam02_P53_sandwich.npy
./dataset/Breakfast/features_average/P53_webcam02_P53_scrambledegg.npy,./dataset/Breakfast/gt_arr/P53_webcam02_P53_scrambledegg.npy,./dataset/Breakfast/gt_boundary_arr/P53_webcam02_P53_scrambledegg.npy
./dataset/Breakfast/features_average/P53_webcam02_P53_tea.npy,./dataset/Breakfast/gt_arr/P53_webcam02_P53_tea.npy,./dataset/Breakfast/gt_boundary_arr/P53_webcam02_P53_tea.npy
./dataset/Breakfast/features_average/P54_cam01_P54_cereals.npy,./dataset/Breakfast/gt_arr/P54_cam01_P54_cereals.npy,./dataset/Breakfast/gt_boundary_arr/P54_cam01_P54_cereals.npy
./dataset/Breakfast/features_average/P54_cam01_P54_friedegg.npy,./dataset/Breakfast/gt_arr/P54_cam01_P54_friedegg.npy,./dataset/Breakfast/gt_boundary_arr/P54_cam01_P54_friedegg.npy
./dataset/Breakfast/features_average/P54_cam01_P54_juice.npy,./dataset/Breakfast/gt_arr/P54_cam01_P54_juice.npy,./dataset/Breakfast/gt_boundary_arr/P54_cam01_P54_juice.npy
./dataset/Breakfast/features_average/P54_cam01_P54_salat.npy,./dataset/Breakfast/gt_arr/P54_cam01_P54_salat.npy,./dataset/Breakfast/gt_boundary_arr/P54_cam01_P54_salat.npy
./dataset/Breakfast/features_average/P54_cam01_P54_sandwich.npy,./dataset/Breakfast/gt_arr/P54_cam01_P54_sandwich.npy,./dataset/Breakfast/gt_boundary_arr/P54_cam01_P54_sandwich.npy
./dataset/Breakfast/features_average/P54_cam01_P54_scrambledegg.npy,./dataset/Breakfast/gt_arr/P54_cam01_P54_scrambledegg.npy,./dataset/Breakfast/gt_boundary_arr/P54_cam01_P54_scrambledegg.npy
./dataset/Breakfast/features_average/P54_cam02_P54_cereals.npy,./dataset/Breakfast/gt_arr/P54_cam02_P54_cereals.npy,./dataset/Breakfast/gt_boundary_arr/P54_cam02_P54_cereals.npy
./dataset/Breakfast/features_average/P54_cam02_P54_coffee.npy,./dataset/Breakfast/gt_arr/P54_cam02_P54_coffee.npy,./dataset/Breakfast/gt_boundary_arr/P54_cam02_P54_coffee.npy
./dataset/Breakfast/features_average/P54_cam02_P54_friedegg.npy,./dataset/Breakfast/gt_arr/P54_cam02_P54_friedegg.npy,./dataset/Breakfast/gt_boundary_arr/P54_cam02_P54_friedegg.npy
./dataset/Breakfast/features_average/P54_cam02_P54_juice.npy,./dataset/Breakfast/gt_arr/P54_cam02_P54_juice.npy,./dataset/Breakfast/gt_boundary_arr/P54_cam02_P54_juice.npy
./dataset/Breakfast/features_average/P54_cam02_P54_milk.npy,./dataset/Breakfast/gt_arr/P54_cam02_P54_milk.npy,./dataset/Breakfast/gt_boundary_arr/P54_cam02_P54_milk.npy
./dataset/Breakfast/features_average/P54_cam02_P54_pancake.npy,./dataset/Breakfast/gt_arr/P54_cam02_P54_pancake.npy,./dataset/Breakfast/gt_boundary_arr/P54_cam02_P54_pancake.npy
./dataset/Breakfast/features_average/P54_cam02_P54_scrambledegg.npy,./dataset/Breakfast/gt_arr/P54_cam02_P54_scrambledegg.npy,./dataset/Breakfast/gt_boundary_arr/P54_cam02_P54_scrambledegg.npy
./dataset/Breakfast/features_average/P54_cam02_P54_tea.npy,./dataset/Breakfast/gt_arr/P54_cam02_P54_tea.npy,./dataset/Breakfast/gt_boundary_arr/P54_cam02_P54_tea.npy
./dataset/Breakfast/features_average/P54_stereo01_P54_cereals.npy,./dataset/Breakfast/gt_arr/P54_stereo01_P54_cereals.npy,./dataset/Breakfast/gt_boundary_arr/P54_stereo01_P54_cereals.npy
./dataset/Breakfast/features_average/P54_stereo01_P54_coffee.npy,./dataset/Breakfast/gt_arr/P54_stereo01_P54_coffee.npy,./dataset/Breakfast/gt_boundary_arr/P54_stereo01_P54_coffee.npy
./dataset/Breakfast/features_average/P54_stereo01_P54_friedegg.npy,./dataset/Breakfast/gt_arr/P54_stereo01_P54_friedegg.npy,./dataset/Breakfast/gt_boundary_arr/P54_stereo01_P54_friedegg.npy
./dataset/Breakfast/features_average/P54_stereo01_P54_juice.npy,./dataset/Breakfast/gt_arr/P54_stereo01_P54_juice.npy,./dataset/Breakfast/gt_boundary_arr/P54_stereo01_P54_juice.npy
./dataset/Breakfast/features_average/P54_stereo01_P54_milk.npy,./dataset/Breakfast/gt_arr/P54_stereo01_P54_milk.npy,./dataset/Breakfast/gt_boundary_arr/P54_stereo01_P54_milk.npy
./dataset/Breakfast/features_average/P54_stereo01_P54_pancake.npy,./dataset/Breakfast/gt_arr/P54_stereo01_P54_pancake.npy,./dataset/Breakfast/gt_boundary_arr/P54_stereo01_P54_pancake.npy
./dataset/Breakfast/features_average/P54_stereo01_P54_salat.npy,./dataset/Breakfast/gt_arr/P54_stereo01_P54_salat.npy,./dataset/Breakfast/gt_boundary_arr/P54_stereo01_P54_salat.npy
./dataset/Breakfast/features_average/P54_stereo01_P54_scrambledegg.npy,./dataset/Breakfast/gt_arr/P54_stereo01_P54_scrambledegg.npy,./dataset/Breakfast/gt_boundary_arr/P54_stereo01_P54_scrambledegg.npy
./dataset/Breakfast/features_average/P54_stereo01_P54_tea.npy,./dataset/Breakfast/gt_arr/P54_stereo01_P54_tea.npy,./dataset/Breakfast/gt_boundary_arr/P54_stereo01_P54_tea.npy
./dataset/Breakfast/features_average/P54_webcam01_P54_cereals.npy,./dataset/Breakfast/gt_arr/P54_webcam01_P54_cereals.npy,./dataset/Breakfast/gt_boundary_arr/P54_webcam01_P54_cereals.npy
./dataset/Breakfast/features_average/P54_webcam01_P54_coffee.npy,./dataset/Breakfast/gt_arr/P54_webcam01_P54_coffee.npy,./dataset/Breakfast/gt_boundary_arr/P54_webcam01_P54_coffee.npy
./dataset/Breakfast/features_average/P54_webcam01_P54_friedegg.npy,./dataset/Breakfast/gt_arr/P54_webcam01_P54_friedegg.npy,./dataset/Breakfast/gt_boundary_arr/P54_webcam01_P54_friedegg.npy
./dataset/Breakfast/features_average/P54_webcam01_P54_juice.npy,./dataset/Breakfast/gt_arr/P54_webcam01_P54_juice.npy,./dataset/Breakfast/gt_boundary_arr/P54_webcam01_P54_juice.npy
./dataset/Breakfast/features_average/P54_webcam01_P54_milk.npy,./dataset/Breakfast/gt_arr/P54_webcam01_P54_milk.npy,./dataset/Breakfast/gt_boundary_arr/P54_webcam01_P54_milk.npy
./dataset/Breakfast/features_average/P54_webcam01_P54_pancake.npy,./dataset/Breakfast/gt_arr/P54_webcam01_P54_pancake.npy,./dataset/Breakfast/gt_boundary_arr/P54_webcam01_P54_pancake.npy
./dataset/Breakfast/features_average/P54_webcam01_P54_scrambledegg.npy,./dataset/Breakfast/gt_arr/P54_webcam01_P54_scrambledegg.npy,./dataset/Breakfast/gt_boundary_arr/P54_webcam01_P54_scrambledegg.npy
./dataset/Breakfast/features_average/P54_webcam02_P54_cereals.npy,./dataset/Breakfast/gt_arr/P54_webcam02_P54_cereals.npy,./dataset/Breakfast/gt_boundary_arr/P54_webcam02_P54_cereals.npy
./dataset/Breakfast/features_average/P54_webcam02_P54_coffee.npy,./dataset/Breakfast/gt_arr/P54_webcam02_P54_coffee.npy,./dataset/Breakfast/gt_boundary_arr/P54_webcam02_P54_coffee.npy
./dataset/Breakfast/features_average/P54_webcam02_P54_friedegg.npy,./dataset/Breakfast/gt_arr/P54_webcam02_P54_friedegg.npy,./dataset/Breakfast/gt_boundary_arr/P54_webcam02_P54_friedegg.npy
./dataset/Breakfast/features_average/P54_webcam02_P54_juice.npy,./dataset/Breakfast/gt_arr/P54_webcam02_P54_juice.npy,./dataset/Breakfast/gt_boundary_arr/P54_webcam02_P54_juice.npy
./dataset/Breakfast/features_average/P54_webcam02_P54_milk.npy,./dataset/Breakfast/gt_arr/P54_webcam02_P54_milk.npy,./dataset/Breakfast/gt_boundary_arr/P54_webcam02_P54_milk.npy
./dataset/Breakfast/features_average/P54_webcam02_P54_pancake.npy,./dataset/Breakfast/gt_arr/P54_webcam02_P54_pancake.npy,./dataset/Breakfast/gt_boundary_arr/P54_webcam02_P54_pancake.npy
./dataset/Breakfast/features_average/P54_webcam02_P54_salat.npy,./dataset/Breakfast/gt_arr/P54_webcam02_P54_salat.npy,./dataset/Breakfast/gt_boundary_arr/P54_webcam02_P54_salat.npy
./dataset/Breakfast/features_average/P54_webcam02_P54_sandwich.npy,./dataset/Breakfast/gt_arr/P54_webcam02_P54_sandwich.npy,./dataset/Breakfast/gt_boundary_arr/P54_webcam02_P54_sandwich.npy
./dataset/Breakfast/features_average/P54_webcam02_P54_scrambledegg.npy,./dataset/Breakfast/gt_arr/P54_webcam02_P54_scrambledegg.npy,./dataset/Breakfast/gt_boundary_arr/P54_webcam02_P54_scrambledegg.npy
./dataset/Breakfast/features_average/P16_stereo01_P16_coffee.npy,./dataset/Breakfast/gt_arr/P16_stereo01_P16_coffee.npy,./dataset/Breakfast/gt_boundary_arr/P16_stereo01_P16_coffee.npy
./dataset/Breakfast/features_average/P16_webcam01_P16_friedegg.npy,./dataset/Breakfast/gt_arr/P16_webcam01_P16_friedegg.npy,./dataset/Breakfast/gt_boundary_arr/P16_webcam01_P16_friedegg.npy
./dataset/Breakfast/features_average/P16_webcam02_P16_friedegg.npy,./dataset/Breakfast/gt_arr/P16_webcam02_P16_friedegg.npy,./dataset/Breakfast/gt_boundary_arr/P16_webcam02_P16_friedegg.npy
./dataset/Breakfast/features_average/P17_cam01_P17_friedegg.npy,./dataset/Breakfast/gt_arr/P17_cam01_P17_friedegg.npy,./dataset/Breakfast/gt_boundary_arr/P17_cam01_P17_friedegg.npy
./dataset/Breakfast/features_average/P17_stereo01_P17_juice.npy,./dataset/Breakfast/gt_arr/P17_stereo01_P17_juice.npy,./dataset/Breakfast/gt_boundary_arr/P17_stereo01_P17_juice.npy
./dataset/Breakfast/features_average/P17_webcam01_P17_salat.npy,./dataset/Breakfast/gt_arr/P17_webcam01_P17_salat.npy,./dataset/Breakfast/gt_boundary_arr/P17_webcam01_P17_salat.npy
./dataset/Breakfast/features_average/P17_webcam02_P17_scrambledegg.npy,./dataset/Breakfast/gt_arr/P17_webcam02_P17_scrambledegg.npy,./dataset/Breakfast/gt_boundary_arr/P17_webcam02_P17_scrambledegg.npy
./dataset/Breakfast/features_average/P18_cam01_P18_tea.npy,./dataset/Breakfast/gt_arr/P18_cam01_P18_tea.npy,./dataset/Breakfast/gt_boundary_arr/P18_cam01_P18_tea.npy
./dataset/Breakfast/features_average/P18_webcam01_P18_pancake.npy,./dataset/Breakfast/gt_arr/P18_webcam01_P18_pancake.npy,./dataset/Breakfast/gt_boundary_arr/P18_webcam01_P18_pancake.npy
./dataset/Breakfast/features_average/P18_webcam02_P18_pancake.npy,./dataset/Breakfast/gt_arr/P18_webcam02_P18_pancake.npy,./dataset/Breakfast/gt_boundary_arr/P18_webcam02_P18_pancake.npy
./dataset/Breakfast/features_average/P19_cam01_P19_pancake.npy,./dataset/Breakfast/gt_arr/P19_cam01_P19_pancake.npy,./dataset/Breakfast/gt_boundary_arr/P19_cam01_P19_pancake.npy
./dataset/Breakfast/features_average/P19_webcam01_P19_friedegg.npy,./dataset/Breakfast/gt_arr/P19_webcam01_P19_friedegg.npy,./dataset/Breakfast/gt_boundary_arr/P19_webcam01_P19_friedegg.npy
./dataset/Breakfast/features_average/P19_webcam02_P19_juice.npy,./dataset/Breakfast/gt_arr/P19_webcam02_P19_juice.npy,./dataset/Breakfast/gt_boundary_arr/P19_webcam02_P19_juice.npy
./dataset/Breakfast/features_average/P20_cam01_P20_juice.npy,./dataset/Breakfast/gt_arr/P20_cam01_P20_juice.npy,./dataset/Breakfast/gt_boundary_arr/P20_cam01_P20_juice.npy
./dataset/Breakfast/features_average/P20_stereo01_P20_cereals.npy,./dataset/Breakfast/gt_arr/P20_stereo01_P20_cereals.npy,./dataset/Breakfast/gt_boundary_arr/P20_stereo01_P20_cereals.npy
./dataset/Breakfast/features_average/P20_webcam01_P20_juice.npy,./dataset/Breakfast/gt_arr/P20_webcam01_P20_juice.npy,./dataset/Breakfast/gt_boundary_arr/P20_webcam01_P20_juice.npy
./dataset/Breakfast/features_average/P20_webcam02_P20_milk.npy,./dataset/Breakfast/gt_arr/P20_webcam02_P20_milk.npy,./dataset/Breakfast/gt_boundary_arr/P20_webcam02_P20_milk.npy
./dataset/Breakfast/features_average/P21_cam01_P21_milk.npy,./dataset/Breakfast/gt_arr/P21_cam01_P21_milk.npy,./dataset/Breakfast/gt_boundary_arr/P21_cam01_P21_milk.npy
./dataset/Breakfast/features_average/P21_cam02_P21_tea.npy,./dataset/Breakfast/gt_arr/P21_cam02_P21_tea.npy,./dataset/Breakfast/gt_boundary_arr/P21_cam02_P21_tea.npy
./dataset/Breakfast/features_average/P21_webcam01_P21_milk.npy,./dataset/Breakfast/gt_arr/P21_webcam01_P21_milk.npy,./dataset/Breakfast/gt_boundary_arr/P21_webcam01_P21_milk.npy
./dataset/Breakfast/features_average/P21_webcam02_P21_milk.npy,./dataset/Breakfast/gt_arr/P21_webcam02_P21_milk.npy,./dataset/Breakfast/gt_boundary_arr/P21_webcam02_P21_milk.npy
./dataset/Breakfast/features_average/P22_cam01_P22_milk.npy,./dataset/Breakfast/gt_arr/P22_cam01_P22_milk.npy,./dataset/Breakfast/gt_boundary_arr/P22_cam01_P22_milk.npy
./dataset/Breakfast/features_average/P22_cam02_P22_milk.npy,./dataset/Breakfast/gt_arr/P22_cam02_P22_milk.npy,./dataset/Breakfast/gt_boundary_arr/P22_cam02_P22_milk.npy
./dataset/Breakfast/features_average/P22_webcam01_P22_juice.npy,./dataset/Breakfast/gt_arr/P22_webcam01_P22_juice.npy,./dataset/Breakfast/gt_boundary_arr/P22_webcam01_P22_juice.npy
./dataset/Breakfast/features_average/P22_webcam02_P22_juice.npy,./dataset/Breakfast/gt_arr/P22_webcam02_P22_juice.npy,./dataset/Breakfast/gt_boundary_arr/P22_webcam02_P22_juice.npy
./dataset/Breakfast/features_average/P23_cam01_P23_milk.npy,./dataset/Breakfast/gt_arr/P23_cam01_P23_milk.npy,./dataset/Breakfast/gt_boundary_arr/P23_cam01_P23_milk.npy
./dataset/Breakfast/features_average/P23_cam02_P23_pancake.npy,./dataset/Breakfast/gt_arr/P23_cam02_P23_pancake.npy,./dataset/Breakfast/gt_boundary_arr/P23_cam02_P23_pancake.npy
./dataset/Breakfast/features_average/P23_stereo01_P23_tea.npy,./dataset/Breakfast/gt_arr/P23_stereo01_P23_tea.npy,./dataset/Breakfast/gt_boundary_arr/P23_stereo01_P23_tea.npy
./dataset/Breakfast/features_average/P23_webcam01_P23_tea.npy,./dataset/Breakfast/gt_arr/P23_webcam01_P23_tea.npy,./dataset/Breakfast/gt_boundary_arr/P23_webcam01_P23_tea.npy
./dataset/Breakfast/features_average/P23_webcam02_P23_tea.npy,./dataset/Breakfast/gt_arr/P23_webcam02_P23_tea.npy,./dataset/Breakfast/gt_boundary_arr/P23_webcam02_P23_tea.npy
./dataset/Breakfast/features_average/P24_cam01_P24_tea.npy,./dataset/Breakfast/gt_arr/P24_cam01_P24_tea.npy,./dataset/Breakfast/gt_boundary_arr/P24_cam01_P24_tea.npy
./dataset/Breakfast/features_average/P24_stereo01_P24_friedegg.npy,./dataset/Breakfast/gt_arr/P24_stereo01_P24_friedegg.npy,./dataset/Breakfast/gt_boundary_arr/P24_stereo01_P24_friedegg.npy
./dataset/Breakfast/features_average/P24_webcam01_P24_sandwich.npy,./dataset/Breakfast/gt_arr/P24_webcam01_P24_sandwich.npy,./dataset/Breakfast/gt_boundary_arr/P24_webcam01_P24_sandwich.npy
./dataset/Breakfast/features_average/P24_webcam02_P24_sandwich.npy,./dataset/Breakfast/gt_arr/P24_webcam02_P24_sandwich.npy,./dataset/Breakfast/gt_boundary_arr/P24_webcam02_P24_sandwich.npy
./dataset/Breakfast/features_average/P25_cam01_P25_scrambledegg.npy,./dataset/Breakfast/gt_arr/P25_cam01_P25_scrambledegg.npy,./dataset/Breakfast/gt_boundary_arr/P25_cam01_P25_scrambledegg.npy
./dataset/Breakfast/features_average/P25_cam02_P25_scrambledegg.npy,./dataset/Breakfast/gt_arr/P25_cam02_P25_scrambledegg.npy,./dataset/Breakfast/gt_boundary_arr/P25_cam02_P25_scrambledegg.npy
./dataset/Breakfast/features_average/P25_webcam02_P25_milk.npy,./dataset/Breakfast/gt_arr/P25_webcam02_P25_milk.npy,./dataset/Breakfast/gt_boundary_arr/P25_webcam02_P25_milk.npy
./dataset/Breakfast/features_average/P26_cam01_P26_pancake.npy,./dataset/Breakfast/gt_arr/P26_cam01_P26_pancake.npy,./dataset/Breakfast/gt_boundary_arr/P26_cam01_P26_pancake.npy
./dataset/Breakfast/features_average/P26_cam02_P26_salat.npy,./dataset/Breakfast/gt_arr/P26_cam02_P26_salat.npy,./dataset/Breakfast/gt_boundary_arr/P26_cam02_P26_salat.npy
./dataset/Breakfast/features_average/P26_webcam02_P26_juice.npy,./dataset/Breakfast/gt_arr/P26_webcam02_P26_juice.npy,./dataset/Breakfast/gt_boundary_arr/P26_webcam02_P26_juice.npy
./dataset/Breakfast/features_average/P27_cam01_P27_juice.npy,./dataset/Breakfast/gt_arr/P27_cam01_P27_juice.npy,./dataset/Breakfast/gt_boundary_arr/P27_cam01_P27_juice.npy
./dataset/Breakfast/features_average/P27_cam02_P27_juice.npy,./dataset/Breakfast/gt_arr/P27_cam02_P27_juice.npy,./dataset/Breakfast/gt_boundary_arr/P27_cam02_P27_juice.npy
./dataset/Breakfast/features_average/P27_stereo01_P27_pancake.npy,./dataset/Breakfast/gt_arr/P27_stereo01_P27_pancake.npy,./dataset/Breakfast/gt_boundary_arr/P27_stereo01_P27_pancake.npy
./dataset/Breakfast/features_average/P27_webcam02_P27_scrambledegg.npy,./dataset/Breakfast/gt_arr/P27_webcam02_P27_scrambledegg.npy,./dataset/Breakfast/gt_boundary_arr/P27_webcam02_P27_scrambledegg.npy
./dataset/Breakfast/features_average/P28_stereo01_P28_cereals.npy,./dataset/Breakfast/gt_arr/P28_stereo01_P28_cereals.npy,./dataset/Breakfast/gt_boundary_arr/P28_stereo01_P28_cereals.npy
./dataset/Breakfast/features_average/P29_cam01_P29_scrambledegg.npy,./dataset/Breakfast/gt_arr/P29_cam01_P29_scrambledegg.npy,./dataset/Breakfast/gt_boundary_arr/P29_cam01_P29_scrambledegg.npy
./dataset/Breakfast/features_average/P29_cam02_P29_scrambledegg.npy,./dataset/Breakfast/gt_arr/P29_cam02_P29_scrambledegg.npy,./dataset/Breakfast/gt_boundary_arr/P29_cam02_P29_scrambledegg.npy
./dataset/Breakfast/features_average/P30_cam01_P30_pancake.npy,./dataset/Breakfast/gt_arr/P30_cam01_P30_pancake.npy,./dataset/Breakfast/gt_boundary_arr/P30_cam01_P30_pancake.npy
./dataset/Breakfast/features_average/P30_cam02_P30_salat.npy,./dataset/Breakfast/gt_arr/P30_cam02_P30_salat.npy,./dataset/Breakfast/gt_boundary_arr/P30_cam02_P30_salat.npy
./dataset/Breakfast/features_average/P31_cam01_P31_cereals.npy,./dataset/Breakfast/gt_arr/P31_cam01_P31_cereals.npy,./dataset/Breakfast/gt_boundary_arr/P31_cam01_P31_cereals.npy
./dataset/Breakfast/features_average/P31_cam02_P31_cereals.npy,./dataset/Breakfast/gt_arr/P31_cam02_P31_cereals.npy,./dataset/Breakfast/gt_boundary_arr/P31_cam02_P31_cereals.npy
./dataset/Breakfast/features_average/P31_stereo01_P31_coffee.npy,./dataset/Breakfast/gt_arr/P31_stereo01_P31_coffee.npy,./dataset/Breakfast/gt_boundary_arr/P31_stereo01_P31_coffee.npy
./dataset/Breakfast/features_average/P32_cam01_P32_sandwich.npy,./dataset/Breakfast/gt_arr/P32_cam01_P32_sandwich.npy,./dataset/Breakfast/gt_boundary_arr/P32_cam01_P32_sandwich.npy
./dataset/Breakfast/features_average/P32_cam02_P32_sandwich.npy,./dataset/Breakfast/gt_arr/P32_cam02_P32_sandwich.npy,./dataset/Breakfast/gt_boundary_arr/P32_cam02_P32_sandwich.npy
./dataset/Breakfast/features_average/P33_cam01_P33_friedegg.npy,./dataset/Breakfast/gt_arr/P33_cam01_P33_friedegg.npy,./dataset/Breakfast/gt_boundary_arr/P33_cam01_P33_friedegg.npy
./dataset/Breakfast/features_average/P33_cam02_P33_friedegg.npy,./dataset/Breakfast/gt_arr/P33_cam02_P33_friedegg.npy,./dataset/Breakfast/gt_boundary_arr/P33_cam02_P33_friedegg.npy
./dataset/Breakfast/features_average/P33_stereo01_P33_sandwich.npy,./dataset/Breakfast/gt_arr/P33_stereo01_P33_sandwich.npy,./dataset/Breakfast/gt_boundary_arr/P33_stereo01_P33_sandwich.npy
./dataset/Breakfast/features_average/P34_cam02_P34_friedegg.npy,./dataset/Breakfast/gt_arr/P34_cam02_P34_friedegg.npy,./dataset/Breakfast/gt_boundary_arr/P34_cam02_P34_friedegg.npy
./dataset/Breakfast/features_average/P34_webcam02_P34_coffee.npy,./dataset/Breakfast/gt_arr/P34_webcam02_P34_coffee.npy,./dataset/Breakfast/gt_boundary_arr/P34_webcam02_P34_coffee.npy
./dataset/Breakfast/features_average/P35_cam01_P35_juice.npy,./dataset/Breakfast/gt_arr/P35_cam01_P35_juice.npy,./dataset/Breakfast/gt_boundary_arr/P35_cam01_P35_juice.npy
./dataset/Breakfast/features_average/P35_stereo01_P35_cereals.npy,./dataset/Breakfast/gt_arr/P35_stereo01_P35_cereals.npy,./dataset/Breakfast/gt_boundary_arr/P35_stereo01_P35_cereals.npy
./dataset/Breakfast/features_average/P35_webcam02_P35_coffee.npy,./dataset/Breakfast/gt_arr/P35_webcam02_P35_coffee.npy,./dataset/Breakfast/gt_boundary_arr/P35_webcam02_P35_coffee.npy
./dataset/Breakfast/features_average/P36_cam01_P36_friedegg.npy,./dataset/Breakfast/gt_arr/P36_cam01_P36_friedegg.npy,./dataset/Breakfast/gt_boundary_arr/P36_cam01_P36_friedegg.npy
./dataset/Breakfast/features_average/P36_stereo01_P36_friedegg.npy,./dataset/Breakfast/gt_arr/P36_stereo01_P36_friedegg.npy,./dataset/Breakfast/gt_boundary_arr/P36_stereo01_P36_friedegg.npy
./dataset/Breakfast/features_average/P36_webcam01_P36_juice.npy,./dataset/Breakfast/gt_arr/P36_webcam01_P36_juice.npy,./dataset/Breakfast/gt_boundary_arr/P36_webcam01_P36_juice.npy
./dataset/Breakfast/features_average/P36_webcam02_P36_milk.npy,./dataset/Breakfast/gt_arr/P36_webcam02_P36_milk.npy,./dataset/Breakfast/gt_boundary_arr/P36_webcam02_P36_milk.npy
./dataset/Breakfast/features_average/P37_cam01_P37_milk.npy,./dataset/Breakfast/gt_arr/P37_cam01_P37_milk.npy,./dataset/Breakfast/gt_boundary_arr/P37_cam01_P37_milk.npy
./dataset/Breakfast/features_average/P37_stereo01_P37_milk.npy,./dataset/Breakfast/gt_arr/P37_stereo01_P37_milk.npy,./dataset/Breakfast/gt_boundary_arr/P37_stereo01_P37_milk.npy
./dataset/Breakfast/features_average/P37_webcam01_P37_milk.npy,./dataset/Breakfast/gt_arr/P37_webcam01_P37_milk.npy,./dataset/Breakfast/gt_boundary_arr/P37_webcam01_P37_milk.npy
./dataset/Breakfast/features_average/P37_webcam02_P37_milk.npy,./dataset/Breakfast/gt_arr/P37_webcam02_P37_milk.npy,./dataset/Breakfast/gt_boundary_arr/P37_webcam02_P37_milk.npy
./dataset/Breakfast/features_average/P38_cam01_P38_milk.npy,./dataset/Breakfast/gt_arr/P38_cam01_P38_milk.npy,./dataset/Breakfast/gt_boundary_arr/P38_cam01_P38_milk.npy
./dataset/Breakfast/features_average/P38_stereo01_P38_milk.npy,./dataset/Breakfast/gt_arr/P38_stereo01_P38_milk.npy,./dataset/Breakfast/gt_boundary_arr/P38_stereo01_P38_milk.npy
./dataset/Breakfast/features_average/P38_webcam01_P38_milk.npy,./dataset/Breakfast/gt_arr/P38_webcam01_P38_milk.npy,./dataset/Breakfast/gt_boundary_arr/P38_webcam01_P38_milk.npy
./dataset/Breakfast/features_average/P38_webcam02_P38_milk.npy,./dataset/Breakfast/gt_arr/P38_webcam02_P38_milk.npy,./dataset/Breakfast/gt_boundary_arr/P38_webcam02_P38_milk.npy
./dataset/Breakfast/features_average/P39_cam01_P39_salat.npy,./dataset/Breakfast/gt_arr/P39_cam01_P39_salat.npy,./dataset/Breakfast/gt_boundary_arr/P39_cam01_P39_salat.npy
./dataset/Breakfast/features_average/P39_cam02_P39_sandwich.npy,./dataset/Breakfast/gt_arr/P39_cam02_P39_sandwich.npy,./dataset/Breakfast/gt_boundary_arr/P39_cam02_P39_sandwich.npy
./dataset/Breakfast/features_average/P39_stereo01_P39_sandwich.npy,./dataset/Breakfast/gt_arr/P39_stereo01_P39_sandwich.npy,./dataset/Breakfast/gt_boundary_arr/P39_stereo01_P39_sandwich.npy
./dataset/Breakfast/features_average/P39_webcam02_P39_coffee.npy,./dataset/Breakfast/gt_arr/P39_webcam02_P39_coffee.npy,./dataset/Breakfast/gt_boundary_arr/P39_webcam02_P39_coffee.npy
./dataset/Breakfast/features_average/P40_cam01_P40_friedegg.npy,./dataset/Breakfast/gt_arr/P40_cam01_P40_friedegg.npy,./dataset/Breakfast/gt_boundary_arr/P40_cam01_P40_friedegg.npy
./dataset/Breakfast/features_average/P40_cam02_P40_juice.npy,./dataset/Breakfast/gt_arr/P40_cam02_P40_juice.npy,./dataset/Breakfast/gt_boundary_arr/P40_cam02_P40_juice.npy
./dataset/Breakfast/features_average/P40_stereo01_P40_juice.npy,./dataset/Breakfast/gt_arr/P40_stereo01_P40_juice.npy,./dataset/Breakfast/gt_boundary_arr/P40_stereo01_P40_juice.npy
./dataset/Breakfast/features_average/P40_webcam01_P40_pancake.npy,./dataset/Breakfast/gt_arr/P40_webcam01_P40_pancake.npy,./dataset/Breakfast/gt_boundary_arr/P40_webcam01_P40_pancake.npy
./dataset/Breakfast/features_average/P40_webcam02_P40_pancake.npy,./dataset/Breakfast/gt_arr/P40_webcam02_P40_pancake.npy,./dataset/Breakfast/gt_boundary_arr/P40_webcam02_P40_pancake.npy
./dataset/Breakfast/features_average/P41_cam01_P41_pancake.npy,./dataset/Breakfast/gt_arr/P41_cam01_P41_pancake.npy,./dataset/Breakfast/gt_boundary_arr/P41_cam01_P41_pancake.npy
./dataset/Breakfast/features_average/P41_cam02_P41_pancake.npy,./dataset/Breakfast/gt_arr/P41_cam02_P41_pancake.npy,./dataset/Breakfast/gt_boundary_arr/P41_cam02_P41_pancake.npy
./dataset/Breakfast/features_average/P41_stereo01_P41_pancake.npy,./dataset/Breakfast/gt_arr/P41_stereo01_P41_pancake.npy,./dataset/Breakfast/gt_boundary_arr/P41_stereo01_P41_pancake.npy
./dataset/Breakfast/features_average/P41_webcam01_P41_pancake.npy,./dataset/Breakfast/gt_arr/P41_webcam01_P41_pancake.npy,./dataset/Breakfast/gt_boundary_arr/P41_webcam01_P41_pancake.npy
./dataset/Breakfast/features_average/P41_webcam02_P41_pancake.npy,./dataset/Breakfast/gt_arr/P41_webcam02_P41_pancake.npy,./dataset/Breakfast/gt_boundary_arr/P41_webcam02_P41_pancake.npy
./dataset/Breakfast/features_average/P42_cam01_P42_pancake.npy,./dataset/Breakfast/gt_arr/P42_cam01_P42_pancake.npy,./dataset/Breakfast/gt_boundary_arr/P42_cam01_P42_pancake.npy
./dataset/Breakfast/features_average/P42_cam02_P42_salat.npy,./dataset/Breakfast/gt_arr/P42_cam02_P42_salat.npy,./dataset/Breakfast/gt_boundary_arr/P42_cam02_P42_salat.npy
./dataset/Breakfast/features_average/P42_stereo01_P42_sandwich.npy,./dataset/Breakfast/gt_arr/P42_stereo01_P42_sandwich.npy,./dataset/Breakfast/gt_boundary_arr/P42_stereo01_P42_sandwich.npy
./dataset/Breakfast/features_average/P42_webcam01_P42_sandwich.npy,./dataset/Breakfast/gt_arr/P42_webcam01_P42_sandwich.npy,./dataset/Breakfast/gt_boundary_arr/P42_webcam01_P42_sandwich.npy
./dataset/Breakfast/features_average/P42_webcam02_P42_sandwich.npy,./dataset/Breakfast/gt_arr/P42_webcam02_P42_sandwich.npy,./dataset/Breakfast/gt_boundary_arr/P42_webcam02_P42_sandwich.npy
./dataset/Breakfast/features_average/P43_cam02_P43_milk.npy,./dataset/Breakfast/gt_arr/P43_cam02_P43_milk.npy,./dataset/Breakfast/gt_boundary_arr/P43_cam02_P43_milk.npy
./dataset/Breakfast/features_average/P43_stereo01_P43_salat.npy,./dataset/Breakfast/gt_arr/P43_stereo01_P43_salat.npy,./dataset/Breakfast/gt_boundary_arr/P43_stereo01_P43_salat.npy
./dataset/Breakfast/features_average/P43_webcam01_P43_sandwich.npy,./dataset/Breakfast/gt_arr/P43_webcam01_P43_sandwich.npy,./dataset/Breakfast/gt_boundary_arr/P43_webcam01_P43_sandwich.npy
./dataset/Breakfast/features_average/P43_webcam02_P43_sandwich.npy,./dataset/Breakfast/gt_arr/P43_webcam02_P43_sandwich.npy,./dataset/Breakfast/gt_boundary_arr/P43_webcam02_P43_sandwich.npy
./dataset/Breakfast/features_average/P44_cam01_P44_scrambledegg.npy,./dataset/Breakfast/gt_arr/P44_cam01_P44_scrambledegg.npy,./dataset/Breakfast/gt_boundary_arr/P44_cam01_P44_scrambledegg.npy
./dataset/Breakfast/features_average/P44_cam02_P44_scrambledegg.npy,./dataset/Breakfast/gt_arr/P44_cam02_P44_scrambledegg.npy,./dataset/Breakfast/gt_boundary_arr/P44_cam02_P44_scrambledegg.npy
./dataset/Breakfast/features_average/P44_webcam01_P44_friedegg.npy,./dataset/Breakfast/gt_arr/P44_webcam01_P44_friedegg.npy,./dataset/Breakfast/gt_boundary_arr/P44_webcam01_P44_friedegg.npy
./dataset/Breakfast/features_average/P44_webcam02_P44_friedegg.npy,./dataset/Breakfast/gt_arr/P44_webcam02_P44_friedegg.npy,./dataset/Breakfast/gt_boundary_arr/P44_webcam02_P44_friedegg.npy
./dataset/Breakfast/features_average/P45_cam01_P45_friedegg.npy,./dataset/Breakfast/gt_arr/P45_cam01_P45_friedegg.npy,./dataset/Breakfast/gt_boundary_arr/P45_cam01_P45_friedegg.npy
./dataset/Breakfast/features_average/P45_cam02_P45_friedegg.npy,./dataset/Breakfast/gt_arr/P45_cam02_P45_friedegg.npy,./dataset/Breakfast/gt_boundary_arr/P45_cam02_P45_friedegg.npy
./dataset/Breakfast/features_average/P45_stereo01_P45_milk.npy,./dataset/Breakfast/gt_arr/P45_stereo01_P45_milk.npy,./dataset/Breakfast/gt_boundary_arr/P45_stereo01_P45_milk.npy
./dataset/Breakfast/features_average/P45_webcam01_P45_scrambledegg.npy,./dataset/Breakfast/gt_arr/P45_webcam01_P45_scrambledegg.npy,./dataset/Breakfast/gt_boundary_arr/P45_webcam01_P45_scrambledegg.npy
./dataset/Breakfast/features_average/P45_webcam02_P45_scrambledegg.npy,./dataset/Breakfast/gt_arr/P45_webcam02_P45_scrambledegg.npy,./dataset/Breakfast/gt_boundary_arr/P45_webcam02_P45_scrambledegg.npy
./dataset/Breakfast/features_average/P46_cam01_P46_scrambledegg.npy,./dataset/Breakfast/gt_arr/P46_cam01_P46_scrambledegg.npy,./dataset/Breakfast/gt_boundary_arr/P46_cam01_P46_scrambledegg.npy
./dataset/Breakfast/features_average/P46_cam02_P46_scrambledegg.npy,./dataset/Breakfast/gt_arr/P46_cam02_P46_scrambledegg.npy,./dataset/Breakfast/gt_boundary_arr/P46_cam02_P46_scrambledegg.npy
./dataset/Breakfast/features_average/P46_webcam01_P46_milk.npy,./dataset/Breakfast/gt_arr/P46_webcam01_P46_milk.npy,./dataset/Breakfast/gt_boundary_arr/P46_webcam01_P46_milk.npy
./dataset/Breakfast/features_average/P46_webcam02_P46_milk.npy,./dataset/Breakfast/gt_arr/P46_webcam02_P46_milk.npy,./dataset/Breakfast/gt_boundary_arr/P46_webcam02_P46_milk.npy
./dataset/Breakfast/features_average/P47_cam01_P47_milk.npy,./dataset/Breakfast/gt_arr/P47_cam01_P47_milk.npy,./dataset/Breakfast/gt_boundary_arr/P47_cam01_P47_milk.npy
./dataset/Breakfast/features_average/P47_cam02_P47_milk.npy,./dataset/Breakfast/gt_arr/P47_cam02_P47_milk.npy,./dataset/Breakfast/gt_boundary_arr/P47_cam02_P47_milk.npy
./dataset/Breakfast/features_average/P47_webcam01_P47_friedegg.npy,./dataset/Breakfast/gt_arr/P47_webcam01_P47_friedegg.npy,./dataset/Breakfast/gt_boundary_arr/P47_webcam01_P47_friedegg.npy
./dataset/Breakfast/features_average/P47_webcam02_P47_juice.npy,./dataset/Breakfast/gt_arr/P47_webcam02_P47_juice.npy,./dataset/Breakfast/gt_boundary_arr/P47_webcam02_P47_juice.npy
./dataset/Breakfast/features_average/P48_cam01_P48_milk.npy,./dataset/Breakfast/gt_arr/P48_cam01_P48_milk.npy,./dataset/Breakfast/gt_boundary_arr/P48_cam01_P48_milk.npy
./dataset/Breakfast/features_average/P48_cam02_P48_milk.npy,./dataset/Breakfast/gt_arr/P48_cam02_P48_milk.npy,./dataset/Breakfast/gt_boundary_arr/P48_cam02_P48_milk.npy
./dataset/Breakfast/features_average/P48_webcam01_P48_coffee.npy,./dataset/Breakfast/gt_arr/P48_webcam01_P48_coffee.npy,./dataset/Breakfast/gt_boundary_arr/P48_webcam01_P48_coffee.npy
./dataset/Breakfast/features_average/P48_webcam02_P48_coffee.npy,./dataset/Breakfast/gt_arr/P48_webcam02_P48_coffee.npy,./dataset/Breakfast/gt_boundary_arr/P48_webcam02_P48_coffee.npy
./dataset/Breakfast/features_average/P49_cam01_P49_coffee.npy,./dataset/Breakfast/gt_arr/P49_cam01_P49_coffee.npy,./dataset/Breakfast/gt_boundary_arr/P49_cam01_P49_coffee.npy
./dataset/Breakfast/features_average/P49_cam02_P49_coffee.npy,./dataset/Breakfast/gt_arr/P49_cam02_P49_coffee.npy,./dataset/Breakfast/gt_boundary_arr/P49_cam02_P49_coffee.npy
./dataset/Breakfast/features_average/P49_stereo01_P49_friedegg.npy,./dataset/Breakfast/gt_arr/P49_stereo01_P49_friedegg.npy,./dataset/Breakfast/gt_boundary_arr/P49_stereo01_P49_friedegg.npy
./dataset/Breakfast/features_average/P49_webcam01_P49_milk.npy,./dataset/Breakfast/gt_arr/P49_webcam01_P49_milk.npy,./dataset/Breakfast/gt_boundary_arr/P49_webcam01_P49_milk.npy
./dataset/Breakfast/features_average/P49_webcam02_P49_pancake.npy,./dataset/Breakfast/gt_arr/P49_webcam02_P49_pancake.npy,./dataset/Breakfast/gt_boundary_arr/P49_webcam02_P49_pancake.npy
./dataset/Breakfast/features_average/P50_cam01_P50_pancake.npy,./dataset/Breakfast/gt_arr/P50_cam01_P50_pancake.npy,./dataset/Breakfast/gt_boundary_arr/P50_cam01_P50_pancake.npy
./dataset/Breakfast/features_average/P50_cam02_P50_pancake.npy,./dataset/Breakfast/gt_arr/P50_cam02_P50_pancake.npy,./dataset/Breakfast/gt_boundary_arr/P50_cam02_P50_pancake.npy
./dataset/Breakfast/features_average/P50_stereo01_P50_sandwich.npy,./dataset/Breakfast/gt_arr/P50_stereo01_P50_sandwich.npy,./dataset/Breakfast/gt_boundary_arr/P50_stereo01_P50_sandwich.npy
./dataset/Breakfast/features_average/P50_webcam01_P50_sandwich.npy,./dataset/Breakfast/gt_arr/P50_webcam01_P50_sandwich.npy,./dataset/Breakfast/gt_boundary_arr/P50_webcam01_P50_sandwich.npy
./dataset/Breakfast/features_average/P50_webcam02_P50_sandwich.npy,./dataset/Breakfast/gt_arr/P50_webcam02_P50_sandwich.npy,./dataset/Breakfast/gt_boundary_arr/P50_webcam02_P50_sandwich.npy
./dataset/Breakfast/features_average/P51_cam01_P51_scrambledegg.npy,./dataset/Breakfast/gt_arr/P51_cam01_P51_scrambledegg.npy,./dataset/Breakfast/gt_boundary_arr/P51_cam01_P51_scrambledegg.npy
./dataset/Breakfast/features_average/P51_cam02_P51_scrambledegg.npy,./dataset/Breakfast/gt_arr/P51_cam02_P51_scrambledegg.npy,./dataset/Breakfast/gt_boundary_arr/P51_cam02_P51_scrambledegg.npy
./dataset/Breakfast/features_average/P51_webcam01_P51_coffee.npy,./dataset/Breakfast/gt_arr/P51_webcam01_P51_coffee.npy,./dataset/Breakfast/gt_boundary_arr/P51_webcam01_P51_coffee.npy
./dataset/Breakfast/features_average/P51_webcam02_P51_coffee.npy,./dataset/Breakfast/gt_arr/P51_webcam02_P51_coffee.npy,./dataset/Breakfast/gt_boundary_arr/P51_webcam02_P51_coffee.npy
./dataset/Breakfast/features_average/P52_cam01_P52_juice.npy,./dataset/Breakfast/gt_arr/P52_cam01_P52_juice.npy,./dataset/Breakfast/gt_boundary_arr/P52_cam01_P52_juice.npy
./dataset/Breakfast/features_average/P52_cam02_P52_milk.npy,./dataset/Breakfast/gt_arr/P52_cam02_P52_milk.npy,./dataset/Breakfast/gt_boundary_arr/P52_cam02_P52_milk.npy
./dataset/Breakfast/features_average/P52_stereo01_P52_salat.npy,./dataset/Breakfast/gt_arr/P52_stereo01_P52_salat.npy,./dataset/Breakfast/gt_boundary_arr/P52_stereo01_P52_salat.npy
./dataset/Breakfast/features_average/P52_webcam01_P52_salat.npy,./dataset/Breakfast/gt_arr/P52_webcam01_P52_salat.npy,./dataset/Breakfast/gt_boundary_arr/P52_webcam01_P52_salat.npy
./dataset/Breakfast/features_average/P52_webcam02_P52_salat.npy,./dataset/Breakfast/gt_arr/P52_webcam02_P52_salat.npy,./dataset/Breakfast/gt_boundary_arr/P52_webcam02_P52_salat.npy
./dataset/Breakfast/features_average/P53_cam02_P53_friedegg.npy,./dataset/Breakfast/gt_arr/P53_cam02_P53_friedegg.npy,./dataset/Breakfast/gt_boundary_arr/P53_cam02_P53_friedegg.npy
./dataset/Breakfast/features_average/P53_stereo01_P53_friedegg.npy,./dataset/Breakfast/gt_arr/P53_stereo01_P53_friedegg.npy,./dataset/Breakfast/gt_boundary_arr/P53_stereo01_P53_friedegg.npy
./dataset/Breakfast/features_average/P53_webcam01_P53_juice.npy,./dataset/Breakfast/gt_arr/P53_webcam01_P53_juice.npy,./dataset/Breakfast/gt_boundary_arr/P53_webcam01_P53_juice.npy
./dataset/Breakfast/features_average/P53_webcam02_P53_juice.npy,./dataset/Breakfast/gt_arr/P53_webcam02_P53_juice.npy,./dataset/Breakfast/gt_boundary_arr/P53_webcam02_P53_juice.npy
./dataset/Breakfast/features_average/P54_cam01_P54_pancake.npy,./dataset/Breakfast/gt_arr/P54_cam01_P54_pancake.npy,./dataset/Breakfast/gt_boundary_arr/P54_cam01_P54_pancake.npy
./dataset/Breakfast/features_average/P54_cam02_P54_salat.npy,./dataset/Breakfast/gt_arr/P54_cam02_P54_salat.npy,./dataset/Breakfast/gt_boundary_arr/P54_cam02_P54_salat.npy
./dataset/Breakfast/features_average/P54_stereo01_P54_sandwich.npy,./dataset/Breakfast/gt_arr/P54_stereo01_P54_sandwich.npy,./dataset/Breakfast/gt_boundary_arr/P54_stereo01_P54_sandwich.npy
./dataset/Breakfast/features_average/P54_webcam01_P54_tea.npy,./dataset/Breakfast/gt_arr/P54_webcam01_P54_tea.npy,./dataset/Breakfast/gt_boundary_arr/P54_webcam01_P54_tea.npy
./dataset/Breakfast/features_average/P54_webcam02_P54_tea.npy,./dataset/Breakfast/gt_arr/P54_webcam02_P54_tea.npy,./dataset/Breakfast/gt_boundary_arr/P54_webcam02_P54_tea.npy
./dataset/Breakfast/features_average/P03_cam01_P03_cereals.npy,./dataset/Breakfast/gt_arr/P03_cam01_P03_cereals.npy,./dataset/Breakfast/gt_boundary_arr/P03_cam01_P03_cereals.npy
./dataset/Breakfast/features_average/P03_cam01_P03_coffee.npy,./dataset/Breakfast/gt_arr/P03_cam01_P03_coffee.npy,./dataset/Breakfast/gt_boundary_arr/P03_cam01_P03_coffee.npy
./dataset/Breakfast/features_average/P03_cam01_P03_friedegg.npy,./dataset/Breakfast/gt_arr/P03_cam01_P03_friedegg.npy,./dataset/Breakfast/gt_boundary_arr/P03_cam01_P03_friedegg.npy
./dataset/Breakfast/features_average/P03_cam01_P03_milk.npy,./dataset/Breakfast/gt_arr/P03_cam01_P03_milk.npy,./dataset/Breakfast/gt_boundary_arr/P03_cam01_P03_milk.npy
./dataset/Breakfast/features_average/P03_cam01_P03_salat.npy,./dataset/Breakfast/gt_arr/P03_cam01_P03_salat.npy,./dataset/Breakfast/gt_boundary_arr/P03_cam01_P03_salat.npy
./dataset/Breakfast/features_average/P03_cam01_P03_sandwich.npy,./dataset/Breakfast/gt_arr/P03_cam01_P03_sandwich.npy,./dataset/Breakfast/gt_boundary_arr/P03_cam01_P03_sandwich.npy
./dataset/Breakfast/features_average/P03_cam01_P03_tea.npy,./dataset/Breakfast/gt_arr/P03_cam01_P03_tea.npy,./dataset/Breakfast/gt_boundary_arr/P03_cam01_P03_tea.npy
./dataset/Breakfast/features_average/P03_stereo01_P03_cereals.npy,./dataset/Breakfast/gt_arr/P03_stereo01_P03_cereals.npy,./dataset/Breakfast/gt_boundary_arr/P03_stereo01_P03_cereals.npy
./dataset/Breakfast/features_average/P03_stereo01_P03_coffee.npy,./dataset/Breakfast/gt_arr/P03_stereo01_P03_coffee.npy,./dataset/Breakfast/gt_boundary_arr/P03_stereo01_P03_coffee.npy
./dataset/Breakfast/features_average/P03_stereo01_P03_milk.npy,./dataset/Breakfast/gt_arr/P03_stereo01_P03_milk.npy,./dataset/Breakfast/gt_boundary_arr/P03_stereo01_P03_milk.npy
./dataset/Breakfast/features_average/P03_stereo01_P03_sandwich.npy,./dataset/Breakfast/gt_arr/P03_stereo01_P03_sandwich.npy,./dataset/Breakfast/gt_boundary_arr/P03_stereo01_P03_sandwich.npy
./dataset/Breakfast/features_average/P03_stereo01_P03_tea.npy,./dataset/Breakfast/gt_arr/P03_stereo01_P03_tea.npy,./dataset/Breakfast/gt_boundary_arr/P03_stereo01_P03_tea.npy
./dataset/Breakfast/features_average/P03_webcam01_P03_cereals.npy,./dataset/Breakfast/gt_arr/P03_webcam01_P03_cereals.npy,./dataset/Breakfast/gt_boundary_arr/P03_webcam01_P03_cereals.npy
./dataset/Breakfast/features_average/P03_webcam01_P03_coffee.npy,./dataset/Breakfast/gt_arr/P03_webcam01_P03_coffee.npy,./dataset/Breakfast/gt_boundary_arr/P03_webcam01_P03_coffee.npy
./dataset/Breakfast/features_average/P03_webcam01_P03_friedegg.npy,./dataset/Breakfast/gt_arr/P03_webcam01_P03_friedegg.npy,./dataset/Breakfast/gt_boundary_arr/P03_webcam01_P03_friedegg.npy
./dataset/Breakfast/features_average/P03_webcam01_P03_milk.npy,./dataset/Breakfast/gt_arr/P03_webcam01_P03_milk.npy,./dataset/Breakfast/gt_boundary_arr/P03_webcam01_P03_milk.npy
./dataset/Breakfast/features_average/P03_webcam01_P03_salat.npy,./dataset/Breakfast/gt_arr/P03_webcam01_P03_salat.npy,./dataset/Breakfast/gt_boundary_arr/P03_webcam01_P03_salat.npy
./dataset/Breakfast/features_average/P03_webcam01_P03_sandwich.npy,./dataset/Breakfast/gt_arr/P03_webcam01_P03_sandwich.npy,./dataset/Breakfast/gt_boundary_arr/P03_webcam01_P03_sandwich.npy
./dataset/Breakfast/features_average/P03_webcam01_P03_tea.npy,./dataset/Breakfast/gt_arr/P03_webcam01_P03_tea.npy,./dataset/Breakfast/gt_boundary_arr/P03_webcam01_P03_tea.npy
./dataset/Breakfast/features_average/P03_webcam02_P03_cereals.npy,./dataset/Breakfast/gt_arr/P03_webcam02_P03_cereals.npy,./dataset/Breakfast/gt_boundary_arr/P03_webcam02_P03_cereals.npy
./dataset/Breakfast/features_average/P03_webcam02_P03_coffee.npy,./dataset/Breakfast/gt_arr/P03_webcam02_P03_coffee.npy,./dataset/Breakfast/gt_boundary_arr/P03_webcam02_P03_coffee.npy
./dataset/Breakfast/features_average/P03_webcam02_P03_friedegg.npy,./dataset/Breakfast/gt_arr/P03_webcam02_P03_friedegg.npy,./dataset/Breakfast/gt_boundary_arr/P03_webcam02_P03_friedegg.npy
./dataset/Breakfast/features_average/P03_webcam02_P03_milk.npy,./dataset/Breakfast/gt_arr/P03_webcam02_P03_milk.npy,./dataset/Breakfast/gt_boundary_arr/P03_webcam02_P03_milk.npy
./dataset/Breakfast/features_average/P03_webcam02_P03_salat.npy,./dataset/Breakfast/gt_arr/P03_webcam02_P03_salat.npy,./dataset/Breakfast/gt_boundary_arr/P03_webcam02_P03_salat.npy
./dataset/Breakfast/features_average/P03_webcam02_P03_sandwich.npy,./dataset/Breakfast/gt_arr/P03_webcam02_P03_sandwich.npy,./dataset/Breakfast/gt_boundary_arr/P03_webcam02_P03_sandwich.npy
./dataset/Breakfast/features_average/P03_webcam02_P03_tea.npy,./dataset/Breakfast/gt_arr/P03_webcam02_P03_tea.npy,./dataset/Breakfast/gt_boundary_arr/P03_webcam02_P03_tea.npy
./dataset/Breakfast/features_average/P04_cam01_P04_cereals.npy,./dataset/Breakfast/gt_arr/P04_cam01_P04_cereals.npy,./dataset/Breakfast/gt_boundary_arr/P04_cam01_P04_cereals.npy
./dataset/Breakfast/features_average/P04_cam01_P04_friedegg.npy,./dataset/Breakfast/gt_arr/P04_cam01_P04_friedegg.npy,./dataset/Breakfast/gt_boundary_arr/P04_cam01_P04_friedegg.npy
./dataset/Breakfast/features_average/P04_cam01_P04_milk.npy,./dataset/Breakfast/gt_arr/P04_cam01_P04_milk.npy,./dataset/Breakfast/gt_boundary_arr/P04_cam01_P04_milk.npy
./dataset/Breakfast/features_average/P04_cam01_P04_pancake.npy,./dataset/Breakfast/gt_arr/P04_cam01_P04_pancake.npy,./dataset/Breakfast/gt_boundary_arr/P04_cam01_P04_pancake.npy
./dataset/Breakfast/features_average/P04_cam01_P04_sandwich.npy,./dataset/Breakfast/gt_arr/P04_cam01_P04_sandwich.npy,./dataset/Breakfast/gt_boundary_arr/P04_cam01_P04_sandwich.npy
./dataset/Breakfast/features_average/P04_cam01_P04_scrambledegg.npy,./dataset/Breakfast/gt_arr/P04_cam01_P04_scrambledegg.npy,./dataset/Breakfast/gt_boundary_arr/P04_cam01_P04_scrambledegg.npy
./dataset/Breakfast/features_average/P04_cam01_P04_tea.npy,./dataset/Breakfast/gt_arr/P04_cam01_P04_tea.npy,./dataset/Breakfast/gt_boundary_arr/P04_cam01_P04_tea.npy
./dataset/Breakfast/features_average/P04_stereo01_P04_cereals.npy,./dataset/Breakfast/gt_arr/P04_stereo01_P04_cereals.npy,./dataset/Breakfast/gt_boundary_arr/P04_stereo01_P04_cereals.npy
./dataset/Breakfast/features_average/P04_stereo01_P04_friedegg.npy,./dataset/Breakfast/gt_arr/P04_stereo01_P04_friedegg.npy,./dataset/Breakfast/gt_boundary_arr/P04_stereo01_P04_friedegg.npy
./dataset/Breakfast/features_average/P04_stereo01_P04_milk.npy,./dataset/Breakfast/gt_arr/P04_stereo01_P04_milk.npy,./dataset/Breakfast/gt_boundary_arr/P04_stereo01_P04_milk.npy
./dataset/Breakfast/features_average/P04_stereo01_P04_pancake.npy,./dataset/Breakfast/gt_arr/P04_stereo01_P04_pancake.npy,./dataset/Breakfast/gt_boundary_arr/P04_stereo01_P04_pancake.npy
./dataset/Breakfast/features_average/P04_stereo01_P04_sandwich.npy,./dataset/Breakfast/gt_arr/P04_stereo01_P04_sandwich.npy,./dataset/Breakfast/gt_boundary_arr/P04_stereo01_P04_sandwich.npy
./dataset/Breakfast/features_average/P04_stereo01_P04_scrambledegg.npy,./dataset/Breakfast/gt_arr/P04_stereo01_P04_scrambledegg.npy,./dataset/Breakfast/gt_boundary_arr/P04_stereo01_P04_scrambledegg.npy
./dataset/Breakfast/features_average/P04_stereo01_P04_tea.npy,./dataset/Breakfast/gt_arr/P04_stereo01_P04_tea.npy,./dataset/Breakfast/gt_boundary_arr/P04_stereo01_P04_tea.npy
./dataset/Breakfast/features_average/P04_webcam01_P04_cereals.npy,./dataset/Breakfast/gt_arr/P04_webcam01_P04_cereals.npy,./dataset/Breakfast/gt_boundary_arr/P04_webcam01_P04_cereals.npy
./dataset/Breakfast/features_average/P04_webcam01_P04_friedegg.npy,./dataset/Breakfast/gt_arr/P04_webcam01_P04_friedegg.npy,./dataset/Breakfast/gt_boundary_arr/P04_webcam01_P04_friedegg.npy
./dataset/Breakfast/features_average/P04_webcam01_P04_milk.npy,./dataset/Breakfast/gt_arr/P04_webcam01_P04_milk.npy,./dataset/Breakfast/gt_boundary_arr/P04_webcam01_P04_milk.npy
./dataset/Breakfast/features_average/P04_webcam01_P04_pancake.npy,./dataset/Breakfast/gt_arr/P04_webcam01_P04_pancake.npy,./dataset/Breakfast/gt_boundary_arr/P04_webcam01_P04_pancake.npy
./dataset/Breakfast/features_average/P04_webcam01_P04_salat.npy,./dataset/Breakfast/gt_arr/P04_webcam01_P04_salat.npy,./dataset/Breakfast/gt_boundary_arr/P04_webcam01_P04_salat.npy
./dataset/Breakfast/features_average/P04_webcam01_P04_sandwich.npy,./dataset/Breakfast/gt_arr/P04_webcam01_P04_sandwich.npy,./dataset/Breakfast/gt_boundary_arr/P04_webcam01_P04_sandwich.npy
./dataset/Breakfast/features_average/P04_webcam01_P04_scrambledegg.npy,./dataset/Breakfast/gt_arr/P04_webcam01_P04_scrambledegg.npy,./dataset/Breakfast/gt_boundary_arr/P04_webcam01_P04_scrambledegg.npy
./dataset/Breakfast/features_average/P04_webcam01_P04_tea.npy,./dataset/Breakfast/gt_arr/P04_webcam01_P04_tea.npy,./dataset/Breakfast/gt_boundary_arr/P04_webcam01_P04_tea.npy
./dataset/Breakfast/features_average/P04_webcam02_P04_cereals.npy,./dataset/Breakfast/gt_arr/P04_webcam02_P04_cereals.npy,./dataset/Breakfast/gt_boundary_arr/P04_webcam02_P04_cereals.npy
./dataset/Breakfast/features_average/P04_webcam02_P04_friedegg.npy,./dataset/Breakfast/gt_arr/P04_webcam02_P04_friedegg.npy,./dataset/Breakfast/gt_boundary_arr/P04_webcam02_P04_friedegg.npy
./dataset/Breakfast/features_average/P04_webcam02_P04_milk.npy,./dataset/Breakfast/gt_arr/P04_webcam02_P04_milk.npy,./dataset/Breakfast/gt_boundary_arr/P04_webcam02_P04_milk.npy
./dataset/Breakfast/features_average/P04_webcam02_P04_pancake.npy,./dataset/Breakfast/gt_arr/P04_webcam02_P04_pancake.npy,./dataset/Breakfast/gt_boundary_arr/P04_webcam02_P04_pancake.npy
./dataset/Breakfast/features_average/P04_webcam02_P04_salat.npy,./dataset/Breakfast/gt_arr/P04_webcam02_P04_salat.npy,./dataset/Breakfast/gt_boundary_arr/P04_webcam02_P04_salat.npy
./dataset/Breakfast/features_average/P04_webcam02_P04_sandwich.npy,./dataset/Breakfast/gt_arr/P04_webcam02_P04_sandwich.npy,./dataset/Breakfast/gt_boundary_arr/P04_webcam02_P04_sandwich.npy
./dataset/Breakfast/features_average/P04_webcam02_P04_scrambledegg.npy,./dataset/Breakfast/gt_arr/P04_webcam02_P04_scrambledegg.npy,./dataset/Breakfast/gt_boundary_arr/P04_webcam02_P04_scrambledegg.npy
./dataset/Breakfast/features_average/P04_webcam02_P04_tea.npy,./dataset/Breakfast/gt_arr/P04_webcam02_P04_tea.npy,./dataset/Breakfast/gt_boundary_arr/P04_webcam02_P04_tea.npy
./dataset/Breakfast/features_average/P05_cam01_P05_cereals.npy,./dataset/Breakfast/gt_arr/P05_cam01_P05_cereals.npy,./dataset/Breakfast/gt_boundary_arr/P05_cam01_P05_cereals.npy
./dataset/Breakfast/features_average/P05_cam01_P05_coffee.npy,./dataset/Breakfast/gt_arr/P05_cam01_P05_coffee.npy,./dataset/Breakfast/gt_boundary_arr/P05_cam01_P05_coffee.npy
./dataset/Breakfast/features_average/P05_cam01_P05_friedegg.npy,./dataset/Breakfast/gt_arr/P05_cam01_P05_friedegg.npy,./dataset/Breakfast/gt_boundary_arr/P05_cam01_P05_friedegg.npy
./dataset/Breakfast/features_average/P05_cam01_P05_juice.npy,./dataset/Breakfast/gt_arr/P05_cam01_P05_juice.npy,./dataset/Breakfast/gt_boundary_arr/P05_cam01_P05_juice.npy
./dataset/Breakfast/features_average/P05_cam01_P05_pancake.npy,./dataset/Breakfast/gt_arr/P05_cam01_P05_pancake.npy,./dataset/Breakfast/gt_boundary_arr/P05_cam01_P05_pancake.npy
./dataset/Breakfast/features_average/P05_cam01_P05_salat.npy,./dataset/Breakfast/gt_arr/P05_cam01_P05_salat.npy,./dataset/Breakfast/gt_boundary_arr/P05_cam01_P05_salat.npy
./dataset/Breakfast/features_average/P05_cam01_P05_sandwich.npy,./dataset/Breakfast/gt_arr/P05_cam01_P05_sandwich.npy,./dataset/Breakfast/gt_boundary_arr/P05_cam01_P05_sandwich.npy
./dataset/Breakfast/features_average/P05_cam01_P05_scrambledegg.npy,./dataset/Breakfast/gt_arr/P05_cam01_P05_scrambledegg.npy,./dataset/Breakfast/gt_boundary_arr/P05_cam01_P05_scrambledegg.npy
./dataset/Breakfast/features_average/P05_cam01_P05_tea.npy,./dataset/Breakfast/gt_arr/P05_cam01_P05_tea.npy,./dataset/Breakfast/gt_boundary_arr/P05_cam01_P05_tea.npy
./dataset/Breakfast/features_average/P05_stereo01_P05_juice.npy,./dataset/Breakfast/gt_arr/P05_stereo01_P05_juice.npy,./dataset/Breakfast/gt_boundary_arr/P05_stereo01_P05_juice.npy
./dataset/Breakfast/features_average/P05_stereo01_P05_milk.npy,./dataset/Breakfast/gt_arr/P05_stereo01_P05_milk.npy,./dataset/Breakfast/gt_boundary_arr/P05_stereo01_P05_milk.npy
./dataset/Breakfast/features_average/P06_cam01_P06_cereals.npy,./dataset/Breakfast/gt_arr/P06_cam01_P06_cereals.npy,./dataset/Breakfast/gt_boundary_arr/P06_cam01_P06_cereals.npy
./dataset/Breakfast/features_average/P06_cam01_P06_coffee.npy,./dataset/Breakfast/gt_arr/P06_cam01_P06_coffee.npy,./dataset/Breakfast/gt_boundary_arr/P06_cam01_P06_coffee.npy
./dataset/Breakfast/features_average/P06_cam01_P06_friedegg.npy,./dataset/Breakfast/gt_arr/P06_cam01_P06_friedegg.npy,./dataset/Breakfast/gt_boundary_arr/P06_cam01_P06_friedegg.npy
./dataset/Breakfast/features_average/P06_cam01_P06_juice.npy,./dataset/Breakfast/gt_arr/P06_cam01_P06_juice.npy,./dataset/Breakfast/gt_boundary_arr/P06_cam01_P06_juice.npy
./dataset/Breakfast/features_average/P06_cam01_P06_milk.npy,./dataset/Breakfast/gt_arr/P06_cam01_P06_milk.npy,./dataset/Breakfast/gt_boundary_arr/P06_cam01_P06_milk.npy
./dataset/Breakfast/features_average/P06_cam01_P06_pancake.npy,./dataset/Breakfast/gt_arr/P06_cam01_P06_pancake.npy,./dataset/Breakfast/gt_boundary_arr/P06_cam01_P06_pancake.npy
./dataset/Breakfast/features_average/P06_cam01_P06_salat.npy,./dataset/Breakfast/gt_arr/P06_cam01_P06_salat.npy,./dataset/Breakfast/gt_boundary_arr/P06_cam01_P06_salat.npy
./dataset/Breakfast/features_average/P06_cam01_P06_sandwich.npy,./dataset/Breakfast/gt_arr/P06_cam01_P06_sandwich.npy,./dataset/Breakfast/gt_boundary_arr/P06_cam01_P06_sandwich.npy
./dataset/Breakfast/features_average/P06_cam01_P06_scrambledegg.npy,./dataset/Breakfast/gt_arr/P06_cam01_P06_scrambledegg.npy,./dataset/Breakfast/gt_boundary_arr/P06_cam01_P06_scrambledegg.npy
./dataset/Breakfast/features_average/P06_cam01_P06_tea.npy,./dataset/Breakfast/gt_arr/P06_cam01_P06_tea.npy,./dataset/Breakfast/gt_boundary_arr/P06_cam01_P06_tea.npy
./dataset/Breakfast/features_average/P06_stereo01_P06_scrambledegg.npy,./dataset/Breakfast/gt_arr/P06_stereo01_P06_scrambledegg.npy,./dataset/Breakfast/gt_boundary_arr/P06_stereo01_P06_scrambledegg.npy
./dataset/Breakfast/features_average/P07_cam01_P07_milk.npy,./dataset/Breakfast/gt_arr/P07_cam01_P07_milk.npy,./dataset/Breakfast/gt_boundary_arr/P07_cam01_P07_milk.npy
./dataset/Breakfast/features_average/P07_cam01_P07_salat.npy,./dataset/Breakfast/gt_arr/P07_cam01_P07_salat.npy,./dataset/Breakfast/gt_boundary_arr/P07_cam01_P07_salat.npy
./dataset/Breakfast/features_average/P07_cam01_P07_scrambledegg.npy,./dataset/Breakfast/gt_arr/P07_cam01_P07_scrambledegg.npy,./dataset/Breakfast/gt_boundary_arr/P07_cam01_P07_scrambledegg.npy
./dataset/Breakfast/features_average/P07_stereo01_P07_friedegg.npy,./dataset/Breakfast/gt_arr/P07_stereo01_P07_friedegg.npy,./dataset/Breakfast/gt_boundary_arr/P07_stereo01_P07_friedegg.npy
./dataset/Breakfast/features_average/P07_stereo01_P07_juice.npy,./dataset/Breakfast/gt_arr/P07_stereo01_P07_juice.npy,./dataset/Breakfast/gt_boundary_arr/P07_stereo01_P07_juice.npy
./dataset/Breakfast/features_average/P07_stereo01_P07_milk.npy,./dataset/Breakfast/gt_arr/P07_stereo01_P07_milk.npy,./dataset/Breakfast/gt_boundary_arr/P07_stereo01_P07_milk.npy
./dataset/Breakfast/features_average/P07_stereo01_P07_sandwich.npy,./dataset/Breakfast/gt_arr/P07_stereo01_P07_sandwich.npy,./dataset/Breakfast/gt_boundary_arr/P07_stereo01_P07_sandwich.npy
./dataset/Breakfast/features_average/P07_stereo01_P07_scrambledegg.npy,./dataset/Breakfast/gt_arr/P07_stereo01_P07_scrambledegg.npy,./dataset/Breakfast/gt_boundary_arr/P07_stereo01_P07_scrambledegg.npy
./dataset/Breakfast/features_average/P07_stereo01_P07_tea.npy,./dataset/Breakfast/gt_arr/P07_stereo01_P07_tea.npy,./dataset/Breakfast/gt_boundary_arr/P07_stereo01_P07_tea.npy
./dataset/Breakfast/features_average/P07_webcam01_P07_cereals.npy,./dataset/Breakfast/gt_arr/P07_webcam01_P07_cereals.npy,./dataset/Breakfast/gt_boundary_arr/P07_webcam01_P07_cereals.npy
./dataset/Breakfast/features_average/P07_webcam01_P07_friedegg.npy,./dataset/Breakfast/gt_arr/P07_webcam01_P07_friedegg.npy,./dataset/Breakfast/gt_boundary_arr/P07_webcam01_P07_friedegg.npy
./dataset/Breakfast/features_average/P07_webcam01_P07_juice.npy,./dataset/Breakfast/gt_arr/P07_webcam01_P07_juice.npy,./dataset/Breakfast/gt_boundary_arr/P07_webcam01_P07_juice.npy
./dataset/Breakfast/features_average/P07_webcam01_P07_milk.npy,./dataset/Breakfast/gt_arr/P07_webcam01_P07_milk.npy,./dataset/Breakfast/gt_boundary_arr/P07_webcam01_P07_milk.npy
./dataset/Breakfast/features_average/P07_webcam01_P07_pancake.npy,./dataset/Breakfast/gt_arr/P07_webcam01_P07_pancake.npy,./dataset/Breakfast/gt_boundary_arr/P07_webcam01_P07_pancake.npy
./dataset/Breakfast/features_average/P07_webcam01_P07_salat.npy,./dataset/Breakfast/gt_arr/P07_webcam01_P07_salat.npy,./dataset/Breakfast/gt_boundary_arr/P07_webcam01_P07_salat.npy
./dataset/Breakfast/features_average/P07_webcam01_P07_sandwich.npy,./dataset/Breakfast/gt_arr/P07_webcam01_P07_sandwich.npy,./dataset/Breakfast/gt_boundary_arr/P07_webcam01_P07_sandwich.npy
./dataset/Breakfast/features_average/P07_webcam01_P07_scrambledegg.npy,./dataset/Breakfast/gt_arr/P07_webcam01_P07_scrambledegg.npy,./dataset/Breakfast/gt_boundary_arr/P07_webcam01_P07_scrambledegg.npy
./dataset/Breakfast/features_average/P07_webcam01_P07_tea.npy,./dataset/Breakfast/gt_arr/P07_webcam01_P07_tea.npy,./dataset/Breakfast/gt_boundary_arr/P07_webcam01_P07_tea.npy
./dataset/Breakfast/features_average/P08_cam01_P08_juice.npy,./dataset/Breakfast/gt_arr/P08_cam01_P08_juice.npy,./dataset/Breakfast/gt_boundary_arr/P08_cam01_P08_juice.npy
./dataset/Breakfast/features_average/P08_cam01_P08_tea.npy,./dataset/Breakfast/gt_arr/P08_cam01_P08_tea.npy,./dataset/Breakfast/gt_boundary_arr/P08_cam01_P08_tea.npy
./dataset/Breakfast/features_average/P08_webcam01_P08_cereals.npy,./dataset/Breakfast/gt_arr/P08_webcam01_P08_cereals.npy,./dataset/Breakfast/gt_boundary_arr/P08_webcam01_P08_cereals.npy
./dataset/Breakfast/features_average/P08_webcam01_P08_coffee.npy,./dataset/Breakfast/gt_arr/P08_webcam01_P08_coffee.npy,./dataset/Breakfast/gt_boundary_arr/P08_webcam01_P08_coffee.npy
./dataset/Breakfast/features_average/P08_webcam01_P08_friedegg.npy,./dataset/Breakfast/gt_arr/P08_webcam01_P08_friedegg.npy,./dataset/Breakfast/gt_boundary_arr/P08_webcam01_P08_friedegg.npy
./dataset/Breakfast/features_average/P08_webcam01_P08_juice.npy,./dataset/Breakfast/gt_arr/P08_webcam01_P08_juice.npy,./dataset/Breakfast/gt_boundary_arr/P08_webcam01_P08_juice.npy
./dataset/Breakfast/features_average/P08_webcam01_P08_milk.npy,./dataset/Breakfast/gt_arr/P08_webcam01_P08_milk.npy,./dataset/Breakfast/gt_boundary_arr/P08_webcam01_P08_milk.npy
./dataset/Breakfast/features_average/P08_webcam01_P08_pancake.npy,./dataset/Breakfast/gt_arr/P08_webcam01_P08_pancake.npy,./dataset/Breakfast/gt_boundary_arr/P08_webcam01_P08_pancake.npy
./dataset/Breakfast/features_average/P08_webcam01_P08_salat.npy,./dataset/Breakfast/gt_arr/P08_webcam01_P08_salat.npy,./dataset/Breakfast/gt_boundary_arr/P08_webcam01_P08_salat.npy
./dataset/Breakfast/features_average/P08_webcam01_P08_sandwich.npy,./dataset/Breakfast/gt_arr/P08_webcam01_P08_sandwich.npy,./dataset/Breakfast/gt_boundary_arr/P08_webcam01_P08_sandwich.npy
./dataset/Breakfast/features_average/P08_webcam01_P08_scrambledegg.npy,./dataset/Breakfast/gt_arr/P08_webcam01_P08_scrambledegg.npy,./dataset/Breakfast/gt_boundary_arr/P08_webcam01_P08_scrambledegg.npy
./dataset/Breakfast/features_average/P08_webcam01_P08_tea.npy,./dataset/Breakfast/gt_arr/P08_webcam01_P08_tea.npy,./dataset/Breakfast/gt_boundary_arr/P08_webcam01_P08_tea.npy
./dataset/Breakfast/features_average/P09_cam01_P09_coffee.npy,./dataset/Breakfast/gt_arr/P09_cam01_P09_coffee.npy,./dataset/Breakfast/gt_boundary_arr/P09_cam01_P09_coffee.npy
./dataset/Breakfast/features_average/P09_cam01_P09_friedegg.npy,./dataset/Breakfast/gt_arr/P09_cam01_P09_friedegg.npy,./dataset/Breakfast/gt_boundary_arr/P09_cam01_P09_friedegg.npy
./dataset/Breakfast/features_average/P09_cam01_P09_juice.npy,./dataset/Breakfast/gt_arr/P09_cam01_P09_juice.npy,./dataset/Breakfast/gt_boundary_arr/P09_cam01_P09_juice.npy
./dataset/Breakfast/features_average/P09_cam01_P09_milk.npy,./dataset/Breakfast/gt_arr/P09_cam01_P09_milk.npy,./dataset/Breakfast/gt_boundary_arr/P09_cam01_P09_milk.npy
./dataset/Breakfast/features_average/P09_cam01_P09_scrambledegg.npy,./dataset/Breakfast/gt_arr/P09_cam01_P09_scrambledegg.npy,./dataset/Breakfast/gt_boundary_arr/P09_cam01_P09_scrambledegg.npy
./dataset/Breakfast/features_average/P09_cam01_P09_tea.npy,./dataset/Breakfast/gt_arr/P09_cam01_P09_tea.npy,./dataset/Breakfast/gt_boundary_arr/P09_cam01_P09_tea.npy
./dataset/Breakfast/features_average/P09_webcam01_P09_cereals.npy,./dataset/Breakfast/gt_arr/P09_webcam01_P09_cereals.npy,./dataset/Breakfast/gt_boundary_arr/P09_webcam01_P09_cereals.npy
./dataset/Breakfast/features_average/P09_webcam01_P09_coffee.npy,./dataset/Breakfast/gt_arr/P09_webcam01_P09_coffee.npy,./dataset/Breakfast/gt_boundary_arr/P09_webcam01_P09_coffee.npy
./dataset/Breakfast/features_average/P09_webcam01_P09_juice.npy,./dataset/Breakfast/gt_arr/P09_webcam01_P09_juice.npy,./dataset/Breakfast/gt_boundary_arr/P09_webcam01_P09_juice.npy
./dataset/Breakfast/features_average/P09_webcam01_P09_milk.npy,./dataset/Breakfast/gt_arr/P09_webcam01_P09_milk.npy,./dataset/Breakfast/gt_boundary_arr/P09_webcam01_P09_milk.npy
./dataset/Breakfast/features_average/P09_webcam01_P09_pancake.npy,./dataset/Breakfast/gt_arr/P09_webcam01_P09_pancake.npy,./dataset/Breakfast/gt_boundary_arr/P09_webcam01_P09_pancake.npy
./dataset/Breakfast/features_average/P09_webcam01_P09_salat.npy,./dataset/Breakfast/gt_arr/P09_webcam01_P09_salat.npy,./dataset/Breakfast/gt_boundary_arr/P09_webcam01_P09_salat.npy
./dataset/Breakfast/features_average/P09_webcam01_P09_sandwich.npy,./dataset/Breakfast/gt_arr/P09_webcam01_P09_sandwich.npy,./dataset/Breakfast/gt_boundary_arr/P09_webcam01_P09_sandwich.npy
./dataset/Breakfast/features_average/P09_webcam01_P09_scrambledegg.npy,./dataset/Breakfast/gt_arr/P09_webcam01_P09_scrambledegg.npy,./dataset/Breakfast/gt_boundary_arr/P09_webcam01_P09_scrambledegg.npy
./dataset/Breakfast/features_average/P09_webcam01_P09_tea.npy,./dataset/Breakfast/gt_arr/P09_webcam01_P09_tea.npy,./dataset/Breakfast/gt_boundary_arr/P09_webcam01_P09_tea.npy
./dataset/Breakfast/features_average/P10_cam01_P10_sandwich.npy,./dataset/Breakfast/gt_arr/P10_cam01_P10_sandwich.npy,./dataset/Breakfast/gt_boundary_arr/P10_cam01_P10_sandwich.npy
./dataset/Breakfast/features_average/P10_webcam01_P10_cereals.npy,./dataset/Breakfast/gt_arr/P10_webcam01_P10_cereals.npy,./dataset/Breakfast/gt_boundary_arr/P10_webcam01_P10_cereals.npy
./dataset/Breakfast/features_average/P10_webcam01_P10_coffee.npy,./dataset/Breakfast/gt_arr/P10_webcam01_P10_coffee.npy,./dataset/Breakfast/gt_boundary_arr/P10_webcam01_P10_coffee.npy
./dataset/Breakfast/features_average/P10_webcam01_P10_friedegg.npy,./dataset/Breakfast/gt_arr/P10_webcam01_P10_friedegg.npy,./dataset/Breakfast/gt_boundary_arr/P10_webcam01_P10_friedegg.npy
./dataset/Breakfast/features_average/P10_webcam01_P10_juice.npy,./dataset/Breakfast/gt_arr/P10_webcam01_P10_juice.npy,./dataset/Breakfast/gt_boundary_arr/P10_webcam01_P10_juice.npy
./dataset/Breakfast/features_average/P10_webcam01_P10_milk.npy,./dataset/Breakfast/gt_arr/P10_webcam01_P10_milk.npy,./dataset/Breakfast/gt_boundary_arr/P10_webcam01_P10_milk.npy
./dataset/Breakfast/features_average/P10_webcam01_P10_pancake.npy,./dataset/Breakfast/gt_arr/P10_webcam01_P10_pancake.npy,./dataset/Breakfast/gt_boundary_arr/P10_webcam01_P10_pancake.npy
./dataset/Breakfast/features_average/P10_webcam01_P10_salat.npy,./dataset/Breakfast/gt_arr/P10_webcam01_P10_salat.npy,./dataset/Breakfast/gt_boundary_arr/P10_webcam01_P10_salat.npy
./dataset/Breakfast/features_average/P10_webcam01_P10_tea.npy,./dataset/Breakfast/gt_arr/P10_webcam01_P10_tea.npy,./dataset/Breakfast/gt_boundary_arr/P10_webcam01_P10_tea.npy
./dataset/Breakfast/features_average/P11_cam01_P11_cereals.npy,./dataset/Breakfast/gt_arr/P11_cam01_P11_cereals.npy,./dataset/Breakfast/gt_boundary_arr/P11_cam01_P11_cereals.npy
./dataset/Breakfast/features_average/P11_cam01_P11_coffee.npy,./dataset/Breakfast/gt_arr/P11_cam01_P11_coffee.npy,./dataset/Breakfast/gt_boundary_arr/P11_cam01_P11_coffee.npy
./dataset/Breakfast/features_average/P11_cam01_P11_friedegg.npy,./dataset/Breakfast/gt_arr/P11_cam01_P11_friedegg.npy,./dataset/Breakfast/gt_boundary_arr/P11_cam01_P11_friedegg.npy
./dataset/Breakfast/features_average/P11_cam01_P11_milk.npy,./dataset/Breakfast/gt_arr/P11_cam01_P11_milk.npy,./dataset/Breakfast/gt_boundary_arr/P11_cam01_P11_milk.npy
./dataset/Breakfast/features_average/P11_cam01_P11_pancake.npy,./dataset/Breakfast/gt_arr/P11_cam01_P11_pancake.npy,./dataset/Breakfast/gt_boundary_arr/P11_cam01_P11_pancake.npy
./dataset/Breakfast/features_average/P11_cam01_P11_salat.npy,./dataset/Breakfast/gt_arr/P11_cam01_P11_salat.npy,./dataset/Breakfast/gt_boundary_arr/P11_cam01_P11_salat.npy
./dataset/Breakfast/features_average/P11_cam01_P11_sandwich.npy,./dataset/Breakfast/gt_arr/P11_cam01_P11_sandwich.npy,./dataset/Breakfast/gt_boundary_arr/P11_cam01_P11_sandwich.npy
./dataset/Breakfast/features_average/P11_cam01_P11_scrambledegg.npy,./dataset/Breakfast/gt_arr/P11_cam01_P11_scrambledegg.npy,./dataset/Breakfast/gt_boundary_arr/P11_cam01_P11_scrambledegg.npy
./dataset/Breakfast/features_average/P11_cam01_P11_tea.npy,./dataset/Breakfast/gt_arr/P11_cam01_P11_tea.npy,./dataset/Breakfast/gt_boundary_arr/P11_cam01_P11_tea.npy
./dataset/Breakfast/features_average/P11_stereo01_P11_milk.npy,./dataset/Breakfast/gt_arr/P11_stereo01_P11_milk.npy,./dataset/Breakfast/gt_boundary_arr/P11_stereo01_P11_milk.npy
./dataset/Breakfast/features_average/P11_webcam01_P11_cereals.npy,./dataset/Breakfast/gt_arr/P11_webcam01_P11_cereals.npy,./dataset/Breakfast/gt_boundary_arr/P11_webcam01_P11_cereals.npy
./dataset/Breakfast/features_average/P11_webcam01_P11_coffee.npy,./dataset/Breakfast/gt_arr/P11_webcam01_P11_coffee.npy,./dataset/Breakfast/gt_boundary_arr/P11_webcam01_P11_coffee.npy
./dataset/Breakfast/features_average/P11_webcam01_P11_friedegg.npy,./dataset/Breakfast/gt_arr/P11_webcam01_P11_friedegg.npy,./dataset/Breakfast/gt_boundary_arr/P11_webcam01_P11_friedegg.npy
./dataset/Breakfast/features_average/P11_webcam01_P11_milk.npy,./dataset/Breakfast/gt_arr/P11_webcam01_P11_milk.npy,./dataset/Breakfast/gt_boundary_arr/P11_webcam01_P11_milk.npy
./dataset/Breakfast/features_average/P11_webcam01_P11_pancake.npy,./dataset/Breakfast/gt_arr/P11_webcam01_P11_pancake.npy,./dataset/Breakfast/gt_boundary_arr/P11_webcam01_P11_pancake.npy
./dataset/Breakfast/features_average/P11_webcam01_P11_salat.npy,./dataset/Breakfast/gt_arr/P11_webcam01_P11_salat.npy,./dataset/Breakfast/gt_boundary_arr/P11_webcam01_P11_salat.npy
./dataset/Breakfast/features_average/P11_webcam01_P11_sandwich.npy,./dataset/Breakfast/gt_arr/P11_webcam01_P11_sandwich.npy,./dataset/Breakfast/gt_boundary_arr/P11_webcam01_P11_sandwich.npy
./dataset/Breakfast/features_average/P11_webcam01_P11_scrambledegg.npy,./dataset/Breakfast/gt_arr/P11_webcam01_P11_scrambledegg.npy,./dataset/Breakfast/gt_boundary_arr/P11_webcam01_P11_scrambledegg.npy
./dataset/Breakfast/features_average/P11_webcam01_P11_tea.npy,./dataset/Breakfast/gt_arr/P11_webcam01_P11_tea.npy,./dataset/Breakfast/gt_boundary_arr/P11_webcam01_P11_tea.npy
./dataset/Breakfast/features_average/P12_cam01_P12_cereals.npy,./dataset/Breakfast/gt_arr/P12_cam01_P12_cereals.npy,./dataset/Breakfast/gt_boundary_arr/P12_cam01_P12_cereals.npy
./dataset/Breakfast/features_average/P12_cam01_P12_coffee.npy,./dataset/Breakfast/gt_arr/P12_cam01_P12_coffee.npy,./dataset/Breakfast/gt_boundary_arr/P12_cam01_P12_coffee.npy
./dataset/Breakfast/features_average/P12_cam01_P12_friedegg.npy,./dataset/Breakfast/gt_arr/P12_cam01_P12_friedegg.npy,./dataset/Breakfast/gt_boundary_arr/P12_cam01_P12_friedegg.npy
./dataset/Breakfast/features_average/P12_cam01_P12_milk.npy,./dataset/Breakfast/gt_arr/P12_cam01_P12_milk.npy,./dataset/Breakfast/gt_boundary_arr/P12_cam01_P12_milk.npy
./dataset/Breakfast/features_average/P12_cam01_P12_pancake.npy,./dataset/Breakfast/gt_arr/P12_cam01_P12_pancake.npy,./dataset/Breakfast/gt_boundary_arr/P12_cam01_P12_pancake.npy
./dataset/Breakfast/features_average/P12_cam01_P12_salat.npy,./dataset/Breakfast/gt_arr/P12_cam01_P12_salat.npy,./dataset/Breakfast/gt_boundary_arr/P12_cam01_P12_salat.npy
./dataset/Breakfast/features_average/P12_cam01_P12_sandwich.npy,./dataset/Breakfast/gt_arr/P12_cam01_P12_sandwich.npy,./dataset/Breakfast/gt_boundary_arr/P12_cam01_P12_sandwich.npy
./dataset/Breakfast/features_average/P12_cam01_P12_scrambledegg.npy,./dataset/Breakfast/gt_arr/P12_cam01_P12_scrambledegg.npy,./dataset/Breakfast/gt_boundary_arr/P12_cam01_P12_scrambledegg.npy
./dataset/Breakfast/features_average/P12_cam01_P12_tea.npy,./dataset/Breakfast/gt_arr/P12_cam01_P12_tea.npy,./dataset/Breakfast/gt_boundary_arr/P12_cam01_P12_tea.npy
./dataset/Breakfast/features_average/P12_stereo01_P12_friedegg.npy,./dataset/Breakfast/gt_arr/P12_stereo01_P12_friedegg.npy,./dataset/Breakfast/gt_boundary_arr/P12_stereo01_P12_friedegg.npy
./dataset/Breakfast/features_average/P12_stereo01_P12_salat.npy,./dataset/Breakfast/gt_arr/P12_stereo01_P12_salat.npy,./dataset/Breakfast/gt_boundary_arr/P12_stereo01_P12_salat.npy
./dataset/Breakfast/features_average/P12_webcam01_P12_cereals.npy,./dataset/Breakfast/gt_arr/P12_webcam01_P12_cereals.npy,./dataset/Breakfast/gt_boundary_arr/P12_webcam01_P12_cereals.npy
./dataset/Breakfast/features_average/P12_webcam01_P12_coffee.npy,./dataset/Breakfast/gt_arr/P12_webcam01_P12_coffee.npy,./dataset/Breakfast/gt_boundary_arr/P12_webcam01_P12_coffee.npy
./dataset/Breakfast/features_average/P12_webcam01_P12_friedegg.npy,./dataset/Breakfast/gt_arr/P12_webcam01_P12_friedegg.npy,./dataset/Breakfast/gt_boundary_arr/P12_webcam01_P12_friedegg.npy
./dataset/Breakfast/features_average/P12_webcam01_P12_milk.npy,./dataset/Breakfast/gt_arr/P12_webcam01_P12_milk.npy,./dataset/Breakfast/gt_boundary_arr/P12_webcam01_P12_milk.npy
./dataset/Breakfast/features_average/P12_webcam01_P12_pancake.npy,./dataset/Breakfast/gt_arr/P12_webcam01_P12_pancake.npy,./dataset/Breakfast/gt_boundary_arr/P12_webcam01_P12_pancake.npy
./dataset/Breakfast/features_average/P12_webcam01_P12_salat.npy,./dataset/Breakfast/gt_arr/P12_webcam01_P12_salat.npy,./dataset/Breakfast/gt_boundary_arr/P12_webcam01_P12_salat.npy
./dataset/Breakfast/features_average/P12_webcam01_P12_sandwich.npy,./dataset/Breakfast/gt_arr/P12_webcam01_P12_sandwich.npy,./dataset/Breakfast/gt_boundary_arr/P12_webcam01_P12_sandwich.npy
./dataset/Breakfast/features_average/P12_webcam01_P12_scrambledegg.npy,./dataset/Breakfast/gt_arr/P12_webcam01_P12_scrambledegg.npy,./dataset/Breakfast/gt_boundary_arr/P12_webcam01_P12_scrambledegg.npy
./dataset/Breakfast/features_average/P12_webcam01_P12_tea.npy,./dataset/Breakfast/gt_arr/P12_webcam01_P12_tea.npy,./dataset/Breakfast/gt_boundary_arr/P12_webcam01_P12_tea.npy
./dataset/Breakfast/features_average/P13_cam01_P13_cereals.npy,./dataset/Breakfast/gt_arr/P13_cam01_P13_cereals.npy,./dataset/Breakfast/gt_boundary_arr/P13_cam01_P13_cereals.npy
./dataset/Breakfast/features_average/P13_cam01_P13_coffee.npy,./dataset/Breakfast/gt_arr/P13_cam01_P13_coffee.npy,./dataset/Breakfast/gt_boundary_arr/P13_cam01_P13_coffee.npy
./dataset/Breakfast/features_average/P13_cam01_P13_friedegg.npy,./dataset/Breakfast/gt_arr/P13_cam01_P13_friedegg.npy,./dataset/Breakfast/gt_boundary_arr/P13_cam01_P13_friedegg.npy
./dataset/Breakfast/features_average/P13_cam01_P13_milk.npy,./dataset/Breakfast/gt_arr/P13_cam01_P13_milk.npy,./dataset/Breakfast/gt_boundary_arr/P13_cam01_P13_milk.npy
./dataset/Breakfast/features_average/P13_cam01_P13_pancake.npy,./dataset/Breakfast/gt_arr/P13_cam01_P13_pancake.npy,./dataset/Breakfast/gt_boundary_arr/P13_cam01_P13_pancake.npy
./dataset/Breakfast/features_average/P13_cam01_P13_salat.npy,./dataset/Breakfast/gt_arr/P13_cam01_P13_salat.npy,./dataset/Breakfast/gt_boundary_arr/P13_cam01_P13_salat.npy
./dataset/Breakfast/features_average/P13_cam01_P13_sandwich.npy,./dataset/Breakfast/gt_arr/P13_cam01_P13_sandwich.npy,./dataset/Breakfast/gt_boundary_arr/P13_cam01_P13_sandwich.npy
./dataset/Breakfast/features_average/P13_cam01_P13_scrambledegg.npy,./dataset/Breakfast/gt_arr/P13_cam01_P13_scrambledegg.npy,./dataset/Breakfast/gt_boundary_arr/P13_cam01_P13_scrambledegg.npy
./dataset/Breakfast/features_average/P13_cam01_P13_tea.npy,./dataset/Breakfast/gt_arr/P13_cam01_P13_tea.npy,./dataset/Breakfast/gt_boundary_arr/P13_cam01_P13_tea.npy
./dataset/Breakfast/features_average/P13_stereo01_P13_cereals.npy,./dataset/Breakfast/gt_arr/P13_stereo01_P13_cereals.npy,./dataset/Breakfast/gt_boundary_arr/P13_stereo01_P13_cereals.npy
./dataset/Breakfast/features_average/P13_stereo01_P13_milk.npy,./dataset/Breakfast/gt_arr/P13_stereo01_P13_milk.npy,./dataset/Breakfast/gt_boundary_arr/P13_stereo01_P13_milk.npy
./dataset/Breakfast/features_average/P13_stereo01_P13_pancake.npy,./dataset/Breakfast/gt_arr/P13_stereo01_P13_pancake.npy,./dataset/Breakfast/gt_boundary_arr/P13_stereo01_P13_pancake.npy
./dataset/Breakfast/features_average/P13_stereo01_P13_scrambledegg.npy,./dataset/Breakfast/gt_arr/P13_stereo01_P13_scrambledegg.npy,./dataset/Breakfast/gt_boundary_arr/P13_stereo01_P13_scrambledegg.npy
./dataset/Breakfast/features_average/P13_stereo01_P13_tea.npy,./dataset/Breakfast/gt_arr/P13_stereo01_P13_tea.npy,./dataset/Breakfast/gt_boundary_arr/P13_stereo01_P13_tea.npy
./dataset/Breakfast/features_average/P13_webcam01_P13_cereals.npy,./dataset/Breakfast/gt_arr/P13_webcam01_P13_cereals.npy,./dataset/Breakfast/gt_boundary_arr/P13_webcam01_P13_cereals.npy
./dataset/Breakfast/features_average/P13_webcam01_P13_coffee.npy,./dataset/Breakfast/gt_arr/P13_webcam01_P13_coffee.npy,./dataset/Breakfast/gt_boundary_arr/P13_webcam01_P13_coffee.npy
./dataset/Breakfast/features_average/P13_webcam01_P13_friedegg.npy,./dataset/Breakfast/gt_arr/P13_webcam01_P13_friedegg.npy,./dataset/Breakfast/gt_boundary_arr/P13_webcam01_P13_friedegg.npy
./dataset/Breakfast/features_average/P13_webcam01_P13_milk.npy,./dataset/Breakfast/gt_arr/P13_webcam01_P13_milk.npy,./dataset/Breakfast/gt_boundary_arr/P13_webcam01_P13_milk.npy
./dataset/Breakfast/features_average/P13_webcam01_P13_pancake.npy,./dataset/Breakfast/gt_arr/P13_webcam01_P13_pancake.npy,./dataset/Breakfast/gt_boundary_arr/P13_webcam01_P13_pancake.npy
./dataset/Breakfast/features_average/P13_webcam01_P13_salat.npy,./dataset/Breakfast/gt_arr/P13_webcam01_P13_salat.npy,./dataset/Breakfast/gt_boundary_arr/P13_webcam01_P13_salat.npy
./dataset/Breakfast/features_average/P13_webcam01_P13_sandwich.npy,./dataset/Breakfast/gt_arr/P13_webcam01_P13_sandwich.npy,./dataset/Breakfast/gt_boundary_arr/P13_webcam01_P13_sandwich.npy
./dataset/Breakfast/features_average/P13_webcam01_P13_scrambledegg.npy,./dataset/Breakfast/gt_arr/P13_webcam01_P13_scrambledegg.npy,./dataset/Breakfast/gt_boundary_arr/P13_webcam01_P13_scrambledegg.npy
./dataset/Breakfast/features_average/P13_webcam01_P13_tea.npy,./dataset/Breakfast/gt_arr/P13_webcam01_P13_tea.npy,./dataset/Breakfast/gt_boundary_arr/P13_webcam01_P13_tea.npy
./dataset/Breakfast/features_average/P14_cam01_P14_cereals.npy,./dataset/Breakfast/gt_arr/P14_cam01_P14_cereals.npy,./dataset/Breakfast/gt_boundary_arr/P14_cam01_P14_cereals.npy
./dataset/Breakfast/features_average/P14_cam01_P14_coffee.npy,./dataset/Breakfast/gt_arr/P14_cam01_P14_coffee.npy,./dataset/Breakfast/gt_boundary_arr/P14_cam01_P14_coffee.npy
./dataset/Breakfast/features_average/P14_cam01_P14_friedegg.npy,./dataset/Breakfast/gt_arr/P14_cam01_P14_friedegg.npy,./dataset/Breakfast/gt_boundary_arr/P14_cam01_P14_friedegg.npy
./dataset/Breakfast/features_average/P14_cam01_P14_juice.npy,./dataset/Breakfast/gt_arr/P14_cam01_P14_juice.npy,./dataset/Breakfast/gt_boundary_arr/P14_cam01_P14_juice.npy
./dataset/Breakfast/features_average/P14_cam01_P14_milk.npy,./dataset/Breakfast/gt_arr/P14_cam01_P14_milk.npy,./dataset/Breakfast/gt_boundary_arr/P14_cam01_P14_milk.npy
./dataset/Breakfast/features_average/P14_cam01_P14_pancake.npy,./dataset/Breakfast/gt_arr/P14_cam01_P14_pancake.npy,./dataset/Breakfast/gt_boundary_arr/P14_cam01_P14_pancake.npy
./dataset/Breakfast/features_average/P14_cam01_P14_salat.npy,./dataset/Breakfast/gt_arr/P14_cam01_P14_salat.npy,./dataset/Breakfast/gt_boundary_arr/P14_cam01_P14_salat.npy
./dataset/Breakfast/features_average/P14_cam01_P14_sandwich.npy,./dataset/Breakfast/gt_arr/P14_cam01_P14_sandwich.npy,./dataset/Breakfast/gt_boundary_arr/P14_cam01_P14_sandwich.npy
./dataset/Breakfast/features_average/P14_cam01_P14_scrambledegg.npy,./dataset/Breakfast/gt_arr/P14_cam01_P14_scrambledegg.npy,./dataset/Breakfast/gt_boundary_arr/P14_cam01_P14_scrambledegg.npy
./dataset/Breakfast/features_average/P14_cam01_P14_tea.npy,./dataset/Breakfast/gt_arr/P14_cam01_P14_tea.npy,./dataset/Breakfast/gt_boundary_arr/P14_cam01_P14_tea.npy
./dataset/Breakfast/features_average/P14_stereo01_P14_cereals.npy,./dataset/Breakfast/gt_arr/P14_stereo01_P14_cereals.npy,./dataset/Breakfast/gt_boundary_arr/P14_stereo01_P14_cereals.npy
./dataset/Breakfast/features_average/P14_stereo01_P14_coffee.npy,./dataset/Breakfast/gt_arr/P14_stereo01_P14_coffee.npy,./dataset/Breakfast/gt_boundary_arr/P14_stereo01_P14_coffee.npy
./dataset/Breakfast/features_average/P14_stereo01_P14_friedegg.npy,./dataset/Breakfast/gt_arr/P14_stereo01_P14_friedegg.npy,./dataset/Breakfast/gt_boundary_arr/P14_stereo01_P14_friedegg.npy
./dataset/Breakfast/features_average/P14_stereo01_P14_juice.npy,./dataset/Breakfast/gt_arr/P14_stereo01_P14_juice.npy,./dataset/Breakfast/gt_boundary_arr/P14_stereo01_P14_juice.npy
./dataset/Breakfast/features_average/P14_stereo01_P14_milk.npy,./dataset/Breakfast/gt_arr/P14_stereo01_P14_milk.npy,./dataset/Breakfast/gt_boundary_arr/P14_stereo01_P14_milk.npy
./dataset/Breakfast/features_average/P14_stereo01_P14_salat.npy,./dataset/Breakfast/gt_arr/P14_stereo01_P14_salat.npy,./dataset/Breakfast/gt_boundary_arr/P14_stereo01_P14_salat.npy
./dataset/Breakfast/features_average/P14_stereo01_P14_sandwich.npy,./dataset/Breakfast/gt_arr/P14_stereo01_P14_sandwich.npy,./dataset/Breakfast/gt_boundary_arr/P14_stereo01_P14_sandwich.npy
./dataset/Breakfast/features_average/P14_stereo01_P14_scrambledegg.npy,./dataset/Breakfast/gt_arr/P14_stereo01_P14_scrambledegg.npy,./dataset/Breakfast/gt_boundary_arr/P14_stereo01_P14_scrambledegg.npy
./dataset/Breakfast/features_average/P14_stereo01_P14_tea.npy,./dataset/Breakfast/gt_arr/P14_stereo01_P14_tea.npy,./dataset/Breakfast/gt_boundary_arr/P14_stereo01_P14_tea.npy
./dataset/Breakfast/features_average/P14_webcam01_P14_cereals.npy,./dataset/Breakfast/gt_arr/P14_webcam01_P14_cereals.npy,./dataset/Breakfast/gt_boundary_arr/P14_webcam01_P14_cereals.npy
./dataset/Breakfast/features_average/P14_webcam01_P14_coffee.npy,./dataset/Breakfast/gt_arr/P14_webcam01_P14_coffee.npy,./dataset/Breakfast/gt_boundary_arr/P14_webcam01_P14_coffee.npy
./dataset/Breakfast/features_average/P14_webcam01_P14_friedegg.npy,./dataset/Breakfast/gt_arr/P14_webcam01_P14_friedegg.npy,./dataset/Breakfast/gt_boundary_arr/P14_webcam01_P14_friedegg.npy
./dataset/Breakfast/features_average/P14_webcam01_P14_juice.npy,./dataset/Breakfast/gt_arr/P14_webcam01_P14_juice.npy,./dataset/Breakfast/gt_boundary_arr/P14_webcam01_P14_juice.npy
./dataset/Breakfast/features_average/P14_webcam01_P14_milk.npy,./dataset/Breakfast/gt_arr/P14_webcam01_P14_milk.npy,./dataset/Breakfast/gt_boundary_arr/P14_webcam01_P14_milk.npy
./dataset/Breakfast/features_average/P14_webcam01_P14_pancake.npy,./dataset/Breakfast/gt_arr/P14_webcam01_P14_pancake.npy,./dataset/Breakfast/gt_boundary_arr/P14_webcam01_P14_pancake.npy
./dataset/Breakfast/features_average/P14_webcam01_P14_salat.npy,./dataset/Breakfast/gt_arr/P14_webcam01_P14_salat.npy,./dataset/Breakfast/gt_boundary_arr/P14_webcam01_P14_salat.npy
./dataset/Breakfast/features_average/P14_webcam01_P14_sandwich.npy,./dataset/Breakfast/gt_arr/P14_webcam01_P14_sandwich.npy,./dataset/Breakfast/gt_boundary_arr/P14_webcam01_P14_sandwich.npy
./dataset/Breakfast/features_average/P14_webcam01_P14_scrambledegg.npy,./dataset/Breakfast/gt_arr/P14_webcam01_P14_scrambledegg.npy,./dataset/Breakfast/gt_boundary_arr/P14_webcam01_P14_scrambledegg.npy
./dataset/Breakfast/features_average/P14_webcam01_P14_tea.npy,./dataset/Breakfast/gt_arr/P14_webcam01_P14_tea.npy,./dataset/Breakfast/gt_boundary_arr/P14_webcam01_P14_tea.npy
./dataset/Breakfast/features_average/P15_cam01_P15_cereals.npy,./dataset/Breakfast/gt_arr/P15_cam01_P15_cereals.npy,./dataset/Breakfast/gt_boundary_arr/P15_cam01_P15_cereals.npy
./dataset/Breakfast/features_average/P15_cam01_P15_coffee.npy,./dataset/Breakfast/gt_arr/P15_cam01_P15_coffee.npy,./dataset/Breakfast/gt_boundary_arr/P15_cam01_P15_coffee.npy
./dataset/Breakfast/features_average/P15_cam01_P15_friedegg.npy,./dataset/Breakfast/gt_arr/P15_cam01_P15_friedegg.npy,./dataset/Breakfast/gt_boundary_arr/P15_cam01_P15_friedegg.npy
./dataset/Breakfast/features_average/P15_cam01_P15_juice.npy,./dataset/Breakfast/gt_arr/P15_cam01_P15_juice.npy,./dataset/Breakfast/gt_boundary_arr/P15_cam01_P15_juice.npy
./dataset/Breakfast/features_average/P15_cam01_P15_milk.npy,./dataset/Breakfast/gt_arr/P15_cam01_P15_milk.npy,./dataset/Breakfast/gt_boundary_arr/P15_cam01_P15_milk.npy
./dataset/Breakfast/features_average/P15_cam01_P15_pancake.npy,./dataset/Breakfast/gt_arr/P15_cam01_P15_pancake.npy,./dataset/Breakfast/gt_boundary_arr/P15_cam01_P15_pancake.npy
./dataset/Breakfast/features_average/P15_cam01_P15_salat.npy,./dataset/Breakfast/gt_arr/P15_cam01_P15_salat.npy,./dataset/Breakfast/gt_boundary_arr/P15_cam01_P15_salat.npy
./dataset/Breakfast/features_average/P15_cam01_P15_sandwich.npy,./dataset/Breakfast/gt_arr/P15_cam01_P15_sandwich.npy,./dataset/Breakfast/gt_boundary_arr/P15_cam01_P15_sandwich.npy
./dataset/Breakfast/features_average/P15_cam01_P15_scrambledegg.npy,./dataset/Breakfast/gt_arr/P15_cam01_P15_scrambledegg.npy,./dataset/Breakfast/gt_boundary_arr/P15_cam01_P15_scrambledegg.npy
./dataset/Breakfast/features_average/P15_cam01_P15_tea.npy,./dataset/Breakfast/gt_arr/P15_cam01_P15_tea.npy,./dataset/Breakfast/gt_boundary_arr/P15_cam01_P15_tea.npy
./dataset/Breakfast/features_average/P15_stereo01_P15_cereals.npy,./dataset/Breakfast/gt_arr/P15_stereo01_P15_cereals.npy,./dataset/Breakfast/gt_boundary_arr/P15_stereo01_P15_cereals.npy
./dataset/Breakfast/features_average/P15_stereo01_P15_coffee.npy,./dataset/Breakfast/gt_arr/P15_stereo01_P15_coffee.npy,./dataset/Breakfast/gt_boundary_arr/P15_stereo01_P15_coffee.npy
./dataset/Breakfast/features_average/P15_stereo01_P15_friedegg.npy,./dataset/Breakfast/gt_arr/P15_stereo01_P15_friedegg.npy,./dataset/Breakfast/gt_boundary_arr/P15_stereo01_P15_friedegg.npy
./dataset/Breakfast/features_average/P15_stereo01_P15_juice.npy,./dataset/Breakfast/gt_arr/P15_stereo01_P15_juice.npy,./dataset/Breakfast/gt_boundary_arr/P15_stereo01_P15_juice.npy
./dataset/Breakfast/features_average/P15_stereo01_P15_milk.npy,./dataset/Breakfast/gt_arr/P15_stereo01_P15_milk.npy,./dataset/Breakfast/gt_boundary_arr/P15_stereo01_P15_milk.npy
./dataset/Breakfast/features_average/P15_stereo01_P15_pancake.npy,./dataset/Breakfast/gt_arr/P15_stereo01_P15_pancake.npy,./dataset/Breakfast/gt_boundary_arr/P15_stereo01_P15_pancake.npy
./dataset/Breakfast/features_average/P15_stereo01_P15_salat.npy,./dataset/Breakfast/gt_arr/P15_stereo01_P15_salat.npy,./dataset/Breakfast/gt_boundary_arr/P15_stereo01_P15_salat.npy
./dataset/Breakfast/features_average/P15_stereo01_P15_sandwich.npy,./dataset/Breakfast/gt_arr/P15_stereo01_P15_sandwich.npy,./dataset/Breakfast/gt_boundary_arr/P15_stereo01_P15_sandwich.npy
./dataset/Breakfast/features_average/P15_stereo01_P15_scrambledegg.npy,./dataset/Breakfast/gt_arr/P15_stereo01_P15_scrambledegg.npy,./dataset/Breakfast/gt_boundary_arr/P15_stereo01_P15_scrambledegg.npy
./dataset/Breakfast/features_average/P15_stereo01_P15_tea.npy,./dataset/Breakfast/gt_arr/P15_stereo01_P15_tea.npy,./dataset/Breakfast/gt_boundary_arr/P15_stereo01_P15_tea.npy
./dataset/Breakfast/features_average/P15_webcam01_P15_cereals.npy,./dataset/Breakfast/gt_arr/P15_webcam01_P15_cereals.npy,./dataset/Breakfast/gt_boundary_arr/P15_webcam01_P15_cereals.npy
./dataset/Breakfast/features_average/P15_webcam01_P15_coffee.npy,./dataset/Breakfast/gt_arr/P15_webcam01_P15_coffee.npy,./dataset/Breakfast/gt_boundary_arr/P15_webcam01_P15_coffee.npy
./dataset/Breakfast/features_average/P15_webcam01_P15_friedegg.npy,./dataset/Breakfast/gt_arr/P15_webcam01_P15_friedegg.npy,./dataset/Breakfast/gt_boundary_arr/P15_webcam01_P15_friedegg.npy
./dataset/Breakfast/features_average/P15_webcam01_P15_juice.npy,./dataset/Breakfast/gt_arr/P15_webcam01_P15_juice.npy,./dataset/Breakfast/gt_boundary_arr/P15_webcam01_P15_juice.npy
./dataset/Breakfast/features_average/P15_webcam01_P15_milk.npy,./dataset/Breakfast/gt_arr/P15_webcam01_P15_milk.npy,./dataset/Breakfast/gt_boundary_arr/P15_webcam01_P15_milk.npy
./dataset/Breakfast/features_average/P15_webcam01_P15_pancake.npy,./dataset/Breakfast/gt_arr/P15_webcam01_P15_pancake.npy,./dataset/Breakfast/gt_boundary_arr/P15_webcam01_P15_pancake.npy
./dataset/Breakfast/features_average/P15_webcam01_P15_sandwich.npy,./dataset/Breakfast/gt_arr/P15_webcam01_P15_sandwich.npy,./dataset/Breakfast/gt_boundary_arr/P15_webcam01_P15_sandwich.npy
./dataset/Breakfast/features_average/P15_webcam01_P15_scrambledegg.npy,./dataset/Breakfast/gt_arr/P15_webcam01_P15_scrambledegg.npy,./dataset/Breakfast/gt_boundary_arr/P15_webcam01_P15_scrambledegg.npy
./dataset/Breakfast/features_average/P15_webcam01_P15_tea.npy,./dataset/Breakfast/gt_arr/P15_webcam01_P15_tea.npy,./dataset/Breakfast/gt_boundary_arr/P15_webcam01_P15_tea.npy
